simulation,precision_baseline,precision_trained_yolo,original_qwen_fp_filter,original_qwen_tp_retention,trained_qwen_fp_filter,trained_qwen_tp_retention,precision_original_qwen,precision_trained_qwen,false_alarm_share_baseline,false_alarm_share_trained_yolo,false_alarm_share_original_qwen,false_alarm_share_trained_qwen,delta_original_qwen_pp,delta_trained_qwen_pp,delta_trained_vs_original_qwen_pp,conditional_recall_original_qwen,conditional_recall_trained_qwen,delta_trained_yolo_vs_baseline_pp,false_alarm_share_relative_reduction_trained_yolo_pct,delta_original_qwen_vs_baseline_pp,false_alarm_share_relative_reduction_original_qwen_pct,delta_trained_qwen_vs_baseline_pp,false_alarm_share_relative_reduction_trained_qwen_pct
1,0.6508554873419341,0.923135987929468,0.6267883629613666,0.9568939716298341,0.9049986703557166,0.9885194504818954,0.9685464843391299,0.9920614641138618,0.3491445126580659,0.07686401207053195,0.03145351566087007,0.007938535886138243,4.541049640966188,6.892547618439371,2.3514979774731826,0.9214534541620625,0.9519076189825658,27.228050058753396,77.98504364701026,31.769099699719582,90.99126163507142,34.12059767719276,97.72628937350282
2,0.770444173790025,0.9662207290303847,0.5748182893281699,0.9654638572675046,0.8372964167534225,0.9927389935696551,0.9848372854596653,0.9943028892767812,0.22955582620997494,0.033779270969615305,0.015162714540334687,0.005697110723218768,1.8616556429280617,2.8082160246396537,0.946560381711592,0.9297059366279673,0.9559708826967048,19.577655524035965,85.28494287105684,21.439311166964025,93.39475944014362,22.385871548675617,97.5182025142731
3,0.7734013918182402,0.9245042065525985,0.3611414036247164,0.9095482132783652,0.8665271955547545,0.9688277496710234,0.9457536045779341,0.9888749631121584,0.2265986081817598,0.07549579344740154,0.054246395422065885,0.01112503688784161,2.1249398025335653,6.437075655955993,4.3121358534224274,0.8758612424162034,0.9329452404239483,15.110281473435826,66.68302861470153,17.235221275969394,76.06057872228693,21.54735712939182,95.09042135028562
4,0.6436798415378907,0.971618889077227,0.6525622985446204,0.9318216018085219,0.8735996063343336,0.9828417859940946,0.9892260941852958,0.9962574308824238,0.3563201584621093,0.028381110922772956,0.010773905814704166,0.0037425691175762,1.760720510806879,2.4638541805196756,0.7031336697127966,0.8973096906304284,0.9464402383646836,32.79390475393363,92.03494097968893,34.554625264740515,96.9763412035949,35.25775893445331,98.94966113235657
5,0.786984322214052,0.9678709839535401,0.5050174279553296,0.9665951998692847,0.8474259188356734,0.9404272838490406,0.9832850657626054,0.9946432320957149,0.213015677785948,0.0321290160464599,0.016714934237394563,0.005356767904285076,1.5414081809065339,2.6772248142174826,1.1358166333109487,0.9307953776519037,0.9055966437064835,18.08866617394881,84.91706508159214,19.630074354855342,92.15319059558104,20.76589098816629,97.48527058667113
6,0.6848692308534665,0.9338636486113977,0.5377965260396143,0.9581470565721617,0.8540153782443467,0.9827871913435303,0.9669654236052524,0.9895897876681445,0.3151307691465335,0.0661363513886023,0.033034576394747606,0.010410212331855462,3.3101774993854693,5.572613905674684,2.2624364062892144,0.9226601285509705,0.9463876657382143,24.899441775793118,79.01304541993188,28.20961927517859,89.5171847280369,30.4720556814678,96.69654208630615
7,0.7801004512128394,0.9499763430473049,0.44324567147438865,0.9239764577864548,0.6282364797811156,0.981080490901651,0.9692461543788815,0.9804366017812837,0.21989954878716056,0.05002365695269506,0.030753845621118492,0.019563398218716332,1.926981133157657,3.046025873397873,1.119044740240216,0.8897551074980675,0.9447441764238119,16.98758918344655,77.25158726855203,18.914570316604205,86.01459357659485,20.033615056844422,91.10348414691309
8,0.7088512585764627,0.9620989379874065,0.4969887714356771,0.954618303019517,0.8834730927529832,0.9513698045602895,0.9796644044603938,0.9951980457801511,0.2911487414235373,0.03790106201259347,0.020335595539606177,0.0048019542198488585,1.756546647298729,3.309910779274461,1.5533641319757319,0.9192620695743496,0.9161338858728714,25.324767941094382,86.98223395118222,27.081314588393113,93.01539294307861,28.634678720368846,98.35068693878934
9,0.8415870322043099,0.9625991663981867,0.549396172985314,0.9619531963237714,0.6296037932829731,0.9643172017089205,0.9821251030656634,0.9852955448747966,0.15841296779569014,0.037400833601813344,0.017874896934336637,0.014704455125203353,1.9525936667476707,2.269637847660999,0.3170441809133284,0.9263253001636317,0.9286017497937753,12.10121341938768,76.39029549017079,14.05380708613535,88.71626661436555,14.370851267048678,90.71764431295288
10,0.7746712592252621,0.9160802025756175,0.4822192812430901,0.9723939876212664,0.8378335549668858,0.9555433008263624,0.9534895566901731,0.9846911840043595,0.22532874077473786,0.08391979742438249,0.0465104433098269,0.01530881599564049,3.7409354114555593,6.8610981428742,3.120162731418641,0.9363793954871453,0.9201528082031637,14.140894335035536,62.756727288385505,17.881829746491096,79.35885002955588,21.001992477909738,93.20600827794765
11,0.7989969805649477,0.95507764844759,0.4824431997825314,0.9548148619106822,0.7599239842467812,0.9723438227961585,0.9751384092797895,0.9885200969762404,0.20100301943505228,0.04492235155240998,0.024861590720210547,0.011479903023759563,2.006076083219943,3.3442448528650415,1.3381687696450983,0.9194513485065828,0.936331088618523,15.60806678826423,77.65090709648507,17.614142871484173,87.63123519731812,18.95231164112927,94.28869125646696
12,0.7297394883361163,0.954082808800431,0.5702662953496105,0.9707116572398544,0.6866370262505798,0.9602870573213692,0.979138640581963,0.9845379066889572,0.27026051166388365,0.04591719119956905,0.020861359418037018,0.015462093311042757,2.5055831781532034,3.0455097888526295,0.539926610699426,0.9347593736383782,0.9247208700131703,22.43433204643146,83.01002580181779,24.939915224584663,92.28101830726135,25.47984183528409,94.27881890112286
13,0.7096394810602753,0.9308319323296894,0.521140498214554,0.9675724987063071,0.6994329089621157,0.9876162413088124,0.9645289353479567,0.9778855768606036,0.2903605189397247,0.06916806767031058,0.035471064652043305,0.022114423139396377,3.369700301826728,4.705364453091421,1.3356641512646927,0.9317364802357031,0.9510378620010785,22.11924512694141,76.1785562572751,25.48894542876814,87.78378521240808,26.82460958003283,92.38380506408068
14,0.7656249470534362,0.9791834138722605,0.42117168664053406,0.9680335334458612,0.7510626067065838,0.9808837480453368,0.9874478251164241,0.9946336228207319,0.2343750529465638,0.02081658612773951,0.01255217488357585,0.005366377179268134,0.8264411244163661,1.5450208948471378,0.7185797704307717,0.9321804396145329,0.9445547203399539,21.35584668188243,91.11825859193061,22.182287806298795,94.64440659286478,22.900867576729567,97.7103462540906
15,0.6291392548252693,0.923861428866201,0.6009761757206992,0.956132435964414,0.6396718653064465,0.9736761523605791,0.9667499117149755,0.9704039281693257,0.37086074517473067,0.07613857113379896,0.033250088285024515,0.029596071830674253,4.288848284877444,4.654249930312471,0.3654016454350262,0.9207201235212875,0.9376140726435206,29.472217404093172,79.46976806673719,33.76106568897062,91.03434679522127,34.12646733440564,92.01962671548587
16,0.6886129963951415,0.9555883193593796,0.5330944476690638,0.92168470922758,0.690121712581072,0.9632248003078998,0.976997942709768,0.9852685837194521,0.3113870036048585,0.0444116806406204,0.02300205729023197,0.01473141628054786,2.140962335038843,2.968026436007254,0.827064100968411,0.8875482385154473,0.9275498077039035,26.69753229642381,85.73746491456734,28.838494631462652,92.61303232827888,29.665558732431062,95.26909726160517
17,0.7679893060809887,0.970910273742289,0.5828841554444165,0.9303954673773398,0.6849584987631878,0.9692875461388277,0.9867457576582493,0.9903557842844894,0.2320106939190113,0.029089726257711,0.013254242341750655,0.009644215715510551,1.5835483915960347,1.944551054220045,0.3610026626240104,0.8959363759929938,0.9333880073929451,20.29209676613003,87.46190282596825,21.875645157726066,94.28722783511981,22.236647820350075,95.84320207288502
18,0.5786100779022746,0.9665795053791514,0.7221538921094375,0.9577661077336566,0.8011457072353877,0.9698443302141424,0.990069166986867,0.9929605259203022,0.4213899220977254,0.03342049462084862,0.009930833013133022,0.0070394740796978494,2.3489661607715595,2.638102054115077,0.2891358933435173,0.9222932889287062,0.9339241698358408,38.79694274768768,92.06898578530837,41.14590890845924,97.64331501719447,41.43504480180275,98.3294631146719
19,0.8140789684834068,0.9450096204972676,0.5820433505589924,0.9540960280009296,0.6185334121130621,0.9775172904252468,0.9751424846504756,0.9777960209228123,0.18592103151659323,0.054990379502732445,0.024857515349524406,0.02220397907718774,3.013286415320804,3.2786400425544704,0.2653536272336665,0.9187591380749692,0.9413129463354228,13.093065201386079,70.42272245685953,16.10635161670688,86.63006807419423,16.37170524394055,88.05730642947402
20,0.770304283215767,0.9787913345530489,0.4535828359424023,0.9213713194641223,0.7137445503026086,0.9931251436861375,0.98731274662421,0.9937931818052911,0.22969571678423295,0.021208665446951103,0.01268725337579002,0.0062068181947089185,0.8521412071161083,1.5001847252242184,0.6480435181081101,0.8872464557802658,0.9563427309570212,20.848705133728185,90.76662562808096,21.700846340844294,94.47649544649197,22.348889858952404,97.29780847392145
21,0.6470258232183268,0.9643779147986948,0.7775401328794589,0.9674948127770645,0.8742425757660399,0.9576875668234889,0.99157825467058,0.9951729651335932,0.3529741767816732,0.035622085201305165,0.008421745329419972,0.0048270348664067875,2.7200339871885193,3.0795050334898377,0.35947104630131843,0.9316616715630991,0.9222176569411374,31.735209158036803,89.90801946870502,34.455243145225324,97.61406191064535,34.81471419152664,98.63246798663334
22,0.7521954772856873,0.9171828783435716,0.5290394764883839,0.9739046223375127,0.6981573907707115,0.9896195245142491,0.958161972361893,0.9731973699817659,0.24780452271431275,0.0828171216564284,0.041838027638106956,0.02680263001823413,4.097909401832145,5.601449163819428,1.5035397619872826,0.9378340807694566,0.9529669495322398,16.498740105788436,66.57965692098927,20.59664950762058,83.1165197552343,22.10018926960786,89.18396253439886
23,0.7149968907953084,0.9242054126683369,0.6327858032599913,0.9784295574884772,0.5771868796232427,0.9857759037047771,0.9701397203692949,0.9660197969883416,0.28500310920469163,0.07579458733166311,0.029860279630705144,0.03398020301165838,4.593430770095797,4.181438432000473,-0.4119923380953239,0.9421914257296446,0.9492656850490445,20.920852187302852,73.4056980840771,25.51428295739865,89.522823202164,25.102290619303325,88.07725182139907
24,0.6557622603124662,0.909288286083828,0.5337655887052278,0.940971303255252,0.8275447965081317,0.987622905524896,0.9528983318578411,0.9828783081773703,0.3442377396875338,0.09071171391617205,0.04710166814215888,0.01712169182262968,4.361004577401317,7.359002209354237,2.99799763195292,0.9061205142457982,0.9510442793943442,25.352602577136174,73.64852732343888,29.713607154537492,86.31711090570334,32.71160478649041,95.02620141586709
25,0.6364773049690969,0.9540886325654284,0.38577186298664184,0.9551337178263047,0.6585035128464937,0.9921946515670107,0.9699834106570073,0.9837075325324701,0.36352269503090306,0.04591136743457158,0.030016589342992672,0.01629246746752988,1.589477809157891,2.96188999670417,1.3724121875462791,0.9197583949438489,0.9554467015089733,31.76113275963315,87.37042609384577,33.35061056879104,91.74285684132019,34.723022756337315,95.51817047732196
26,0.7283406221192101,0.8834246541460516,0.562793896932135,0.9822909106255375,0.7519878946045787,0.9784960835292341,0.9445250682513828,0.9676359416018511,0.27165937788078987,0.11657534585394835,0.05547493174861717,0.03236405839814893,6.110041410533118,8.421128745579942,2.311087335046824,0.9459097657875546,0.9422554878429661,15.508403202684152,57.08767841428828,21.61844461321727,79.57923183754002,23.929531948264092,88.08653003234403
27,0.6054114358011885,0.9698927573607017,0.4436514411344926,0.964040126500591,0.5614302814353526,0.9840612379904342,0.9824010028930088,0.9863542719136714,0.3945885641988115,0.030107242639298315,0.0175989971069912,0.013645728086328579,1.2508245532307116,1.6461514552969736,0.395326902066262,0.9283349366301987,0.9476145254722699,36.44813215595132,92.36996573876152,37.69895670918203,95.53991202387608,38.094283611248294,96.54178318268411
28,0.767630065547536,0.9751480697599852,0.5444085963115063,0.9543574851977096,0.7604764973741728,0.9802385405596266,0.9879800633627318,0.9938111524273109,0.232369934452464,0.024851930240014752,0.012019936637268192,0.006188847572689116,1.283199360274656,1.8663082667325637,0.5831089064579076,0.9190109116718684,0.9439334094277885,20.751800421244926,89.30501473928904,22.03499978151958,94.82724102599981,22.61810868797749,97.33664013493313
29,0.8164668637289768,0.9434133331343783,0.5197659008131931,0.9548725503390001,0.8262289576573726,0.9682362189615882,0.9707172122822242,0.9893497929085234,0.1835331362710232,0.05658666686562175,0.029282787717775816,0.010650207091476571,2.7303879147845933,4.593645977414518,1.8632580626299244,0.9195069003264444,0.932375618259307,12.694646940540144,69.16814695409538,15.425034855324737,84.04495868553461,17.288292917954664,94.19712030870032
30,0.7766432211438686,0.9379278885110299,0.3809387355171286,0.9221526406139939,0.860654007049387,0.9350861019322858,0.9574617781711051,0.9902341989389244,0.22335677885613137,0.06207211148897007,0.042538221828894884,0.009765801061075607,1.9533889660075188,5.2306310427894465,3.2772420767819277,0.8879988391097718,0.9004532833422011,16.128466736716128,72.2094346959794,18.081855702723647,80.95503434158377,21.359097779505575,95.62771225879561
31,0.5727607793564679,0.9675804196092402,0.5071162050045726,0.9071675247814215,0.7627147796667081,0.9876758481807778,0.9821210349270613,0.9920146371900266,0.42723922064353215,0.03241958039075976,0.017878965072938735,0.007985362809973418,1.4540615317821026,2.4434217580786344,0.9893602262965318,0.8735687275672948,0.9510952612111193,39.481964025277236,92.41184357046444,40.93602555705934,95.81523319745588,41.92538578335587,98.13093872843757
32,0.7773289891762099,0.9137364315077694,0.5822999617481577,0.9770581207910467,0.8408900244545697,0.9782010735108672,0.9612057847676174,0.9848763210751846,0.22267101082379015,0.0862635684922306,0.03879421523238258,0.015123678924815365,4.746935325984802,7.113988956741524,2.3670536307567214,0.9408707829839709,0.9419714041215758,13.640744233155955,61.25963223812059,18.387679559140757,82.57778815084185,20.75473318989748,93.20806113518593
33,0.6985328699460246,0.9598143928244698,0.6113168293731667,0.9308980569546169,0.8887573183114719,0.9785304696553524,0.9828189224177618,0.9952628388215066,0.3014671300539754,0.040185607175530214,0.01718107758223819,0.004737161178493432,2.3004529593292022,3.544844599703678,1.244391640374476,0.8964203511414829,0.9422886004088578,26.128152287844518,86.66998714973163,28.42860524717372,94.30084547553757,29.672996887548198,98.42863094970079
34,0.5274377561652137,0.9662213463253405,0.41953168601877483,0.9633804395529293,0.7772649192055577,0.980235438356176,0.979370280518789,0.9921188852877473,0.4725622438347863,0.03377865367465949,0.02062971948121095,0.007881114712252724,1.3148934193448536,2.5897538962406763,1.2748604768958227,0.9276996825324504,0.9439304221207621,43.87835901601268,92.85202021207837,45.193252435357536,95.63449688366907,46.46811291225335,98.33225891084771
35,0.5985978397047239,0.9358713821185879,0.5760207761893861,0.9561769056069922,0.7975931219399284,0.9745329551934527,0.9705121561806654,0.9859677549249759,0.4014021602952761,0.06412861788141211,0.029487843819334558,0.014032245075024097,3.464077406207755,5.009637280638801,1.5455598744310461,0.9207629461400665,0.9384391420381396,33.7273542413864,84.02384834345726,37.19143164759415,92.65379045353345,38.7369915220252,96.50419293590701
36,0.7067795722345922,0.9349119865930315,0.49490036230612366,0.9435648076527494,0.8599711850420219,0.97260766097855,0.9640710398609458,0.9900761856672544,0.2932204277654078,0.06508801340696846,0.03592896013905422,0.009923814332745584,2.9159053267914237,5.5164199074222875,2.600514580630864,0.9086179629248697,0.9365851550163814,22.813241435843935,77.80236053026893,25.72914676263536,87.7467745297066,28.32966134326622,96.61557879566114
37,0.7679422148437606,0.9444883027097514,0.4999614573436883,0.9526372810200892,0.7739366868795086,0.9526077601838987,0.9700726615261838,0.9862441217454845,0.23205778515623943,0.05551169729024863,0.029927338473816234,0.013755878254515519,2.5584358816432395,4.1755819035733115,1.6171460219300715,0.9173544187600858,0.9173259912881987,17.65460878659908,76.0785024933019,20.21304466824232,87.10349732345036,21.83019069017239,94.07221858760137
38,0.8291376378048428,0.9403132308752624,0.4728540737522451,0.9541393565384874,0.9050330709754338,0.9744343912558273,0.9661190775091131,0.9938518146753748,0.17086236219515716,0.05968676912473758,0.03388092249088692,0.006148185324625244,2.580584663385066,5.353858380011234,2.773273716626168,0.9188008618518767,0.9383442286167225,11.117559307041958,65.06733937310078,13.698143970427024,80.17063438922347,16.47141768705319,96.40167369475856
39,0.6429488270360677,0.9468200060073139,0.586643654773317,0.9620707357297038,0.7473720250924569,0.9706849297908968,0.9764363586089794,0.9855927362808019,0.3570511729639323,0.053179993992686136,0.02356364139102063,0.014407263719198093,2.9616352601665508,3.8772730273488043,0.9156377671822535,0.9264384862582332,0.9347336360949376,30.387117897124615,85.10577810143249,33.34875315729116,93.40048621170587,34.26439092447342,95.96493029287613
40,0.8004660167392139,0.9181510317976034,0.4079316144844223,0.963994046673004,0.8187903935877793,0.9811118260755948,0.9480905508154281,0.9838017029535215,0.19953398326078609,0.08184896820239662,0.051909449184571854,0.01619829704647846,2.9939519017824767,6.565067115591816,3.5711152138093394,0.9282905634628927,0.9447743510357579,11.768501505838946,58.97993571580136,14.762453407621424,73.98465748226583,18.333568621430764,91.88193570750919
41,0.6904563469393976,0.9307557212972628,0.5579052643764281,0.9867830952162591,0.9120475303396971,0.9496204169874021,0.9677445893293993,0.9931567254451564,0.3095436530606024,0.0692442787027372,0.03225541067060067,0.00684327455484357,3.6988868032136524,6.240100414789362,2.54121361157571,0.9502355731712124,0.914449290432313,24.02993743578652,77.63020562105321,27.728824239000172,89.57968921291831,30.270037850575882,97.78923764477774
42,0.7686357513939359,0.8802092996057951,0.6605712296376209,0.9738102844509567,0.8399847470925715,0.9780014228058704,0.954711931807755,0.9782181499648444,0.23136424860606408,0.11979070039420492,0.04528806819224496,0.021781850035155648,7.450263220195996,9.800885035904926,2.350621815708931,0.937743236878699,0.9417791478871345,11.157354821185915,48.224195779630406,18.60761804138191,80.42564118479886,20.958239857090845,90.58547283498288
43,0.7384196790565617,0.931576677586736,0.44414459168239484,0.9559271175133625,0.7182190780256822,0.9505046254719196,0.9590400562454572,0.9786897789367989,0.2615803209434383,0.06842332241326399,0.040959943754542816,0.02131022106320113,2.746337865872117,4.711310135006286,1.9649722691341687,0.9205224094573119,0.915300750454441,19.31569985301743,73.84232798305221,22.06203771888955,84.34135121219627,24.027009988023718,91.85327818761677
44,0.8218201480972159,0.903076586266492,0.35385143442490113,0.9403391142911748,0.8729210155908425,0.9661167579626836,0.9313169592559755,0.9860793313777856,0.17817985190278407,0.09692341373350799,0.06868304074402454,0.013920668622214416,2.8240372989483453,8.300274511129357,5.476237212181012,0.9055117396877979,0.9303346558159175,8.125643816927608,45.60360630090211,10.949681115875954,61.45297012509675,16.425918328056966,92.187293639794
45,0.7707264768048941,0.9153581557312754,0.34325155043243477,0.9168980583525675,0.7751330543816132,0.972011202242164,0.9378816241332688,0.9790561738883894,0.22927352319510585,0.08464184426872456,0.06211837586673119,0.02094382611161061,2.2523468401993374,6.369801815711396,4.117454975512058,0.8829388710061761,0.936010787344306,14.463167892638129,63.0825910078171,16.715514732837466,72.90643289244085,20.832969708349523,90.86513531098488
46,0.71964384458517,0.9628180813444165,0.47665863940606673,0.9723420744504394,0.6453787244711627,0.9775831429372366,0.9796380583652242,0.9861848072069838,0.28035615541483005,0.03718191865558351,0.020361941634775782,0.01381519279301624,1.681997702080773,2.3366725862567272,0.6546748841759542,0.936329405026349,0.9413763598654871,24.317423675924655,86.737612876533,25.999421378005426,92.73711625676734,26.654096262181383,95.07227056506945
47,0.81347274476894,0.9421538563824674,0.4410627391963898,0.9686543595062466,0.8718024424691322,0.9667840029678826,0.9657841844989417,0.9919242773292984,0.18652725523105995,0.0578461436175326,0.034215815501058344,0.008075722670701557,2.3630328116474253,4.977042094683104,2.6140092830356787,0.9327782721171263,0.9309771880431461,12.868111161352736,68.98783314756018,15.231143973000162,81.65639897575632,17.84515325603584,95.67048651378171
48,0.7592513766482937,0.9581711461154783,0.544681029500399,0.9245093417191397,0.7120601063100606,0.9696499481537677,0.9789525749889809,0.9872024753864879,0.24074862335170633,0.04182885388452173,0.021047425011019083,0.012797524613512135,2.078142887350265,2.90313292710096,0.8249900397506948,0.8902682549888011,0.9337369871110355,19.891976946718458,82.62550651290141,21.970119834068726,91.25750971366047,22.79510987381942,94.68427921400139
49,0.6808373304532678,0.9233949163890421,0.5546574123715186,0.9432288917870517,0.767707287353096,0.9745041765146164,0.9623069845250845,0.9806082267229381,0.3191626695467322,0.07660508361095786,0.03769301547491555,0.019391773277061874,3.891206813604231,5.721331033389598,1.8301242197853673,0.9082944883875312,0.9384114292362973,24.255758593577436,75.99810663328806,28.146965407181668,88.19003001558849,29.977089626967036,93.92417249028477
50,0.844160472799467,0.9793115977711515,0.46475236537027015,0.9290151786476664,0.7935551315040691,0.9676175179039092,0.9879750308941109,0.9955130278771156,0.15583952720053296,0.02068840222884849,0.012024969105889127,0.004486972122884403,0.8663433122959363,1.6201430105964088,0.7537996983004724,0.8946072090681231,0.9317798320556162,13.515112497168447,86.72454761606994,14.381455809464383,92.28374898082467,15.135255507764855,97.1207740401377
51,0.7655863325622271,0.9468510923380614,0.6893359028827134,0.9763234138156417,0.659658560008705,0.9658874295592231,0.9824522486987333,0.9806047680724055,0.23441366743777292,0.05314890766193858,0.017547751301266734,0.019395231927594514,3.560115636067185,3.375367573434407,-0.184748062632778,0.9401632873780252,0.9301138210570297,18.126475977583432,77.3268733675491,21.68659161365062,92.51419446098427,21.501843551017842,91.72606608667853
52,0.7923415808419262,0.9679010192212729,0.4545098422287068,0.9679895843108756,0.814224162249567,0.987444301718744,0.9816542661530425,0.993799372612029,0.20765841915807381,0.03209898077872708,0.01834573384695748,0.006200627387971003,1.3753246931769603,2.589835339075608,1.2145106458986477,0.9321381182252875,0.9508722905439756,17.555943837934674,84.542413012259,18.931268531111634,91.16542737764351,20.145779177010283,97.01402552657837
53,0.8275551456563457,0.917864082225019,0.5913059858311837,0.9647105546017157,0.6841566829175411,0.9824790854176221,0.9634744966907096,0.972036865402872,0.1724448543436543,0.08213591777498097,0.036525503309290386,0.02796313459712796,4.5610414465690585,5.417278317785302,0.8562368712162427,0.9289805340609114,0.9460909711428953,9.030893656867335,52.36974852766696,13.591935103436391,78.8190239434451,14.448171974652634,83.78430327564195
54,0.7971116863547651,0.9357646980917943,0.47223660345105334,0.8835840018879728,0.7385191437487945,0.9419964718193091,0.960613514780834,0.9813017776372633,0.20288831364523485,0.0642353019082057,0.03938648521916599,0.01869822236273666,2.484881668903971,4.553707954546904,2.068826285642933,0.8508586684847145,0.9071077136037791,13.865301173702916,68.33957523027874,16.350182842606888,80.58710996630582,18.41900912824982,90.78398256321856
55,0.7456355624815563,0.919640559520848,0.46584994217046133,0.9653274246675884,0.8044812102045789,0.9498829933875872,0.9538787979050944,0.9823316772326695,0.25436443751844373,0.080359440479152,0.046121202094905556,0.017668322767330547,3.4238238384246444,6.269111771182145,2.845287932757501,0.9295745570873073,0.9147021417806395,17.400499703929174,68.40775335454461,20.824323542353817,81.86806200392641,23.669611475111317,93.05393358454465
56,0.8040795021253477,0.9465545302489236,0.545779455373433,0.9549329641741526,0.8248217506941893,0.9264655731721648,0.9738453364698002,0.9894365903260155,0.19592049787465227,0.053445469751076446,0.026154663530199795,0.010563409673984503,2.729080622087665,4.288206007709194,1.5591253856215292,0.9195650766121469,0.8921520334250476,14.247502812357581,72.7208381303368,16.976583434445246,86.6503689946045,18.535708820066777,94.60831827778283
57,0.7752070210048643,0.9635814994445269,0.7583279671468317,0.9480410992049397,0.7493229185518187,0.9702105851881732,0.9904573582339515,0.9903292129766961,0.22479297899513573,0.03641850055547313,0.009542641766048465,0.009670787023303928,2.6875858789424667,2.6747713532169204,-0.01281452572554631,0.912928465901053,0.9342768598108333,18.83744784396626,83.79909340662228,21.525033722908727,95.75492001186791,21.512219197183178,95.6979141134505
58,0.7640995652548145,0.91778731304674,0.47930183395030734,0.9761134730852045,0.909104313946337,0.9712955456782397,0.9543951775273497,0.9916868954650996,0.23590043474518552,0.08221268695326,0.0456048224726503,0.008313104534900417,3.660786448060971,7.389958241835959,3.729171793774988,0.9399611222301968,0.9353216365790457,15.36877477919255,65.14941269944485,19.029561227253524,80.66776666948002,22.75873302102851,96.47601135458692
59,0.7320336092627703,0.9433784251551894,0.45538002617141643,0.9621781174139956,0.7527057354739783,0.9900912007219713,0.9671432283608279,0.9852302687235778,0.2679663907372297,0.05662157484481056,0.03285677163917211,0.014769731276422227,2.376480320563845,4.185184356838834,1.8087040362749884,0.9265418908431068,0.9534211562507872,21.134481589241915,78.86989682212267,23.51096190980576,87.73847289252339,25.31966594608075,94.48821501988077
60,0.7923560939405226,0.941989471323996,0.5747843068313214,0.9502932617009626,0.7392516933936392,0.9589406859484813,0.9731831964308629,0.9835305766920798,0.20764390605947736,0.05801052867600398,0.02681680356913707,0.016469423307920228,3.119372510686691,4.154110536808375,1.0347380261216843,0.9150972149712973,0.9234243642466856,14.963337738347338,72.06249401829905,18.08271024903403,87.08519595973326,19.117448275155713,92.06842925445511
61,0.8336080242633847,0.9691869123906792,0.6959731126663837,0.9495687861328183,0.8079368438203446,0.9536199162501151,0.9899233813518808,0.9936375494262256,0.16639197573661535,0.030813087609320777,0.010076618648119151,0.006362450573774381,2.0736468961201626,2.4450637035546396,0.371416807434477,0.9143995718316027,0.9183006600927034,13.557888812729457,81.48162645890127,15.63153570884962,93.94404772014391,16.002952516284097,96.1762275220257
62,0.8014220602835064,0.9587615604442634,0.5087213202041752,0.9338482667139669,0.8292977184462211,0.9908821846434117,0.977872844093744,0.9926446604485959,0.19857793971649362,0.041238439555736583,0.022127155906256024,0.007355339551404105,1.911128364948056,3.388310000433248,1.4771816354851919,0.8992612938727088,0.9541828444714334,15.733950016075704,79.2331214561839,17.645078381023758,88.85719333283113,19.122260016508953,96.29599362250147
63,0.7600680751413486,0.9362589621990336,0.6297205229930067,0.9464929993741209,0.7687658201982421,0.9661299771532942,0.9740570259603349,0.9839668054749001,0.23993192485865145,0.0637410378009664,0.025942974039665057,0.01603319452509988,3.779806376130135,4.770784327586652,0.9909779514565176,0.9114377031010052,0.9303473854068758,17.619088705768505,73.43369881331236,21.39889508189864,89.18736051696807,22.38987303335516,93.31760684429746
64,0.772727418876125,0.9521403728417236,0.48587569545446996,0.9453169083373605,0.7574639525878095,0.9679288400177614,0.9733899376608837,0.987561575347056,0.22727258112387505,0.04785962715827641,0.026610062339116336,0.01243842465294398,2.124956481916007,3.5421202505332428,1.4171637686172356,0.9103051709915323,0.9320796237208072,17.941295396559866,78.94175050874681,20.06625187847587,88.29156504162175,21.483415647093107,94.52708963332255
65,0.8669961533345373,0.942933283250675,0.5552198713953597,0.9810444498689177,0.799443624198441,0.9631562774430622,0.9732943702575758,0.987554772871718,0.13300384666546272,0.05706671674932495,0.026705629742424186,0.012445227128282,3.0361087006900767,4.462148962104296,1.4260402614142187,0.9447094702441429,0.9274838227229487,7.593712991613777,57.09393511537924,10.629821692303853,79.9211598672064,12.055861953718072,90.64295699688687
66,0.8140822548972175,0.9634906929848065,0.4317508454525983,0.9553661079943978,0.6105803030483993,0.9737852040546008,0.9779582859322709,0.9850727734375028,0.18591774510278247,0.036509307015193504,0.022041714067729146,0.014927226562497231,1.4467592947464358,2.1582080452696273,0.7114487505231915,0.9199821780686793,0.9377190853859119,14.940843808758897,80.36265607943461,16.387603103505334,88.14437317129484,17.099051854028524,91.97105873124436
67,0.7645995655316846,0.9492738011831151,0.5552288184424327,0.9546719769992756,0.8049038287011755,0.9788099866315904,0.9757090978672673,0.9894612291641478,0.23540043446831538,0.05072619881688489,0.02429090213273266,0.010538770835852196,2.643529668415223,4.01874279810327,1.3752131296880465,0.919313755628932,0.9425577649044944,18.467423565143047,78.45110229662188,21.11095323355827,89.6810291843356,22.48616636324632,95.52304529103549
68,0.5961753899923242,0.9383130421626319,0.4898516231828383,0.9223131047148814,0.7540008085066594,0.9712690037045372,0.9649125594940325,0.9836217359755247,0.4038246100076758,0.061686957837368106,0.03508744050596746,0.016378264024475286,2.6599517331400646,4.530869381289282,1.8709176481492173,0.8881533600958117,0.9352960776414061,34.21376521703077,84.72431934344081,36.87371695017083,91.31121788112405,38.74463459832005,95.94421349799262
69,0.7324899107903295,0.9480492189013303,0.6655193933959929,0.9621551600155965,0.659641756619642,0.9765674084870103,0.9813064544222297,0.981259587019278,0.26751008920967045,0.051950781098669685,0.018693545577770254,0.018740412980722043,3.325723552089943,3.321036811794764,-0.004686740295178904,0.9265197837187226,0.9403982452097136,21.555930811100076,80.57987971513425,24.88165436319002,93.0120222257791,24.876967622894842,92.9945023621021
70,0.7570545662296468,0.9421316898205359,0.5434018871338164,0.9842435253267059,0.7756982847812721,0.9783833427315217,0.9722949607912599,0.9861139149723702,0.24294543377035316,0.057868310179464144,0.027705039208740123,0.01388608502762978,3.016327097072402,4.398222515183436,1.3818954181110343,0.9477900614257168,0.9421469226303542,18.507712359088902,76.18053186619478,21.524039456161304,88.59618854374986,22.905934874272337,94.28427823806899
71,0.651522503085308,0.9473260968514801,0.5361250533500472,0.9744200523127048,0.7308328239481064,0.9746151582596178,0.9742127799202938,0.9848760061148395,0.348477496914692,0.05267390314851994,0.02578722007970624,0.015123993885160503,2.68866830688137,3.754990926335944,1.0663226194545739,0.9383304207455675,0.9385183005462985,29.580359376617203,84.88456109364944,32.26902768349858,92.60003291230625,33.335350302953145,95.6599797636681
72,0.7340184249253953,0.946325702813852,0.40107301473083473,0.9636956327799355,0.841723470142639,0.9887085831363756,0.96595020816711,0.9910019489101349,0.26598157507460474,0.05367429718614802,0.03404979183289003,0.008998051089865067,1.9624505353257993,4.467624609628295,2.5051740743024964,0.9280032019362342,0.9520897467239171,21.23072778884567,79.82029500686542,23.19317832417147,87.19843965758174,25.69835239847397,96.61703970008404
73,0.6661257115773113,0.9512361938421662,0.34558033485257184,0.9438715390051269,0.881726353837146,0.9721349795688053,0.965677051316069,0.9938017313763324,0.33387428842268874,0.04876380615783382,0.03432294868393104,0.006198268623667569,1.444085747390278,4.256553753416625,2.8124680060263474,0.9089133338567889,0.9361299803255162,28.511048226485492,85.39456081263188,29.955133973875768,89.7197987763353,32.76760197990212,98.1435322099974
74,0.7838091035500436,0.9455553335307204,0.5169914703193959,0.9502830984708194,0.8047599865971512,0.9377236030579593,0.9715657113805002,0.9881535881771945,0.21619089644995637,0.05444466646927959,0.028434288619499815,0.011846411822805547,2.6010377849779776,4.259825464647404,1.6587876796694268,0.9150874281570853,0.9029930992409978,16.17462299806768,74.8163926588452,18.775660783045655,86.84760131605182,20.434448462715082,94.52039284848067
75,0.8189171157232423,0.9493273295590542,0.4364587986306744,0.9637880216327381,0.7760988761392421,0.9936463072498177,0.9697340302385836,0.9881152551251067,0.18108288427675767,0.05067267044094581,0.030265969761416378,0.011884744874893327,2.0406700679529433,3.8787925566052484,1.838122488652305,0.9280921689796737,0.9568445921664911,13.041021383581185,72.01686363494171,15.08169145153413,83.28612343331166,16.919813940186433,93.4368480365437
76,0.7300127336552166,0.9310672725684412,0.6636690995902277,0.9695148431791226,0.6889911690243703,0.9788603448767346,0.974959483836732,0.9770174244654258,0.2699872663447834,0.06893272743155876,0.025040516163267967,0.022982575534574168,4.38922112682908,4.59501518969846,0.20579406286937996,0.9336068860243403,0.9426062580294481,20.105453891322465,74.46815608572844,24.494675018151547,90.72529734373089,24.700469081020927,91.48753352492388
77,0.7836505175870337,0.9353328777384484,0.5641774179959628,0.9326348799014001,0.7099863791275506,0.9841163603548364,0.9687027664954062,0.9800322267928583,0.21634948241296625,0.06466712226155158,0.03129723350459379,0.019967773207141715,3.336988875695779,4.4699349054409865,1.1329460297452076,0.8980928473124593,0.9476676062676201,15.168236015141467,70.1098789142858,18.505224890837248,85.53394574577541,19.638170920582454,90.77059349325025
78,0.6431033362926533,0.9294764367139833,0.5243167951923945,0.9678093264707809,0.8050006259164492,0.9567741385823587,0.9640480414334317,0.9847715691949774,0.35689666370734674,0.07052356328601672,0.0359519585665683,0.015228430805022564,3.4571604719448423,5.529513248099416,2.0723527761545735,0.9319645366014927,0.9213380593756046,28.637310042133002,80.23978073836923,32.09447051407784,89.92650752374398,34.166823290232415,95.73309802147386
79,0.7522436251114887,0.9322712218562038,0.3951476387784557,0.9522955027509242,0.75551450906828,0.9589806460892519,0.9558919931429934,0.9818153877344763,0.24775637488851132,0.06772877814379619,0.044108006857006554,0.018184612265523703,2.3620771286789632,4.954416587827248,2.592339459148285,0.9170252989453344,0.9234628443822426,18.002759674471513,72.66315420772777,20.364836803150478,82.19702444514098,22.957176262298763,92.66028481660396
80,0.7651585899026182,0.9393341987056674,0.5145733011233253,0.9411809217676537,0.6959436896810371,0.9693015236002787,0.9677638086559432,0.9801432358735196,0.2348414100973818,0.06066580129433263,0.03223619134405675,0.01985676412648041,2.842960995027588,4.0809037167852225,1.2379427217576344,0.9063223691095924,0.9334014671706387,17.417560880304915,74.16733221403487,20.260521875332504,86.2732082341486,21.498464597090138,91.54460701021749
81,0.6262750257655342,0.9333539825702948,0.37651249847000895,0.9182173526745511,0.8682730576990129,0.9369878349955213,0.9537568160912316,0.9900612778129966,0.3737249742344658,0.06664601742970522,0.04624318390876836,0.009938722187003424,2.040283352093686,5.670729524270179,3.6304461721764936,0.8842093025754936,0.902284581847539,30.70789568047606,82.16709558513658,32.748179032569745,87.62641324586552,36.37862520474624,97.3406320497147
82,0.7167164361693198,0.9505394434914891,0.44346519880932805,0.9175135214372183,0.8589275608433063,0.9272073726695366,0.9694033946138522,0.9921453030204338,0.2832835638306802,0.04946055650851089,0.030596605386147835,0.0078546969795662,1.8863951122363054,4.160585952894468,2.2741908406581635,0.8835315391617657,0.8928663588669611,23.382300732216933,82.5402660713229,25.268695844453237,89.19930087986484,27.5428866851114,97.22726695705474
83,0.8003502061034452,0.9647018842610764,0.5652206801342319,0.9668300036703352,0.7108373101556219,0.9681730781931174,0.9838121439242865,0.98918995880272,0.1996497938965548,0.03529811573892361,0.01618785607571349,0.010810041197280018,1.9110259663210116,2.448807454164359,0.5377814878433473,0.9310214850158783,0.9323148160378166,16.43516781576312,82.31998388277188,18.34619378208413,91.89187438675697,18.88397526992748,94.5854984438997
84,0.7083497868462676,0.9349640467233792,0.5793206205887174,0.9493117724973081,0.5553783890020202,0.9777242917288241,0.9700969092735149,0.9693374852746829,0.2916502131537324,0.06503595327662082,0.029903090726485115,0.030662514725317114,3.51328625501357,3.4373438551303703,-0.07594239988319984,0.91415207721963,0.9415122809240528,22.66142598771116,77.70070092753899,26.17471224272473,89.74693335446909,26.09876984284153,89.48654472295739
85,0.7187518101675714,0.9513290622816812,0.5857679785667762,0.9234090501868082,0.6791469670596196,0.9542328084724179,0.9775645929179845,0.9830884525390491,0.2812481898324286,0.04867093771831876,0.022435407082015524,0.016911547460950915,2.623553063630324,3.1759390257367848,0.5523859621064608,0.8892087149947041,0.918890852603069,23.257725211410985,82.69466632040634,25.881278275041307,92.0229150291126,26.43366423714777,93.98696664642463
86,0.8605333269696117,0.9426412532599256,0.596605807878019,0.9480957688057279,0.8870614437689223,0.9603246946111466,0.9747634558363215,0.9928947305499918,0.1394666730303883,0.05735874674007435,0.025236544163678487,0.0071052694500082225,3.2122202576395864,5.025347729006613,1.8131274713670265,0.912981110701812,0.9247571133292521,8.210792629031394,58.87279341095597,11.42301288667098,81.90496437942582,13.236140358038007,94.90539976639432
87,0.7683231478800246,0.9744105602823685,0.5835673226036218,0.9808318518675735,0.7424774876922903,0.9893188473730085,0.9889730980339023,0.9932104810214367,0.23167685211997535,0.0255894397176315,0.01102690196609768,0.00678951897856328,1.4562537751533822,1.879992073906822,0.42373829875343993,0.9445047462428485,0.9526774085814155,20.608741240234384,88.95468430122668,22.064995015387765,95.24039546238856,22.488733314141207,97.06940123001702
88,0.7426435266290415,0.9331048559373168,0.5004295132416777,0.9590118617806878,0.9110779879531948,0.9852386114945257,0.9639990833042624,0.9935711841065304,0.25735647337095846,0.06689514406268315,0.03600091669573757,0.006428815893469553,3.089422736694558,6.04663281692136,2.957210080226802,0.9234929039369585,0.948748292550284,19.046132930827532,74.00681506609736,22.135555667522087,86.01126436643186,25.092765747748892,97.50198010982109
89,0.7399027626960457,0.9465644451901413,0.46957993026339484,0.9536002983688083,0.8022635500257373,0.9735474910136045,0.969555667612505,0.9886640358762792,0.2600972373039543,0.05343555480985873,0.030444332387495,0.011335964123720843,2.2991222422363733,4.209959068613789,1.9108368263774156,0.9182817687995931,0.937490176531619,20.666168249409555,79.45554694707772,22.96529049164593,88.29501893097111,24.876127318023343,95.64164377860213
90,0.7567453684225617,0.88118149126583,0.5080761463966028,0.954050431857115,0.9107608070894927,0.964978400647164,0.9349939074843816,0.9876838568599302,0.24325463157743832,0.11881850873416999,0.0650060925156184,0.01231614314006979,5.3812416218551595,10.65023655941002,5.268994937554861,0.9187152306772218,0.9292384598824541,12.443612284326832,51.154677728573894,17.824853906181993,73.27652423550086,23.093848843736854,94.9369337552987
91,0.6756243421144131,0.945455424258985,0.6022609124100924,0.9557245992604831,0.6592802236968656,0.9581457753873208,0.9765538143391332,0.9798971896641274,0.32437565788558687,0.05454457574101501,0.02344618566086676,0.02010281033587258,3.1098390080148253,3.4441765405142433,0.334337532499418,0.9203273918804652,0.92265889481742,26.983108214457186,83.18475063863951,30.09294722247201,92.77190347336833,30.427284754971428,93.80261439255001
92,0.7904132524714877,0.8747913492673646,0.6594830967294866,0.9490852779398792,0.7960225316678377,0.9625571981359032,0.9511555909769298,0.970561967788564,0.20958674752851225,0.12520865073263543,0.04884440902307019,0.029438032211436038,7.6364241709565235,9.57706185211994,1.9406376811634152,0.9139339713495133,0.9269069315382772,8.437809679587682,40.25927106120963,16.074233850544207,76.69489621884352,18.01487153170762,85.95424922683564
93,0.6962665995644204,0.9297337952558081,0.3992459341723468,0.9445434004691253,0.6732477231640442,0.9751459214111102,0.9541358958568028,0.9753012111928532,0.3037334004355796,0.07026620474419187,0.04586410414319719,0.02469878880714682,2.440210060099468,4.556741593704505,2.116531533605037,0.9095603115628613,0.9390294058032913,23.346719569138774,76.86582883429213,25.78692962923824,84.89988125197158,27.90346116284328,91.86826711460554
94,0.7251460466898568,0.9104322984848509,0.6057070612843939,0.9087924830384982,0.8806821675072516,0.9691683502775013,0.9590639790400904,0.9880331071427096,0.2748539533101432,0.08956770151514915,0.04093602095990956,0.011966892857290357,4.863168055523959,7.760080865785879,2.89691281026192,0.8751335021852205,0.9332732261931493,18.528625179499404,67.41262025287969,23.39179323502336,85.10626444811669,26.28870604528528,95.64609032791061
95,0.6729910818514272,0.9497223258995962,0.470623880843777,0.9243639975644955,0.6278746666969762,0.985681824086444,0.970574179047516,0.9804053862067832,0.3270089181485728,0.050277674100403846,0.029425820952484028,0.01959461379321681,2.085185314791982,3.068306030718704,0.9831207159267219,0.8901282939509956,0.9491750898610201,27.673124404816896,84.6249838123495,29.758309719608878,91.00152340826536,30.741430435535598,94.00792678555811
96,0.6234704666638263,0.9654545730283441,0.5512160571057444,0.9606007920164723,0.7977831481295127,0.9755020714695412,0.9835580587747954,0.9926372771934782,0.37652953333617367,0.03454542697165586,0.016441941225204593,0.0073627228065218375,1.8103485746451264,2.718270416513402,0.9079218418682755,0.9250229849047511,0.9393723651188174,34.19841063645178,90.82530746909222,36.00875921109691,95.63329307012822,36.91668105296518,98.04458291988793
97,0.7729839029482666,0.9487365062999576,0.35066091015431045,0.9378964004228714,0.709792416389576,0.9126383626186776,0.963939716065537,0.9831082759655742,0.22701609705173342,0.05126349370004235,0.03606028393446303,0.016891724034425848,1.5203209765579317,3.4371769665616503,1.9168559900037185,0.9031594967035057,0.8788369417809487,17.57526033516911,77.41856442525298,19.095581311727038,84.11553876452847,21.012437301730756,92.55923951922384
98,0.6903672173319195,0.9373052037870157,0.5189035635940532,0.9478812584307337,0.7855237483689771,0.9777524215607791,0.9671655687753017,0.9855397788233279,0.3096327826680805,0.06269479621298435,0.03283443122469831,0.014460221176672117,2.9860364988286037,4.823457503631223,1.8374210048026196,0.9127745451555213,0.9415393689103798,24.693798645509613,79.75188684067999,27.679835144338217,89.39568641867741,29.517256149140835,95.32988043059602
99,0.7325099412526179,0.968478857299521,0.5292480984051439,0.9757741305638359,0.8001650661558827,0.9703302678282842,0.9845407546365607,0.9933417159970438,0.2674900587473821,0.03152114270047901,0.015459245363439345,0.006658284002956205,1.6061897337039666,2.4862858697522805,0.8800961360483139,0.9396343479503604,0.93439210976057,23.596891604690306,88.21595731516602,25.203081338394274,94.22062807274678,26.083177474442586,97.51082936160843
100,0.7957007665098872,0.9186109229053994,0.4601375750857849,0.973229779670735,0.800745182902928,0.966031006429161,0.9531547411653556,0.9820531888719146,0.2042992334901128,0.08138907709460064,0.04684525883464441,0.017946811128085383,3.4543818259956227,6.344226596651525,2.8898447706559027,0.9371842322755225,0.9302520802651179,12.291015639551217,60.16182943802404,15.74539746554684,77.07027185840542,18.635242236202743,91.21542904420446
101,0.8071851729747992,0.9394328948049294,0.5677967371836494,0.9548438194204885,0.6811123793573238,0.970542262718973,0.9716447004253174,0.9792560935633943,0.1928148270252008,0.06056710519507058,0.028355299574682635,0.02074390643660573,3.2211805620387945,3.982319875846485,0.7611393138076905,0.9194792335160259,0.9345962529886407,13.224772183013023,68.58794205325584,16.445952745051816,85.29402535471165,17.20709205885951,89.24153979408726
102,0.711721617350379,0.9420982467953508,0.5246989338256748,0.9598294795372022,0.7895211993486733,0.9622319897490605,0.9704641338075375,0.9867344765893306,0.288278382649621,0.05790175320464919,0.029535866192462512,0.013265523410669444,2.8365887012186675,4.463622979397974,1.6270342781793068,0.9242802395543428,0.9265937679065027,23.037662944497185,79.91463922044267,25.87425164571585,89.75439437359375,27.501285923895157,95.39836345384502
103,0.6353078673103706,0.8990650011367508,0.5246560479428445,0.9383204853717185,0.7526713479860856,0.9635372843869046,0.9461873237949547,0.9719896687009415,0.3646921326896294,0.10093499886324919,0.05381267620504526,0.0280103312990585,4.7122322658203935,7.292466756419069,2.5802344905986763,0.9035678748023955,0.9278507182985006,26.375713382638022,72.32323107196015,31.087945648458415,85.24435506514136,33.66818013905709,92.31945830789373
104,0.7643248441041498,0.8984237721628838,0.32504446590816755,0.9585331670053258,0.6803978743898287,0.9758313309473395,0.9262586411468845,0.9642928891842689,0.2356751558958502,0.10157622783711617,0.0737413588531155,0.03570711081573108,2.783486898400067,6.58691170213851,3.803424803738442,0.923031938597721,0.9396894298011417,13.409892805873403,56.89990001236921,16.193379704273468,68.71059294612142,19.996804508011913,84.84901360094537
105,0.7409272535224961,0.9539430900559215,0.4906435278059393,0.9727714842954678,0.7237567437519407,0.9862317371910861,0.9753429742912701,0.9866570680150245,0.2590727464775039,0.04605690994407852,0.02465702570872985,0.013342931984975492,2.1399884235348665,3.2713977959103024,1.131409372375436,0.936742910803043,0.9497046358136385,21.301583653342536,82.22240256055734,23.441572076877403,90.4825860519949,24.57298144925284,94.84973538653009
106,0.6939171928741347,0.9557386773441335,0.5354554202564064,0.9698456732863421,0.598085378253894,0.9726977014931002,0.9782989094047482,0.9812237357836717,0.30608280712586533,0.044261322655866464,0.021701090595251826,0.018776264216328276,2.256023206061464,2.548505843953819,0.29248263789235507,0.9339254631646257,0.9366718606970594,26.182148446999886,85.53942866916219,28.43817165306135,92.9100589480911,28.730654290953705,93.86562597467056
107,0.6896705970930537,0.9747602063417387,0.5760821356230449,0.9482438231240459,0.7433831724058253,0.969033630675358,0.9885566998594377,0.9931896960351598,0.31032940290694633,0.025239793658261345,0.011443300140562274,0.00681030396484017,1.379649351769907,1.8429489693421175,0.4632996175722104,0.913123681526859,0.9331434962059002,28.508960924868497,91.86677336345419,29.888610276638406,96.3125311255171,30.351909894210614,97.8054596499571
108,0.7346876066152112,0.9458979893841635,0.6014262938257344,0.9596430469522493,0.847286263296577,0.9508883897699101,0.9767955280646706,0.9908977968353575,0.26531239338478885,0.05410201061583653,0.023204471935329374,0.009102203164642497,3.0897538680507153,4.499980745119403,1.4102268770686877,0.9241007118799438,0.9156703012599133,21.12103827689523,79.6081856841979,24.210792144945948,91.25390576772817,25.621019022014636,96.56925066766807
109,0.8367827203708494,0.9132296451054249,0.5371439816816772,0.9279020851584477,0.6185214455261213,0.9746542869674432,0.9547493811885672,0.9641447189999512,0.16321727962915056,0.08677035489457507,0.045250618811432775,0.035855281000048755,4.15197360831423,5.091507389452632,0.9395337811384019,0.8935353412636904,0.938555980042723,7.644692473457548,46.837519230973676,11.796666081771779,72.27584057628722,12.73619986291018,78.03217828313504
110,0.8351779308633556,0.916846455794812,0.5458859913627246,0.9657996399262115,0.7250626749751824,0.9762291532790931,0.9590997653994418,0.9750935199509364,0.16482206913664443,0.08315354420518795,0.04090023460055825,0.024906480049063595,4.225330960462969,5.824706415612435,1.5993754551494654,0.9300292828919073,0.9400725179724599,8.16685249314565,49.54950836331865,12.392183453608618,75.18521954323347,13.991558908758083,84.88886823255746
111,0.7441554063379702,0.9106274877827515,0.4926614167116733,0.9709989331009387,0.6859309315764042,0.9899167391694028,0.9512219736937881,0.9698023639232326,0.25584459366202983,0.08937251221724851,0.048778026306211864,0.030197636076767398,4.059448591103665,5.917487614048111,1.8580390229444466,0.9350360096527557,0.9532531562372026,16.64720814447813,65.06765652616862,20.706656735581795,80.93450965368159,22.56469575852624,88.19688325458289
112,0.809146924505245,0.8855384265097119,0.5270488002394503,0.9555713410962403,0.6158371131411642,0.9756458705375985,0.9398723293628553,0.9515698123320945,0.19085307549475505,0.11446157349028807,0.06012767063714475,0.04843018766790552,5.433390285314332,6.603138582238255,1.1697482969239226,0.9201798099445276,0.9395108382954652,7.639150200446698,40.02634057975468,13.072540485761031,68.49530955617367,14.242288782684954,74.62436088998918
113,0.7421807240729035,0.9713449210057429,0.5398431446136488,0.9522624270119077,0.8022704859497748,0.9544592359914434,0.9859450247948756,0.9939257009224929,0.2578192759270965,0.02865507899425712,0.014054975205124443,0.006074299077507117,1.460010378913268,2.2580779916750005,0.7980676127617325,0.9169934482336888,0.9191088939176862,22.91641969328394,88.88559480620064,24.37643007219721,94.54851653175119,25.17449768495894,97.64397015868404
114,0.7236116668905207,0.9485474661796304,0.672358188536996,0.9456372002268447,0.7715702011708957,0.9765998630287231,0.9815525632507586,0.9874712353711754,0.2763883331094793,0.05145253382036963,0.01844743674924143,0.012528764628824574,3.3005097071128198,3.8923769191545055,0.5918672120416857,0.9106136002184431,0.940429497731363,22.493579928910968,81.38397042975438,25.794089636023788,93.32553710147589,26.385956848065472,95.4669705164936
115,0.7496243411859094,0.9618870242968584,0.577000754749053,0.9725300107435512,0.6797231420336938,0.976771821787722,0.9830580062588695,0.9871744751604508,0.25037565881409063,0.03811297570314165,0.01694199374113048,0.01282552483954924,2.117098196201117,2.528745086359241,0.41164689015812383,0.9365103807160122,0.9405950876474359,21.2262683110949,84.77768330848751,23.343366507296015,93.23337027993193,23.75501339745414,94.87748733231594
116,0.7968918170638407,0.9510833642104034,0.5064063630516835,0.9688364388301848,0.7165819778751913,0.9372295552061276,0.9744657181007567,0.9846850067957252,0.2031081829361593,0.048916635789596596,0.02553428189924334,0.015314993204274763,2.338235389035326,3.3601642585321834,1.0219288694968576,0.9329536077624001,0.9025173494577524,15.419154714656269,75.91596996120437,17.757390103691595,87.4282357657302,18.779318973188452,92.45968676255228
117,0.6884602522325587,0.9699058954059889,0.3810230667063504,0.9244325846676956,0.6934041116462942,0.97524379139329,0.979647356862878,0.9903397322808676,0.3115397477674413,0.030094104594011073,0.02035264313712204,0.00966026771913242,0.9741461456889033,2.0433836874878653,1.069237541798962,0.8901943407911143,0.9391236509713162,28.144564317343026,90.34020383926234,29.118710463031928,93.46707979223412,30.18794800483089,96.89918612685543
118,0.7181235818370829,0.969268980258349,0.4868965889188468,0.9559315151065284,0.7013033202266447,0.9932406552094043,0.9832666805401227,0.9905553188859056,0.2818764181629171,0.030731019741651044,0.016733319459877327,0.009444681114094355,1.3997700281773717,2.128633862755669,0.7288638345782972,0.920526644176657,0.9564539642757226,25.114539842126604,89.09769751512546,26.514309870303975,94.0635972427442,27.243173704882274,96.64935393473193
119,0.8308987473873591,0.9387696327220905,0.35768349364957197,0.896761727196061,0.6255713571528255,0.9803516091916682,0.9553675884255969,0.9756942637289804,0.16910125261264086,0.061230367277909536,0.04463241157440312,0.024305736271019618,1.6597955703506417,3.692463100688992,2.03266753033835,0.8635483298925031,0.9440422903327175,10.787088533473133,63.79070744190787,12.446884103823773,73.60610232932912,14.479551634162124,85.6265190851681
120,0.8004559217114283,0.9240230712604798,0.4886163977270485,0.9570328015129498,0.7125273324652514,0.9787921760050312,0.9579132793166306,0.9764201137483874,0.19954407828857168,0.07597692873952022,0.04208672068336938,0.02357988625161256,3.389020805615084,5.239704248790766,1.8506834431756825,0.9215871421976553,0.9425406139307707,12.356714954905145,61.924738939310544,15.74573576052023,78.90855942990929,17.596419203695913,88.18311901117286
121,0.7281138469175734,0.9028719710304187,0.31581671425902913,0.9568083497878223,0.7370005822061622,0.9863516795440304,0.9285700142249403,0.9721157240896284,0.2718861530824266,0.09712802896958128,0.07142998577505966,0.02788427591037157,2.5698043194521625,6.924375305920972,4.354570986468809,0.9213710034993844,0.9498201358572144,17.47581241128453,64.2762134561022,20.045616730736693,73.72797953656561,24.4001877172055,89.74413533229182
122,0.751263930086673,0.9581005503875387,0.5390268635130898,0.9489021121998854,0.7703849472758537,0.9834796786110009,0.9791972093020799,0.9898930419100527,0.24873606991332697,0.04189944961246128,0.020802790697920126,0.010106958089947327,2.1096658914541155,3.1792491522513955,1.06958326079728,0.9137575895258155,0.947054505329112,20.68366203008657,83.15505683310775,22.793327921540683,91.6366007128886,23.862911182337964,95.93667372268561
123,0.8288621406192371,0.9613618111816543,0.39012974281773566,0.9707514415689162,0.6838940714450161,0.9553200872351623,0.97537197550139,0.9868757020310277,0.17113785938076287,0.03863818881834569,0.024628024498610013,0.013124297968972298,1.4010164319735674,2.551389084937339,1.1503726529637714,0.9347976844737711,0.9199378617820081,13.249967056241719,77.42276959747406,14.650983488215285,85.60924824715998,15.801356141179056,92.33115453444339
124,0.7443339745619604,0.9237135719257772,0.5279739196863712,0.9378089331569607,0.8017261020354048,0.9493931501125131,0.9600907231214376,0.9830448076788194,0.2556660254380396,0.07628642807422281,0.03990927687856238,0.01695519232118059,3.637715119566043,5.933123575304222,2.2954084557381793,0.9030752689659621,0.9142304408490867,17.937959736381682,70.16168732489223,21.575674855947724,84.39007419535515,23.871083311685904,93.36822626622728
125,0.6687809558013151,0.940587675453113,0.3720794987800379,0.9179251969021224,0.7348100318623542,0.961882262620186,0.9585806489787739,0.982883518757231,0.33121904419868486,0.05941232454688705,0.04141935102122607,0.01711648124276899,1.7992973525660982,4.229584330411806,2.430286977845708,0.8839279673872289,0.9262569936342531,27.18067196517978,82.06252762711071,28.97996931774588,87.49487635246594,31.410256295591587,94.83227744824313
126,0.7162167253789359,0.9021881109775965,0.27742773522810316,0.9159380257434538,0.6769757958000019,0.9712098606603408,0.9212104532168993,0.9651957770534264,0.2837832746210641,0.09781188902240345,0.07878954678310068,0.03480422294657359,1.902234223930277,6.300766607582986,4.398532383652709,0.882014395160363,0.9352391250803281,18.597138559866067,65.53289155148,20.499372783796343,72.23601465297475,24.897905167449053,87.73563276657242
127,0.6332971938181159,0.9785280505252211,0.48865444169818906,0.9235684729416698,0.6535061033523515,0.9696626635960127,0.9879967431773298,0.992219973477526,0.3667028061818841,0.02147194947477893,0.012003256822670227,0.007780026522474004,0.9468692652108701,1.3691922952304925,0.42232303001962235,0.8893622332030894,0.9337492316109751,34.523085670710515,94.14459090227719,35.469954935921386,96.7267071262289,35.89227796594101,97.87838369619263
128,0.7449809891023579,0.9035794338627651,0.35400205063136403,0.927788853140898,0.6521904611215145,0.9731885061224409,0.930839202277851,0.9632638924006133,0.2550190108976421,0.09642056613723493,0.069160797722149,0.036736107599386725,2.7259768415085928,5.968445853784821,3.242469012276228,0.8934263030245684,0.9371444873771653,15.859844476040719,62.19083204901317,18.58582131754931,72.88014039474558,21.82829032982554,85.59475724179183
129,0.6382129424661921,0.94281318404742,0.6665272680500111,0.9518434695531334,0.8712005408004189,0.9700763451722753,0.9791918789630094,0.9920109550866578,0.3617870575338079,0.05718681595258002,0.02080812103699059,0.00798904491334218,3.6378694915589427,4.919777103923783,1.281907612364841,0.9165900077178321,0.9341475916473762,30.46002415812279,84.19323887858093,34.09789364968173,94.2485170202513,35.37980126204657,97.79178255634653
130,0.6751806077176856,0.975761089174714,0.5737580380521358,0.9570747620716152,0.8526134045248627,0.9781170501005294,0.9890578755760282,0.9962708129253227,0.3248193922823144,0.024238910825285953,0.0109421244239718,0.003729187074677287,1.3296786401314153,2.0509723750608666,0.7212937349294513,0.9216275486615554,0.9418904926893986,30.05804814570284,92.5377266871373,31.387726785834257,96.63132045562676,32.10902052076371,98.85191981658654
131,0.828151524240872,0.9578127935766472,0.4670281456069981,0.9248772319489142,0.7517592562745172,0.982808944282604,0.975246605220935,0.9889973017002167,0.17184847575912798,0.04218720642335283,0.02475339477906502,0.011002698299783287,1.743381164428781,3.1184508123569543,1.3750696479281732,0.89062251965451,0.9464086130128779,12.966126933577515,75.45092777983979,14.709508098006296,85.59580195883687,16.08457774593447,93.59744201909288
132,0.7271034777316777,0.9336775141342294,0.6504480691996167,0.9465498319616618,0.7091787171158925,0.9856120987091954,0.9744384875089623,0.9794706368565996,0.2728965222683223,0.06632248586577061,0.025561512491037663,0.02052936314340037,4.0760973374732945,4.579312272237024,0.5032149347637294,0.9114924307778964,0.9491079469051511,20.65740364025517,75.69683727938468,24.73350097772846,90.63325824800926,25.23671591249219,92.47723533713078
133,0.7265008131976036,0.8890499170915012,0.6624480820605262,0.9252855696356155,0.6035494134278416,0.97272514311209,0.9564557170326334,0.9515989946182885,0.2734991868023964,0.11095008290849884,0.043544282967366565,0.04840100538171155,6.740579994113228,6.254907752678729,-0.4856722414344983,0.8910157337231852,0.9366982859597903,16.254910389389753,59.43312146347972,22.995490383502982,84.07882543401222,22.509818142068482,82.30305327500614
134,0.8381750146433984,0.9603951776518345,0.39132211152185253,0.9650555153851669,0.7544541559178028,0.9626898189854072,0.9746497695589555,0.9895912126007828,0.1618249853566016,0.039604822348165536,0.025350230441044452,0.010408787399217245,1.4254591907121084,2.919603494894829,1.4941443041827207,0.9293127185190495,0.9270346405044662,12.222016300843608,75.5261387721486,13.647475491555717,84.33478588909985,15.141619795738437,93.56787372711317
135,0.7088261678574422,0.9219127735090423,0.626987479344861,0.9573659096541562,0.7310388622018215,0.9842161322102662,0.9680526674646276,0.9773769420188297,0.29117383214255776,0.07808722649095767,0.03194733253537241,0.022623057981170258,4.6139893955585265,5.5464168509787415,0.932427455420215,0.9219079130002985,0.9477636828691451,21.30866056516001,73.18192163204886,25.922649960718537,89.0280894061486,26.85507741613875,92.23039453281157
136,0.7648802720158813,0.918185793233656,0.3250851150687367,0.9605671517436107,0.6779189338849291,0.965999057319459,0.9410821402814336,0.9711482487582842,0.23511972798411873,0.08181420676634399,0.058917859718566445,0.028851751241715795,2.2896347047777543,5.296245552462819,3.006610847685065,0.9249905905679214,0.9302213144557753,15.330552121777474,65.20317224428307,17.62018682655523,74.94133723966112,20.626797674240294,87.7289109301519
137,0.6873085927728866,0.9550553947779012,0.27458249839810633,0.9764155673596134,0.7450125066967619,0.9829049174639655,0.9662185930992507,0.987938912414948,0.3126914072271134,0.044944605222098755,0.03378140690074927,0.012061087585051977,1.1163198321349488,3.2883517637046777,2.172031931569729,0.9402520278277758,0.9465010316319666,26.774680200501464,85.62653012416978,27.891000032636416,89.19656692829643,30.063031964206143,96.14281451095592
138,0.8536798763993161,0.9265834709414121,0.7699688846018607,0.9475376034242834,0.8289769586545471,0.941315391640115,0.9811276941827992,0.9858087247847165,0.14632012360068392,0.07341652905858786,0.018872305817200785,0.014191275215283516,5.454422324138708,5.922525384330434,0.46810306019172687,0.9124436181122728,0.906451858616407,7.2903594542096055,49.82472181410548,12.744781778348313,87.10204355164133,13.21288483854004,90.30121430596087
139,0.7949709741252147,0.8632710016106611,0.5310933660177075,0.9593633395361427,0.5757965672792665,0.9571032291637092,0.9281487508689997,0.9344059464023641,0.20502902587478533,0.13672899838933894,0.07185124913100027,0.06559405359763593,6.487774925833866,7.113494479170301,0.6257195533364346,0.923831363997767,0.9216549614169051,6.830002748544639,33.31236989203585,13.317777674378506,64.9555721076873,13.943497227714941,68.0074305002574
140,0.6589217520403997,0.9335055551704367,0.5155623942197853,0.9229964098878479,0.7311255707324328,0.9928668639122931,0.9639615578060919,0.9810752880012629,0.3410782479596003,0.06649444482956335,0.03603844219390806,0.01892471199873713,3.045600263565529,4.756973283082622,1.7113730195170929,0.8888113576697795,0.9560940171007266,27.458380313003694,80.50463633276333,30.503980576569223,89.43396642574032,32.21535359608632,94.45150427740595
141,0.7915319274773281,0.9472898739905143,0.5270161937117155,0.9611942389199516,0.8189477719858234,0.9815016115726403,0.9733489193629253,0.9898401086498563,0.20846807252267185,0.05271012600948566,0.026651080637074664,0.010159891350143724,2.6059045372410994,4.255023465934194,1.649118928693094,0.9255944522932866,0.9451497000329128,15.57579465131862,74.7154922230342,18.18169918855972,87.2157494840481,19.830818117252814,95.1264041408361
142,0.781350759449187,0.9320929699328147,0.4174691976806877,0.9368593949905377,0.8577865062872729,0.9620796457187468,0.9566629889317265,0.9893454953247994,0.21864924055081303,0.06790703006718535,0.04333701106827348,0.010654504675200571,2.457001899891187,5.725252539198477,3.2682506393072908,0.902160898879777,0.926447066247682,15.074221048362768,68.9424807074031,17.531222948253955,80.17966540423352,20.799473587561245,95.12712477374258
143,0.7798938982751636,0.9076070178705106,0.5998857178865692,0.942789535311827,0.6952963668982466,0.9771074753570291,0.958586517122145,0.9692316625989856,0.22010610172483636,0.09239298212948943,0.04141348287785496,0.030768337401014367,5.097949925163448,6.162464472847507,1.064514547684059,0.9078714043743519,0.940918309603065,12.771311959534692,58.023434423006734,17.86926188469814,81.18476382375458,18.9337764323822,86.02113382595857
144,0.671966982672182,0.8954339965755183,0.5280082849512219,0.9284967493137112,0.8166391161947067,0.9814988957908093,0.9439640945830087,0.97864983980852,0.328033017327818,0.10456600342448175,0.05603590541699133,0.02135016019147995,4.853009800749042,8.32158432330018,3.4685745225511377,0.8941079808206107,0.9451470848355941,22.346701390333624,68.12332969519825,27.199711191082663,82.91760205315182,30.668285713633804,93.49145998613189
145,0.7986354229123485,0.9406274092427656,0.5797562011737705,0.9675539009554048,0.7416901952753868,0.979355806620397,0.9733161527080991,0.9836243691854004,0.20136457708765154,0.059372590757234445,0.026683847291900875,0.016375630814599584,3.268874346533357,4.299695994263486,1.030821647730129,0.9317185712903898,0.9430833693381601,14.19919863304171,70.51487822935695,17.468072979575066,86.74848988941798,18.498894627305194,91.8676705449184
146,0.8176282109320168,0.9691582432910015,0.42552335148687165,0.9605763781396205,0.879094816487925,0.977699822734504,0.9813234325889969,0.9960800723737034,0.18237178906798324,0.03084175670899847,0.018676567411003098,0.00391992762629656,1.2165189297995371,2.692182908270191,1.4756639784706538,0.9249994752455605,0.9414887181887815,15.153003235898478,83.08852653877213,16.369522165698015,89.7590699162133,17.845186144168668,97.85058443176466
147,0.8457325860076952,0.9132935020415902,0.5139953181314946,0.9679251420691547,0.7999563471514,0.9720566395865187,0.9544995503888004,0.9808366613899933,0.1542674139923048,0.08670649795840979,0.04550044961119959,0.01916333861000674,4.12060483472102,6.754315934840305,2.6337111001192848,0.93207606273326,0.936054541824055,6.756091603389502,43.79467723317454,10.876696438110523,70.50546940945723,13.510407538229806,87.5778441382555
148,0.63820626997007,0.97846924198726,0.48697508557357755,0.9382856061497031,0.8457320731004554,0.9794484683979827,0.9881116505019304,0.9965461489149443,0.36179373002993,0.02153075801273996,0.011888349498069606,0.0034538510850556925,0.9642408514670353,1.8076906927684266,0.8434498413013913,0.9035342874034178,0.9431725991980574,34.026297201719004,94.04888580823145,34.990538053186036,96.71405319901865,35.83398789448743,99.04535352650528
149,0.7138695616492765,0.9644595907806268,0.44721284559329005,0.952084269925899,0.7494096942893086,0.9781558566046291,0.9790527492415726,0.9906477981249702,0.2861304383507235,0.03554040921937318,0.020947250758427405,0.00935220187502983,1.4593158460945777,2.618820734434335,1.1595048883397574,0.916821889558273,0.9419278619155688,25.059002913135032,87.57894845992944,26.518318759229608,92.67912533906953,27.677823647569365,96.7314900403688
150,0.6476911163032336,0.9080844023285751,0.573423869152521,0.9696387327883439,0.7632536822050299,0.9544930784765567,0.9573686771396833,0.9755090984068641,0.3523088836967664,0.09191559767142488,0.04263132286031668,0.02449090159313594,4.92842748111082,6.742469607828894,1.814042126718074,0.9337261871295163,0.9191414829774249,26.03932860253415,73.91050810102848,30.96775608364497,87.89944709512076,32.78179821036304,93.04845755345319
151,0.6997951176982508,0.9560272066982936,0.46916838580105735,0.9676931660929096,0.5572175739345384,0.9781972580374736,0.9753900224665614,0.9796047690346086,0.30020488230174924,0.04397279330170645,0.02460997753343863,0.02039523096539142,1.9362815768267816,2.3577562336315028,0.4214746568047212,0.9318526784598388,0.9419677299620115,25.62320890000428,85.35240567556545,27.559490476831062,91.80227271963484,27.98096513363578,93.20622942271429
152,0.5902817973047384,0.9022423509264755,0.5335211295197227,0.9797641536233632,0.7571843553754652,0.9741912844783742,0.9509439161879012,0.9737041634214323,0.4097182026952616,0.09775764907352447,0.049056083812098805,0.02629583657856771,4.870156526142566,7.146181249495676,2.2760247233531095,0.9434765923780534,0.9381101257939899,31.196055362173713,76.14027191605295,36.06621188831628,88.02687225283337,38.34223661166939,93.58197014299462
153,0.8018303232013788,0.901473346352844,0.7021759921662187,0.9595693486313375,0.771050192586818,0.9682736517979877,0.9671907492363483,0.9748080312405678,0.19816967679862119,0.09852665364715596,0.03280925076365171,0.025191968759432193,6.571740288350425,7.333468488772377,0.7617282004219517,0.9240297431264731,0.9324116646943585,9.964302315146522,50.28167011279019,16.53604260349695,83.44385917478571,17.2977708039189,87.28767732460294
154,0.6797204037237878,0.9520224447592379,0.4427544872222295,0.9630477680794204,0.7270795742434845,0.9733760863530282,0.9716660764173772,0.9860667443183282,0.32027959627621216,0.04797755524076208,0.028333923582622766,0.013933255681671808,1.9643631658139316,3.4044299559090274,1.4400667900950959,0.927379332224627,0.9373251201918049,27.23020410354501,85.02010249838527,29.19456726935894,91.15337851300795,30.634634059454037,95.64965865959952
155,0.7294762437830606,0.9408462035494749,0.506955765701362,0.921907580486794,0.9105521229551351,0.9689773376357228,0.9674688457378141,0.9942295845061099,0.27052375621693936,0.0591537964505251,0.03253115426218589,0.005770415493890124,2.6622642188339207,5.338338095663497,2.6760738768295766,0.8877628552835793,0.933089288093659,21.136995976641426,78.13360376266243,23.799260195475348,87.97475137965391,26.475334072304925,97.86694685354631
156,0.7820850307762431,0.9505792264766177,0.6201351999044804,0.9545190939986855,0.6327071225285613,0.9672977819752876,0.9797291627686472,0.9806409710998212,0.21791496922375686,0.049420773523382255,0.020270837231352812,0.01935902890017882,2.9149936292029444,3.0061744623203435,0.09118083311739911,0.9191665349616971,0.931471938198425,16.849419570037462,77.32107450010164,19.764413199240405,90.69782250225383,19.855594032357804,91.11624641063514
157,0.8394650386761958,0.9751032742873966,0.4925020532801222,0.948082331117871,0.7347983057857829,0.9876803561217996,0.9865170644536813,0.9931909853751149,0.16053496132380418,0.024896725712603374,0.013482935546318742,0.006809014624885146,1.1413790166284632,1.8087711087718228,0.6673920921433596,0.9129681707060979,0.9510996021913626,13.563823561120081,84.49139956349703,14.705202577748544,91.60124658508296,15.372594669891903,95.75854719200315
158,0.7716567808592656,0.9216117704796308,0.4025861359326366,0.9267867242432011,0.8624972132074631,0.9778005863132483,0.9480223192076267,0.9881804670751473,0.2283432191407344,0.07838822952036917,0.051977680792373304,0.011819532924852716,2.6410548727995864,6.656869659551646,4.015814786752059,0.8924612900119714,0.9415857497831279,14.995498962036525,65.67087482809977,17.63655383483611,77.23703774170846,21.65236862158817,94.82378632948675
159,0.6906444840659322,0.9169192161132808,0.6425408852839093,0.9679068269627313,0.745542802834625,0.9858295341838879,0.9676206979534,0.9771470458291551,0.30935551593406785,0.08308078388671924,0.0323793020466,0.022852954170844875,5.0701481840119245,6.0227829715874375,0.9526347875755126,0.9320584259641116,0.9493173292141142,22.627473204734862,73.14391384428198,27.697621388746786,89.53330379488015,28.650256176322298,92.61272128869508
160,0.7884910275034549,0.9411311926075947,0.28959833705856214,0.9676698498708942,0.7921044687100742,0.979920437580482,0.9560951068048389,0.9869032365999748,0.2115089724965451,0.0588688073924053,0.04390489319516111,0.013096763400025191,1.4963914197244188,4.577204399238011,3.080812979513592,0.9318302258016018,0.943627088040464,15.264016510413981,72.16722926807897,16.7604079301384,79.24206586749965,19.84122090965199,93.80793956613867
161,0.8398745752244359,0.9547607828898476,0.43986400849968804,0.978789414495355,0.6518369117317889,0.9897408072848145,0.9735999193730458,0.9836053317824603,0.16012542477556413,0.04523921711015244,0.026400080626954203,0.016394668217539654,1.8839136483198238,2.8844548892612787,1.000541240941455,0.9425379546992306,0.9530837403483399,11.48862076654117,71.74763647087221,13.372534414860993,83.51287394618485,14.373075655802447,89.76135848475104
162,0.7813378910737174,0.9782873581276416,0.43260674838767416,0.9441303834502462,0.7099782146860931,0.9715534734201476,0.98683733011532,0.9934182365607414,0.21866210892628257,0.02171264187235844,0.013162669884679956,0.006581763439258648,0.8549971987678484,1.5130878433099793,0.6580906445421308,0.9091625914706074,0.9355700114416236,19.694946705392415,90.0702311987312,20.549943904160262,93.98036086393117,21.208034548702393,96.98998446892435
163,0.6918377087393047,0.9088009760213555,0.3820810818890462,0.9367876047768742,0.6188328224552806,0.9449901446880441,0.9379165341548403,0.9610975379728649,0.3081622912606953,0.09119902397864454,0.06208346584515967,0.0389024620271351,2.9115558133484876,5.229656195150945,2.318100381802457,0.9020917675629159,0.9099905096995979,21.696326728205072,70.40552119289212,24.60788254155356,79.8536460800653,26.925982923356017,87.37598235397826
164,0.8081263674530662,0.9755197645596347,0.3480517634352257,0.9594644150391752,0.5932470068536659,0.9685182931711396,0.9832343345400831,0.9895708398583121,0.1918736325469338,0.02448023544036526,0.016765665459916868,0.010429160141687932,0.7714569980448394,1.405107529867733,0.6336505318228935,0.9239286959636501,0.9326472452759121,16.739339710656854,87.24148017869146,17.510796708701694,91.26213162414807,18.144447240524585,94.56456835509336
165,0.6754580660013876,0.9355303037565903,0.3829961777574812,0.9499168478501537,0.6337318635408213,0.9856921500736386,0.9571566851765974,0.9750325202623126,0.3245419339986124,0.0644696962434097,0.042843314823402645,0.024967479737687426,2.1626381420007057,3.9502216505722276,1.787583508571522,0.914734742374222,0.9491850334042445,26.007223775520274,80.13517222594558,28.169861917520976,86.79883542458158,29.957445426092498,92.30685556406583
166,0.7764157451777803,0.9247542204874399,0.5867469409317677,0.8768284504125454,0.7173401849780471,0.9785680870168975,0.9630670668704859,0.9770364198348979,0.22358425482221966,0.07524577951256006,0.03693293312951407,0.022963580165102138,3.8312846383045995,5.228219934745793,1.396935296441193,0.8443533226194881,0.94232482453479,14.83384753096596,66.3456715355959,18.66513216927056,83.48142486201417,20.062067465711753,89.72933931176802
167,0.7134045922318908,0.9061587775429888,0.428168322650541,0.9364161574267635,0.8717817310212674,0.9766008818682582,0.9405218366057233,0.9865860366083858,0.2865954077681092,0.09384122245701121,0.059478163394276695,0.013413963391614159,3.4363059062734513,8.042725906539705,4.606420000266254,0.9017340775220686,0.9404304788361004,19.2754185311098,67.25655055403391,22.711724437383253,79.24664464882082,27.318144437649504,95.31954698922891
168,0.8355294757514298,0.8917843268731648,0.6701138652915338,0.9532839589773419,0.7753146167960995,0.9477954576195661,0.9596997724063164,0.972037653328836,0.16447052424857023,0.10821567312683522,0.04030022759368357,0.02796234667116404,6.791544553315165,8.025332645567119,1.2337880922519529,0.9179771456818847,0.9126919221521747,5.6254851121735,34.203606621156645,12.417029665488666,75.49699085729404,13.650817757740619,82.99856658272485
169,0.7957046455452075,0.9615973502893375,0.5499568009263387,0.9308855324695309,0.6332880016269359,0.9672123079862054,0.9810582264955771,0.985084266302114,0.20429535445479252,0.03840264971066254,0.018941773504422943,0.014915733697886013,1.9460876206239597,2.3486916012776526,0.40260398065369296,0.8964082905262148,0.9313896299126422,16.589270474413,81.20238719419316,18.53535809503696,90.72824071062541,18.93796207569065,92.69893643069274
170,0.694097735642728,0.9114255697949163,0.4299879251793047,0.9520953088036862,0.680346288108736,0.9244347040826139,0.945016763347904,0.9674885380903767,0.30590226435727197,0.08857443020508371,0.054983236652096035,0.032511461909623285,3.3591193552987675,5.606296829546043,2.247177474247275,0.9168325195887348,0.8901963817091837,21.732783415218826,71.04485957592158,25.091902770517592,82.02588112003004,27.33908024476487,89.37194467065068
171,0.6602389503937183,0.9426576348934713,0.3425004335912319,0.9396954115012772,0.7120423425176612,0.9533329298361888,0.9591748526570059,0.9819574336200071,0.33976104960628173,0.05734236510652868,0.04082514734299414,0.018042566379992908,1.6517217763534542,3.9299798726535773,2.278258096300123,0.9048918777419707,0.9180243028052187,28.241868449975303,83.12273723754457,29.893590226328758,87.98415904639371,32.17184832262888,94.68963072697686
172,0.6888640118151809,0.9271543404453242,0.47858752082473055,0.9668414950127021,0.8587021364336738,0.9788134143745093,0.9593505105857023,0.9887852574213789,0.31113598818481913,0.07284565955467581,0.04064948941429769,0.011214742578621095,3.219617014037812,6.163091697605472,2.9434746835676595,0.9310325507529723,0.9425610656939719,23.829032863014334,76.58719584974385,27.048649877052146,86.93513738110188,29.992124560619803,96.39554953316446
173,0.8084189757513265,0.9536310252644757,0.4500498735928124,0.9623333039763812,0.8414271819125373,0.9706460563210053,0.9729640457013411,0.9921190466155635,0.19158102424867351,0.04636897473552426,0.027035954298658904,0.007880953384436507,1.9333020436865356,3.8488021351087753,1.9155000914222398,0.9266913297550337,0.9346962023831903,14.521204951314925,75.79667667120465,16.45450699500146,85.88797903931965,18.3700070864237,95.88636013647836
174,0.7027633439707432,0.9144266301106498,0.5494364448799233,0.9471156903728389,0.7818117370438742,0.9468040249434581,0.9573787124878829,0.978889680362276,0.29723665602925675,0.08557336988935016,0.042621287512117134,0.02111031963772403,4.295208237723303,6.446305025162613,2.1510967874393105,0.9120373314701411,0.9117372092048114,21.166328613990657,71.21035775583235,25.461536851713962,85.6608239099817,27.612633639153273,92.89780745089323
175,0.749058714995369,0.9074539513094522,0.3678705143507592,0.9696694971775414,0.9305816698440399,0.9833879401919369,0.9376607818675584,0.9928522853001105,0.250941285004631,0.09254604869054783,0.06233921813244159,0.007147714699889507,3.0206830558106246,8.539833399065833,5.519150343255208,0.9337558120968916,0.9469661646292725,15.839523631408314,63.120437241388984,18.860206687218938,75.15784693168716,24.379357030474146,97.15163859954029
176,0.7345437383869339,0.882894521023327,0.5450241491453256,0.9783274725133236,0.8168338550732488,0.9671696835551814,0.9418998545610401,0.9754960312496301,0.2654562616130661,0.117105478976673,0.058100145438959916,0.024503968750369864,5.9005333537713085,9.260151022630314,3.359617668859005,0.9420931216794968,0.9313485841642487,14.835078263639312,55.88520750459144,20.73561161741062,78.11310040836491,24.095229286269625,90.76911254552084
177,0.8309653433283056,0.9416883436566732,0.442055018935981,0.9456038848908567,0.7103549349978386,0.9835283439372167,0.964751098097439,0.9820906828593259,0.16903465667169437,0.0583116563433268,0.035248901902561025,0.01790931714067412,2.3062754440765776,4.040233920265268,1.7339584761886906,0.9105815187837879,0.9471013682358382,11.072300032836758,65.50313557498333,13.378575476913335,79.14693791402622,15.112533953102025,89.404943640961
178,0.6920276975083196,0.9207993125052296,0.4628299100910941,0.9333674464699329,0.8954299857590764,0.9510132900332827,0.9528328267970266,0.9906309311525462,0.3079723024916804,0.07920068749477038,0.04716717320297337,0.00936906884745381,3.2033514291797016,6.983161864731658,3.7798104355519557,0.8987982817858612,0.9157905755876056,22.877161499691002,74.2831784371551,26.080512928870704,84.68460545920439,29.86032336442266,96.95782095608845
179,0.7796186077786658,0.9284991507870546,0.5425722330768725,0.9528575472062021,0.7025048861713152,0.9735341308937202,0.9643500486642791,0.9770090492828254,0.22038139222133424,0.07150084921294542,0.03564995133572091,0.022990950717174607,3.585089787722451,4.850989849577081,1.26590006185463,0.9175665269393056,0.9374773112309898,14.888054300838881,67.55585918926612,18.473144088561334,83.82352022719013,19.739044150415964,89.56765338242157
180,0.704327974056693,0.9168543426571669,0.29714844534851115,0.9546272032758253,0.7551114061500389,0.977513202613941,0.937410856624527,0.9777858900868556,0.295672025943307,0.08314565734283308,0.06258914337547306,0.02221410991314443,2.0556513967360024,6.093154742968865,4.037503346232862,0.9192706401915354,0.9413090099245358,21.252636860047392,71.87909235661824,23.308288256783392,78.83156406975273,27.345791603016256,92.48690847831381
181,0.7837568445322249,0.9647999542381561,0.494763122008383,0.9689318837779706,0.7446507871361043,0.9734218290823634,0.9813309066770137,0.9905201230722143,0.21624315546777506,0.03520004576184388,0.018669093322986274,0.009479876927785735,1.6530952438857605,2.5720168834058144,0.9189216395200539,0.9330455177121197,0.9373691687459795,18.10431097059312,83.72200697603608,19.757406214478877,91.36662000579788,20.676327853998934,95.61610312831453
182,0.8926502520628989,0.9610462701325567,0.46624776757497594,0.9283819051003952,0.694419880387497,0.9611703759574267,0.9772273587169809,0.9872776084495298,0.10734974793710106,0.038953729867443276,0.022772641283019146,0.012722391550470169,1.618108858442413,2.6231338316973107,1.0050249732548977,0.8939973900966768,0.9255714731441886,6.839601806965778,63.71325446402793,8.457710665408191,78.78649766708142,9.462735638663089,88.14865260985565
183,0.5757622440926066,0.9266254778640651,0.4759402786255018,0.9510104903266828,0.7739598101024637,0.9464326594707123,0.9581892630064904,0.9814390446803916,0.42423775590739343,0.07337452213593487,0.04181073699350957,0.01856095531960844,3.1563785142425305,5.481356681632644,2.3249781673901126,0.9157878795738427,0.9113795980088341,35.08632337714586,82.70438660533746,38.242701891388386,90.14450354516858,40.5676800587785,95.62486953102305
184,0.7407477798487258,0.9013023162288322,0.4657806970531429,0.9395516919127211,0.7983259438470562,0.9916301727434345,0.9413857781172015,0.9782143361962169,0.25925222015127425,0.09869768377116783,0.05861422188279852,0.021785663803783106,4.008346188836931,7.691201996738473,3.6828558079015417,0.9047534811011388,0.9549031293084924,16.05545363801064,61.9298597660697,20.06379982684757,77.39104342150011,23.746655634749114,91.59673009123273
185,0.5786540729965582,0.9744915403246132,0.4725758243008665,0.9728618278167366,0.6506018909094985,0.9586742716320925,0.9860075021101167,0.9905499949734861,0.42134592700344176,0.02550845967538684,0.013992497889883326,0.009450005026513941,1.1515961785503515,1.60584546488729,0.4542492863369385,0.9368299082679685,0.9231678171272002,39.583746732805494,93.9459579313369,40.73534291135584,96.67909501596557,41.18959219769278,97.75718609795966
186,0.715837681505798,0.9640349825508822,0.3050931284536713,0.9515626256564139,0.7603944209637362,0.9423110429455672,0.9734782031802661,0.9906029884453114,0.28416231849420204,0.03596501744911784,0.026521796819733878,0.009397011554688639,0.9443220629383964,2.6568005894429203,1.712478526504524,0.9163195654469171,0.9074106339475833,24.81973010450842,87.3434952108713,25.764052167446817,90.66667355465182,27.47653069395134,96.693083163002
187,0.7709687105463654,0.9584888765936398,0.5653473300017863,0.9666360151761019,0.6942523673798893,0.9640419429419942,0.9808979224501448,0.9864506042928028,0.2290312894536346,0.041511123406360206,0.019102077549855156,0.013549395707197154,2.240904585650505,2.7961727699163053,0.5552681842658003,0.9308346812806907,0.9283366857959944,18.75201660472744,81.87534833978928,20.992921190377945,91.65962100836785,21.548189374643744,94.08404164360253
188,0.7139704643422871,0.9707728189694345,0.5415585632371677,0.967969575150181,0.8465637320036008,0.9936934699309617,0.9859413837722392,0.9953726683863118,0.28602953565771294,0.02922718103056554,0.014058616227760834,0.004627331613688224,1.5168564802804707,2.4599849416877317,0.943128461407261,0.9321188501446187,0.9568900080816668,25.68023546271474,89.78176118652962,27.19709194299521,95.08490750948721,28.14022040440247,98.38221895405037
189,0.7959679491170248,0.9510079041490552,0.44579502270372257,0.9565209689632449,0.8882548386194032,0.9942375331767508,0.9710169147583319,0.9942433060536194,0.20403205088297516,0.04899209585094477,0.02898308524166815,0.005756693946380564,2.0009010609276623,4.323540190456421,2.3226391295287585,0.9210942664090506,0.957413920836871,15.503995503203038,75.9880393110175,17.5048965641307,85.79483707768456,19.82753569365946,97.17853448932767
190,0.8086818310777903,0.9501386299880152,0.513383614671887,0.9168290179078747,0.7658550590744042,0.9736774518299286,0.9729015466981106,0.9875376325618501,0.19131816892220965,0.04986137001198476,0.027098453301889425,0.01246236743814988,2.276291671009534,3.7399002573834883,1.4636085863739545,0.8828723876149904,0.9376153239843756,14.145679891022489,73.93798493217939,16.421971562032024,85.83592271735169,17.885580148405978,93.48605126823209
191,0.72191026902217,0.9704030534008372,0.5320286719530635,0.9248593740564361,0.7488586986875779,0.9537821880728037,0.9848019731614445,0.9920330911899654,0.27808973097782996,0.029596946599162788,0.015198026838555534,0.00796690881003459,1.4398919760607254,2.16300377891282,0.7231118028520944,0.8906053231654569,0.918456921847885,24.84927843786672,89.35705159083263,26.289170413927444,94.53484787621764,27.01228221677954,97.13513016751067
192,0.7101925422081103,0.9498800769409325,0.5082606020938529,0.9455545545078489,0.7252608396382212,0.9536431431297657,0.9732924897724841,0.9850264700958001,0.28980745779188966,0.05011992305906754,0.02670751022751594,0.014973529904199867,2.34124128315516,3.5146393154867672,1.1733980323316073,0.9105340154520025,0.9183230267175522,23.968753473282213,82.70578561333691,26.309994756437373,90.78439511839804,27.483392788768978,94.83328344332935
193,0.7283671452703665,0.8538818797941806,0.5530200862459715,0.9571742940188184,0.750646230094179,0.9546894648634235,0.9260027569444509,0.9572170701751429,0.2716328547296335,0.14611812020581938,0.07399724305554911,0.0427829298248571,7.212087715027026,10.333519038096227,3.1214313230692015,0.9217233942403436,0.9193305957944078,12.551473452381412,46.20749380583719,19.76356116740844,72.75836049759099,22.88499249047764,84.2497219758484
194,0.7664417171244423,0.9190189002268059,0.6083449381946299,0.9594461390769335,0.7562812452196253,0.9834848158326578,0.9652787681017633,0.9786302638089713,0.2335582828755577,0.08098109977319412,0.034721231898236726,0.021369736191028665,4.625986787495739,5.961136358216546,1.335149570720806,0.9239110968888989,0.9470594522833,15.257718310236356,65.32724133087513,19.883705097732097,85.13380408917608,21.218854668452902,90.85036251854332
195,0.7685544836382092,0.907379502745701,0.6002280329596873,0.9292042683749608,0.8383444545973013,0.9813260847417099,0.9579318050743026,0.9834631233189525,0.23144551636179078,0.092620497254299,0.042068194925697355,0.01653687668104753,5.055230232860164,7.608362057325147,2.5531318244649825,0.8947892954721844,0.9449806741957206,13.882501910749179,59.98172757448601,18.93773214360934,81.82371575522887,21.490863968074326,92.85495915367078
196,0.8163497104857441,0.9448089602754666,0.41034108809689,0.9519191595639532,0.82903775503864,0.9679825428324965,0.9650788785721214,0.9897882644484296,0.18365028951425588,0.05519103972453343,0.03492112142787862,0.0102117355515704,2.026991829665481,4.497930417296303,2.470938587630822,0.9166628943949179,0.932131337542404,12.845924978972246,69.94775239913291,14.872916808637726,80.98498972136504,17.343855396268548,94.43957557672256
197,0.7188216818312186,0.9520888075640084,0.4537391255141029,0.9440237066893835,0.7985137272488435,0.9538465647774442,0.9717049079288468,0.9894819713641666,0.28117831816878136,0.04791119243599162,0.028295092071153216,0.010518028635833399,1.9616100364838407,3.7393163800158224,1.7777063435319818,0.9090598657008878,0.9185189142301314,23.326712573278975,82.9605665372704,25.288322609762815,89.93695806439503,27.066028953294797,96.25930309835633
198,0.7937048056104338,0.9430903418248118,0.638079683706504,0.8735901983677378,0.7793947719414236,0.9786323744701947,0.9756098721845388,0.9865797349868995,0.20629519438956623,0.05690965817518823,0.024390127815461238,0.013420265013100452,3.251953035972699,4.348939316208778,1.0969862802360786,0.8412350058355993,0.9423867309712985,14.9385536214378,72.41348333702797,18.1905066574105,88.1770741739126,19.287492937646576,93.49463032679388
199,0.7318516464992372,0.9644011058433238,0.5315114376230088,0.9548973332389423,0.7288964232346004,0.9897993597368572,0.9822120307918871,0.9899908301651638,0.2681483535007628,0.035598894156676164,0.017787969208112875,0.01000916983483624,1.781092494856329,2.5589724321839924,0.7778799373276635,0.9195307653412037,0.9531401241910475,23.254945934408667,86.72417947307109,25.036038429264995,93.36637015447411,25.81391836659266,96.2673014008241
200,0.7395906678057346,0.9170150457428448,0.48976625668908946,0.9423933943220691,0.718044971652503,0.9472331208254388,0.9532925620754472,0.9737697667092371,0.26040933219426543,0.08298495425715524,0.046707437924552786,0.026230233290762905,3.6277516332602455,5.675472096639234,2.047720463378988,0.9074899352731036,0.9121504126467187,17.74243779371102,68.13288004776709,21.370189426971265,82.06383867621571,23.417909890350252,89.92730672524625
201,0.8583140904894402,0.926059265719201,0.5683554987324738,0.9334673866143145,0.7618708038930043,0.9183665860420002,0.9643937348522381,0.9797165423021795,0.14168590951055982,0.07394073428079895,0.035606265147761884,0.020283457697820473,3.8334469133037063,5.365727658297848,1.5322807449941411,0.8988945204434139,0.8843530087811853,6.774517522976087,47.81362907841717,10.607964436279794,74.86957928931659,12.140245181273935,85.6842096946071
202,0.7029742746956831,0.9665484596956002,0.5155969018494831,0.9517599614557052,0.7787765155284669,0.9581946374822072,0.9826903353961906,0.9920729139602484,0.2970257253043169,0.033451540304399785,0.01730966460380945,0.007927086039751563,1.6141875700590336,2.552445426464822,0.9382578564057886,0.9165095925129012,0.9227059472050884,26.357418499991713,88.73783061378704,27.971606070050747,94.17233487568295,28.909863926456538,97.33117862716102
203,0.5546046087846629,0.932861310686736,0.31767750057457333,0.9397815729849649,0.7916086301560511,0.9608053302323211,0.9503409955972032,0.9846300244220125,0.4453953912153371,0.06713868931326405,0.0496590044027968,0.015369975577987471,1.7479684910467252,5.176871373527659,3.428902882480933,0.9049748480595958,0.9252199476311239,37.825670190207305,84.92604758884804,39.57363868125403,88.85057964625683,43.002541563734965,96.54913906135224
204,0.672327010941406,0.9602456781353925,0.694438414741223,0.9595482717538261,0.7715439562689654,0.9185648756672681,0.9869879487468682,0.9898083170680606,0.327672989058594,0.03975432186460748,0.013012051253131762,0.010191682931939394,2.6742270611475716,2.9562638932668084,0.2820368321192368,0.9240094468740547,0.8845439543462581,28.79186671939865,87.86768418757316,31.466093780546224,96.02895212983059,31.74813061266546,96.88967865150553
205,0.7972440595544016,0.9470981772701675,0.43369187991837965,0.9278317453254512,0.7221334757902136,0.989069399395469,0.9670314538070042,0.9845501964591267,0.20275594044559841,0.05290182272983246,0.03296854619299583,0.01544980354087333,1.993327653683663,3.745201918895913,1.7518742652122499,0.8934676066096937,0.952437199417859,14.985411771576596,73.90862008108385,16.978739425260258,83.73978778597531,18.73061369047251,92.38009820727365
206,0.6349590147528914,0.9757983158369357,0.5055972915118867,0.9510743796947135,0.8075556719560671,0.9670778488410489,0.9872711742781668,0.9950887614882895,0.3650409852471086,0.02420168416306434,0.012728825721833203,0.004911238511710492,1.1472858441231137,1.929044565135385,0.7817587210122712,0.9158494026689834,0.9312601507358248,34.083930108404424,93.37014605450908,35.23121595252754,96.51304203191961,36.01297467353981,98.6546062743103
207,0.653328104079016,0.9284135760738578,0.46341254631045836,0.9480901941585974,0.7333912397538,0.955467730994979,0.9581852480459168,0.9789378501994079,0.346671895920984,0.07158642392614223,0.04181475195408324,0.021062149800592067,2.977167197205899,5.052427412555016,2.0752602153491173,0.9129757425230938,0.9200800372544241,27.50854719948418,79.35038150815123,30.485714396690078,87.93823426528525,32.560974612039196,93.92447151083955
208,0.7777527510890174,0.9601131723510243,0.5076522189956613,0.9587278454603531,0.7772760127156548,0.9612070764716751,0.9791110945640387,0.9904655319291944,0.22224724891098258,0.039886827648975665,0.020888905435961336,0.009534468070805602,1.8997922213014329,3.0352359578170063,1.1354437365155734,0.9232194067395992,0.9256068143801316,18.23604212620069,82.05294875665629,20.135834347502126,90.60105106438098,21.2712780840177,95.70997251145977
209,0.6233488850086235,0.9274357477459568,0.49421914493519975,0.9410699912615577,0.6818286247262713,0.9687645026817865,0.9596456592037602,0.9749468284805083,0.3766511149913765,0.07256425225404317,0.040354340796239785,0.025053171519491713,3.2209911457803386,4.751108073455146,1.5301169276748072,0.9062155471407591,0.9328843359157943,30.40868627373333,80.73435883610631,33.62967741951367,89.2860158406371,35.15979434718848,93.3484408986642
210,0.7767036968747131,0.9564215799202005,0.43085949035285814,0.9346145968936753,0.842013961502828,0.9582512416817718,0.9730025326918438,0.9925439096528341,0.22329630312528692,0.04357842007979951,0.02699746730815622,0.007456090347165878,1.6580952771643287,3.612232973263363,1.9541376960990342,0.8999992414531688,0.9227604549528172,17.971788304548742,80.48403871005935,19.62988358171307,87.90957712676125,21.584021277812106,96.66089843727399
211,0.6341562671052454,0.9419056886038671,0.4736556953456068,0.9638840456552729,0.7001129446236837,0.9548917254073089,0.9674174375849244,0.9809980606685466,0.3658437328947546,0.05809431139613286,0.03258256241507562,0.019001939331453443,2.5511748981057236,3.9092372064679415,1.3580623083622179,0.9281846365569294,0.9195253652070382,30.774942149862174,84.12045740500757,33.3261170479679,91.09385798213225,34.68417935633011,94.8059956689432
212,0.6562980817013839,0.946929122474077,0.4051582467856137,0.9504393832193576,0.766648282055256,0.9562707048534931,0.966112199422543,0.9865082076209153,0.34370191829861607,0.05307087752592299,0.033887800577456995,0.01349179237908471,1.9183076948465994,3.9579085146838278,2.0396008198372284,0.9152379245816036,0.9208532713404007,29.06310407726931,84.55903947565,30.98141177211591,90.1403516322494,33.02101259195314,96.07456587793533
213,0.8009634854106372,0.9282196606053911,0.5071765554017215,0.9469797697521145,0.6743852880974837,0.9559380264452391,0.9613125576986251,0.974335226831669,0.19903651458936278,0.07178033939460893,0.038687442301374886,0.025664773168331045,3.309289709323404,4.611556622627788,1.302266913304384,0.9119064449464805,0.9205329143546747,12.725617519475385,63.93609507144921,16.03490722879879,80.56264078920799,17.337174142103173,87.10549507899057
214,0.723769400455481,0.9377274751847879,0.3829218764042923,0.9255198551404908,0.8145283079362297,0.9567970773578489,0.9576006988861997,0.9872906698841556,0.276230599544519,0.06227252481521206,0.0423993011138003,0.012709330115844408,1.9873223701411757,4.956319469936766,2.9689970997955895,0.8912413419871393,0.9213601485668175,21.395807472930695,77.45632637445155,23.38312984307187,84.65075875601285,26.35212694286746,95.39901439710118
215,0.7170028343001309,0.9161976016095861,0.4384035908431314,0.9651847526884024,0.6563661851466851,0.9814189901997017,0.9494685510434125,0.9689674182680009,0.2829971656998691,0.08380239839041392,0.050531448956587455,0.031032581731999076,3.327094943382647,5.276981665841484,1.9498867224588379,0.9294371692554986,0.9450701387108238,19.91947673094552,70.38754851725616,23.246571674328166,82.14418549683347,25.196458396787,89.03431359276917
216,0.7425231404866209,0.9524760948434249,0.41267839554070324,0.9460227287483886,0.585344957151746,0.9812444490899321,0.9699542068714025,0.9793506684028495,0.25747685951337906,0.04752390515657512,0.030045793128597453,0.020649331597150544,1.7478112027977666,2.6874573559424575,0.9396461531446909,0.9109848499058556,0.9449020620866012,20.995295435680394,81.5424557972342,22.74310663847816,88.33068214930739,23.682752791622853,91.98012138404323
217,0.785482921497672,0.9031794949028752,0.39029347035166795,0.94554493310535,0.7843355065416712,0.9740092860248516,0.9353447685429179,0.9768142674751545,0.21451707850232804,0.09682050509712481,0.06465523145708207,0.02318573252484546,3.2165273640042735,7.363477257227935,4.1469498932236615,0.9105247503977444,0.9379348680239311,11.769657340520324,54.86582897124712,14.986184704524597,69.86010069292436,19.13313459774826,89.19166124827034
218,0.7036462294064386,0.9460252518308678,0.47213512663052803,0.9560579112680343,0.7103487542327371,0.9930356502727588,0.9694608643486528,0.983630684307128,0.2963537705935614,0.05397474816913217,0.03053913565134725,0.016369315692872033,2.343561251778492,3.7605432476260137,1.4169819958475216,0.9206483589988478,0.9562565521145083,24.23790224244292,81.7870553625732,26.581463494221413,89.69504062992652,27.998445490068935,94.47642739281291
219,0.7251370204596929,0.9684747595080818,0.505948050401555,0.9650128612779914,0.7418518011678732,0.9628580236291424,0.9836080102237702,0.9913482652108379,0.27486297954030714,0.03152524049191818,0.0163919897762298,0.008651734789162147,1.5133250715688384,2.2873505702756036,0.7740254987067652,0.9292716441936213,0.9271966153465815,24.333773904838896,88.53056146570107,25.847098976407736,94.03630499689537,26.6211244751145,96.85234628408975
220,0.8221295374111164,0.9847840709344,0.27329610232972856,0.9421257139059279,0.5703009238629588,0.9697361704149835,0.9882222931934013,0.9932000609110743,0.17787046258888362,0.015215929065599987,0.011777706806598731,0.006799939088925733,0.34382222590012557,0.8415989976674254,0.49777677176729984,0.9072321689464491,0.9338200159551693,16.265453352328365,91.44549980691907,16.609275578228488,93.37849205811038,17.10705234999579,96.17702737714097
221,0.7341582643552466,0.9183731239222683,0.5076420718171581,0.9686550642531401,0.6759661868453235,0.9749742457706073,0.9567749419570515,0.9713075288830794,0.26584173564475344,0.08162687607773167,0.043225058042948517,0.028692471116920637,3.8401818034783153,5.293440496081104,1.453258692602788,0.932778950762283,0.938864088519844,18.421485956702178,69.29493562033828,22.261667760180494,83.74030400527081,23.71492645278328,89.20693507837211
222,0.6529861177244151,0.912670267402554,0.6056054699929974,0.9418683286903478,0.7173168761294495,0.9721990051123071,0.9614763419088805,0.9729308322198702,0.34701388227558494,0.08732973259744603,0.03852365809111946,0.0270691677801298,4.880607450632657,6.026056481731623,1.1454490310989662,0.9069843165166311,0.9361916345525919,25.968414967813892,74.83393689475162,30.84902241844655,88.89852537353953,31.994471449545514,92.19939917025206
223,0.6943937394746459,0.9412739170947567,0.7061484462745476,0.9415163368222856,0.8498587077032331,0.9704277841115087,0.9808997192489601,0.9904395156282477,0.3056062605253541,0.05872608290524328,0.019100280751039866,0.009560484371752276,3.9625802154203416,4.916559853349101,0.9539796379287591,0.9066453613844232,0.9344860143296009,24.688017762011082,80.78374349913844,28.650597977431424,93.75003616804007,29.604577615360185,96.87163333783893
224,0.7542380015993646,0.9542974252005607,0.4980602797848618,0.9526304633190581,0.7107322998223,0.9703898970752243,0.9753871975480827,0.9859248061080937,0.2457619984006354,0.04570257479943929,0.024612802451917326,0.014075193891906257,2.1089772347521962,3.162738090753303,1.053760856001107,0.9173478535665004,0.9344495305168826,20.00594236011961,81.40372592310385,22.114919594871807,89.98510648021582,23.168680450872913,94.27283551423552
225,0.8690561304917652,0.96809940157045,0.40374919815931887,0.9535638924924615,0.7945289236203333,0.9686036850846821,0.9798116577269568,0.9930584212312572,0.13094386950823478,0.03190059842954995,0.020188342273043225,0.0069415787687427954,1.1712256156506728,2.495901966080716,1.324676350430043,0.918246711289037,0.9327294745259901,9.904327107868482,75.63795957049841,11.075552723519156,84.58244563196322,12.400229073949198,94.69881347266413
226,0.8660092381482462,0.9756888888478117,0.5625131949295099,0.9204147154265652,0.7240101055298568,0.9832544700806832,0.9882952654204982,0.993054654546029,0.13399076185175385,0.024311111152188314,0.01170473457950183,0.006945345453970964,1.2606376572686484,1.736576569821735,0.4759389125530866,0.8863252815218775,0.9468376378554727,10.967965069956554,81.8561288732085,12.228602727225201,91.26452121195352,12.704541639778288,94.81654902324145
227,0.7589400152072896,0.9222698120962199,0.49201915784723754,0.9687974119914742,0.7335346653674182,0.9595936850443346,0.9576780545191349,0.9771314796311154,0.2410599847927104,0.07773018790378006,0.0423219454808651,0.02286852036888465,3.540824242291496,5.486166753489541,1.945342511198045,0.9329160263621603,0.9240531781908407,16.332979688893033,67.75483580544447,19.87380393118453,82.44339660219504,21.819146442382575,90.51334862210769
228,0.7272436402706334,0.9435197990906425,0.45560065890738516,0.9501794787702325,0.8285445997541115,0.9712498678277895,0.9668402032298072,0.9895431674120249,0.2727563597293666,0.05648020090935746,0.03315979677019276,0.01045683258797514,2.3320404139164697,4.602336832138231,2.270296418221762,0.9149876462231867,0.9352776505008343,21.627615882000917,79.29280147110114,23.959656295917387,87.84270445495956,26.22995271413915,96.166236930882
229,0.8498546298626525,0.9640210339201412,0.3559817356486022,0.944084094726941,0.6258398171801887,0.9899623699884674,0.9751726044004242,0.9860903007933223,0.15014537013734752,0.03597896607985884,0.024827395599575808,0.013909699206677728,1.1151570480283035,2.2069266873181115,1.091769639289808,0.9091180171444616,0.9532970970259316,11.416640405748868,76.03724573928147,12.531797453777171,83.464428122649,13.62356709306698,90.73584540505402
230,0.6154607116863403,0.9369366663348959,0.45884122752669193,0.9618574984581265,0.7808410521490734,0.9654845960418011,0.9635129935529219,0.9849514255768784,0.3845392883136597,0.06306333366510408,0.03648700644707814,0.015048574423121575,2.657632721802594,4.80147592419825,2.1438432023956566,0.9262331466633811,0.9297259072995122,32.14759546485556,83.60028855785868,34.805228186658155,90.51150102058843,36.94907138905381,96.08659638157783
231,0.7979725235064067,0.9734463821494067,0.5951241285979213,0.9720687320497247,0.7357933281589301,0.9878656368579836,0.9887661101801892,0.9927572973564437,0.20202747649359332,0.026553617850593292,0.011233889819810772,0.007242702643556309,1.531972803078252,1.9310915207036983,0.39911871762544626,0.9360661864182533,0.9512780206780582,17.547385864300004,86.8564324459919,19.079358667378255,94.43942476796366,19.4784773850037,96.4149912827397
232,0.5867477171786097,0.9428815450565177,0.4934905133079893,0.9713001440560736,0.8299810440335397,0.9698621864826631,0.9693771077630421,0.9894920273683392,0.41325228282139026,0.05711845494348233,0.03062289223695791,0.010507972631660811,2.6495562706524423,4.661048231182152,2.01149196052971,0.9353260646465893,0.9339413647610829,35.61338278779079,86.17830867054901,38.26293905844324,92.5897826799923,40.27443101897295,97.45724994913036
233,0.8229573985750887,0.939054400038914,0.3878341972481243,0.9231712048861308,0.80162973129327,0.9525289725320153,0.9587390851736182,0.9866641912427411,0.17704260142491135,0.06094559996108595,0.041260914826381834,0.013335808757258927,1.9684685134704116,4.760979120382702,2.7925106069122907,0.888979678779237,0.9172501216974962,11.60970014638254,65.57574308636973,13.578168659852953,76.69435802778705,16.370679266765244,92.4674577474987
234,0.8064216382593877,0.9452212814548326,0.362390519651206,0.9306857634292726,0.8712507109631172,0.9481822394819733,0.9618125624222653,0.9921922262391721,0.19357836174061227,0.05477871854516736,0.038187437577734684,0.007807773760827863,1.6591280967432676,4.69709447843395,3.037966381690682,0.8962159203392994,0.9130643787604187,13.879964319544492,71.70204456086431,15.539092416287758,80.27287903753188,18.57705879797844,95.96660820423205
235,0.7934742238912874,0.9488777683110499,0.6098882552389439,0.9461127300601853,0.8856529480800002,0.9743499418283984,0.9782678128322171,0.9937169252253379,0.2065257761087126,0.05112223168895014,0.021732187167782913,0.006283074774662056,2.9390044521167225,4.483915691428808,1.5449112393120856,0.9110715178357339,0.9382629069458651,15.540354441976245,75.24656115465218,18.479358894092968,89.4772519066369,20.024270133405054,96.95772852520128
236,0.7488851934415353,0.9289012735215684,0.4649171469046463,0.8915240920828437,0.7220951066643156,0.9531208719638286,0.9560788285496866,0.9781699468686805,0.25111480655846474,0.07109872647843163,0.04392117145031338,0.02183005313131947,2.717755502811825,4.926867334711216,2.2091118318993908,0.8585046812649605,0.9178200989281311,18.001608008003313,71.68676453099616,20.719363510815135,82.50952540304006,22.928475342714528,91.3067439429395
237,0.7458717111400007,0.9414093656713278,0.47177557108191387,0.9498056400100792,0.7649349611544338,0.9738512225726665,0.9665454119056074,0.9851997380976621,0.2541282888599993,0.058590634328672175,0.03345458809439261,0.014800261902337852,2.5136046234279563,4.379037242633432,1.865432619205476,0.9146276533430392,0.9377826587736788,19.55376545313271,76.94446588708978,22.067370076560668,86.83555134909717,23.932802695766142,94.17606675402777
238,0.7612548463646105,0.9598311369749198,0.6560231439843868,0.9276397567070254,0.6523802604971928,0.9594146481462826,0.9847188227332911,0.9850632230777036,0.2387451536353895,0.04016886302508016,0.015281177266708856,0.014936776922296446,2.4887685758371303,2.5232086102783713,0.034440034441240996,0.8932827286808392,0.9238807722890129,19.857629061030934,83.17500380073646,22.346397636868065,93.5993769783297,22.380837671309305,93.74363135969335
239,0.8004767297417738,0.9231384773525896,0.48554624291653903,0.9239513002837978,0.8443986569551164,0.9636692042033512,0.9556944183569516,0.9867343740062551,0.19952327025822625,0.07686152264741042,0.04430558164304843,0.013265625993744923,3.255594100436199,6.359589665366549,3.103995564930351,0.8897308817547682,0.9279777521958197,12.266174761081583,61.477414364783115,15.521768861517781,77.79427853918621,18.625764426448132,93.35133893075412
240,0.66439229458481,0.9230074769380822,0.5266452769888614,0.9665435866665305,0.7887554597688985,0.9057817265187232,0.9607517941980851,0.9809173930027957,0.33560770541519,0.07699252306191784,0.039248205801914904,0.01908260699720432,3.7744317260002935,5.790991606471351,2.0165598804710583,0.9307456760492515,0.8722342551661779,25.861518235327217,77.05877373504634,29.635949961327512,88.30533233634794,31.65250984179857,94.31401404398726
241,0.6971402962161016,0.9390786344638046,0.5919023726498231,0.9799365536879563,0.8156896791732854,0.9693356625836951,0.9736939139250207,0.9878151879965688,0.30285970378389837,0.060921365536195426,0.026306086074979307,0.012184812003431245,3.461527946121612,4.873655353276418,1.4121274071548062,0.943642607255069,0.9334343417472619,24.193833824770294,79.88462486918858,27.655361770891908,91.31410162979302,29.067489178046714,95.97674703792039
242,0.7532496751199844,0.9661269713107574,0.6636101355909707,0.8983566121377023,0.6870231116073289,0.9845589788916166,0.9870416579620995,0.9889775838730179,0.24675032488001558,0.03387302868924258,0.012958342037900472,0.01102241612698207,2.0914686651342107,2.285061256226051,0.19359259109184013,0.8650841450214911,0.9480938315252604,21.2877296190773,86.27234687301278,23.379198284211512,94.74839919898724,23.57279087530335,95.53296793739105
243,0.842383415890903,0.9550746528982983,0.48539769367844554,0.9736629377112958,0.7057623560642293,0.9804295265721065,0.9757421515813486,0.9860797190394656,0.15761658410909696,0.04492534710170171,0.024257848418651418,0.013920280960534437,2.066749868305029,3.100506614116727,1.033756745811698,0.9376013474256921,0.9441173218842506,11.269123700739526,71.49706843627199,13.335873569044555,84.60958372130376,14.369630314856252,91.16826377172387
244,0.7203456505716646,0.9569752611067243,0.4396365493780213,0.966475193355127,0.6385411373450779,0.9838222520143515,0.9745949086847261,0.9837503257903298,0.27965434942833545,0.04302473889327574,0.02540509131527391,0.016249674209670162,1.761964757800183,2.6775064683605576,0.9155417105603747,0.9306798158234556,0.9473843908286347,23.66296105350597,84.61502959591863,25.424925811306153,90.91553864003669,26.34046752186653,94.18937190038794
245,0.6559340666270508,0.9452312611865699,0.5959303412420175,0.9660186639571148,0.7454386973011432,0.9357158351522392,0.9763372483343384,0.9844814687450287,0.3440659333729492,0.05476873881343014,0.023662751665661563,0.015518531254971268,3.1105987147768577,3.925020755845887,0.8144220410690295,0.930240194921666,0.9010596931095637,28.929719455951908,84.08190596595226,32.04031817072877,93.12261128740916,32.8547402117978,95.48966353546254
246,0.8500276853924799,0.9584002286729612,0.5519709013945534,0.9760230321870622,0.7377576307824614,0.9550148613826399,0.9804646088337313,0.9882214711440874,0.14997231460752014,0.04159977132703885,0.01953539116626868,0.011778528855912573,2.206438016077017,2.9821242471126275,0.7756862310356105,0.9398740309949487,0.9196439405906902,10.837254328048129,72.26169947706276,13.043692344125146,86.97400168998318,13.819378575160757,92.14619785876003
247,0.7791385993384187,0.9454056772148538,0.48952341113776027,0.937967158375373,0.7977000256808003,0.9702834347790799,0.9695295733596987,0.9881032369988215,0.22086140066158133,0.0545943227851462,0.030470426640301307,0.011896763001178479,2.412389614484489,4.269755978396772,1.8573663639122828,0.9032276339911,0.9343470112687435,16.626707787643515,75.28118420800958,19.039097402128004,86.203824412492,20.896463766040284,94.61347117896463
248,0.7366340303424754,0.9910376784692861,0.40859940479982226,0.9738824001734606,0.7423321230556379,0.9623732883606791,0.994538309191441,0.9975845570157368,0.26336596965752457,0.008962321530713857,0.005461690808558961,0.0024154429842632164,0.3500630722154896,0.6546878546450641,0.30462478242957447,0.9378126816485176,0.9267298332362095,25.44036481268107,96.59700851162803,25.79042788489656,97.9261972168761,26.095052667326136,99.08285683704534
249,0.7169754716986916,0.9460035650143112,0.45302532384613103,0.9625198013393637,0.7459944246517834,0.9796495989794979,0.9685828604548488,0.9854164052795802,0.2830245283013084,0.053996434985688846,0.03141713954515124,0.014583594720419812,2.2579295440537606,3.9412840265269034,1.6833544824731428,0.9268709198082761,0.9433662804987757,22.902809331561958,80.92164120552684,25.160738875615717,88.89949937070313,26.844093358088863,94.84723292078272
250,0.7612557819194158,0.9437341685481854,0.6101313230051928,0.9451000646808736,0.8375498752297574,0.9791171727637142,0.9759959982338795,0.9902049750368002,0.23874421808058421,0.05626583145181463,0.024004001766120497,0.009795024963199839,3.2261829685694132,4.647080648861479,1.4208976802920659,0.9100963585815819,0.9428535737724655,18.24783866287696,76.43258885841456,21.474021631446373,89.94572435759748,22.894919311738438,95.89727238550603
251,0.7870890944972093,0.9632893324882569,0.512648763926161,0.9452227295843473,0.7325019018865022,0.9483668524832773,0.980729512984141,0.9893650263747314,0.21291090550279068,0.03671066751174312,0.019270487015858984,0.010634973625268551,1.7440180495884139,2.607569388647457,0.8635513390590432,0.9102144803404825,0.9132421542431559,17.620023799104757,82.75773266519599,19.36404184869317,90.94903712407235,20.227593187752213,95.00496529280453
252,0.7072077447408956,0.9630464197174623,0.38406973505005393,0.9453637779128843,0.6851510403921832,0.9691844368177547,0.9756096531691792,0.9876881035394696,0.29279225525910435,0.0369535802825377,0.024390346830820753,0.012311896460530436,1.2563233451716949,2.4641683822007265,1.2078450370290317,0.9103503046568515,0.9332887169356155,25.583867497656666,87.37890787109929,26.84019084282836,91.66974317362435,28.04803587985739,95.79500610436737
253,0.6184372569766141,0.9269101095338296,0.5040615923221895,0.9445308553506454,0.7456713099654521,0.9150035006416949,0.9602431028652154,0.9785525123131058,0.3815627430233859,0.07308989046617043,0.039756897134784586,0.021447487686894195,3.333299333138584,5.1642402779276235,1.830940944789039,0.9095482310783992,0.8811144820994098,30.847285255721545,80.84459455159887,34.18058458886013,89.58050861576181,36.01152553364917,94.37904038613652
254,0.9104878687210279,0.9702505113799628,0.3404388244927681,0.9643770233595974,0.8054305536654953,0.9772789622218448,0.979460457737253,0.9939325163263152,0.08951213127897206,0.029749488620037234,0.020539542262747013,0.006067483673684815,0.9209946357290222,2.368200494635242,1.4472058589062198,0.9286593558277604,0.9410834451025172,5.976264265893483,66.76485276915096,6.897258901622505,77.05390099724717,8.344464760528725,93.22160741008949
255,0.6835209582359045,0.9451239236988571,0.4423886367750827,0.9673683685299329,0.7973596680286438,0.9774630773427458,0.9676155253894304,0.9881061238324952,0.31647904176409547,0.054876076301142884,0.03238447461056959,0.011893876167504813,2.2491601690573293,4.298220013363807,2.049059844306478,0.9315399104362316,0.9412607411448664,26.160296546295257,82.6604390624869,28.409456715352587,89.76726091242747,30.458516559659067,96.2418123799899
256,0.7174196067667548,0.958867977289333,0.58145583588104,0.9552100837770825,0.7444677660008311,0.9805317536077153,0.9815508464209007,0.9889445299117362,0.28258039323324524,0.04113202271066696,0.018449153579099264,0.011055470088263797,2.2682869131567696,3.0076552622403163,0.7393683490835468,0.9198319325260794,0.9442157627333554,24.144837052257827,85.4441342373262,26.4131239654146,93.47118412285911,27.152492314498144,96.0876726223753
257,0.7313785716620744,0.9143969985409296,0.509426815782711,0.9535046948227448,0.8120406309974382,0.9587582180466858,0.9540479013652878,0.9819776800286228,0.26862142833792557,0.0856030014590704,0.04595209863471217,0.018022319971377154,3.9650902824358236,6.7580681487693255,2.7929778663335014,0.918189706125606,0.923248654415327,18.301842687885518,68.13247476616723,22.266932970321342,82.89336077205857,25.059910836654844,93.29081075814061
258,0.6283869820762681,0.9213461279601008,0.4287245074652949,0.962331965702419,0.6681970644411913,0.9768982389195245,0.9517665410941162,0.9718217004170995,0.3716130179237319,0.07865387203989915,0.04823345890588382,0.028178299582900523,3.0420413134015334,5.047557245699863,2.0055159322983296,0.9266900410467738,0.9407168226632459,29.295914588383276,78.83446804975985,32.33795590178481,87.02051419636139,34.34347183408314,92.41730019568806
259,0.7428966240266165,0.9316302386977753,0.558020920001706,0.9407654709333706,0.7120052594459999,0.9756581960043688,0.9666712048602287,0.9787968727455543,0.2571033759733835,0.06836976130222472,0.03332879513977127,0.02120312725444573,3.5040966162453446,4.716663404777899,1.2125667885325542,0.9059223053432457,0.9395227072634662,18.873361467115878,73.40767656458051,22.377458083361223,87.03681154959956,23.590024871893778,91.75307318537864
260,0.8329055668169094,0.9619014203741529,0.60191239828568,0.9476319240636887,0.6827331707663182,0.9390571087768634,0.9836336970494396,0.9867950174892399,0.16709443318309058,0.03809857962584706,0.016366302950560407,0.013204982510760077,2.1732276675286655,2.4893597115086985,0.31613204398003303,0.9125344453946631,0.9042772158592017,12.899585355724351,77.19937229500563,15.072813023253017,90.20535715117012,15.38894506723305,92.09729357273623
261,0.7808573633824127,0.9464434546423689,0.5482935502089605,0.9756693592852185,0.8137042790911146,0.9820029389109116,0.9744706205329573,0.9893788728645238,0.21914263661758726,0.0535565453576311,0.0255293794670427,0.01062112713547625,2.80271658905884,4.293541822215485,1.4908252331566452,0.9395334570894696,0.945632459691989,16.558609125995616,75.5608738745398,19.361325715054456,88.35033662956585,20.8521509482111,95.15332693837642
262,0.7521587160071543,0.9266987915132665,0.35133983672216396,0.9749833885270294,0.906329548770511,0.9665984804188915,0.9500058894305913,0.9923930118492397,0.24784128399284566,0.0733012084867335,0.04999411056940872,0.00760698815076033,2.330709791732477,6.569422033597316,4.238712241864839,0.9388728926556579,0.9307985366996733,17.454007550611216,70.42413301536581,19.784717342343694,79.82817480446403,24.023429584208532,96.93070176678881
263,0.8205491478047447,0.9804882084905124,0.26652990147251954,0.9306907203570118,0.7995115921825575,0.9655101288233779,0.9845590656346701,0.9958847494073348,0.17945085219525525,0.019511791509487564,0.015440934365329895,0.004115250592665154,0.4070857144157669,1.539654091682241,1.132568377266474,0.8962206936771224,0.929750494422512,15.993906068576768,89.12694407923047,16.400991782992534,91.3954521940475,17.53356016025901,97.70675338549663
264,0.8320379662907502,0.9352933747460604,0.47000585156810853,0.9677495936310951,0.7425168189962922,0.987888090394993,0.9634945074719239,0.9822874694593705,0.16796203370924978,0.06470662525393955,0.03650549252807611,0.01771253054062949,2.8201132725863443,4.699409471331006,1.8792961987446621,0.9319070160892027,0.9512996426025858,10.325540845531023,61.475445477190526,13.145654118117367,78.26562841500905,15.024950316862029,89.45444387075551
265,0.8334170778994014,0.9271885728283257,0.36641033544278784,0.9286562176833237,0.8228315780744738,0.9714367979832326,0.9491468346962457,0.9858802372178794,0.16658292210059855,0.07281142717167433,0.05085316530375428,0.01411976278212057,2.195826186792005,5.869166438955375,3.6733402521633707,0.8942615429543117,0.9354576573171869,9.377149492892423,56.29118144073383,11.572975679684427,69.47276187588767,15.246315931847798,91.52388335846713
266,0.8731468607329079,0.9379923158638883,0.502573701543784,0.951051982871393,0.7938879501441457,0.9750588685175908,0.9665798455082973,0.9862186429467219,0.12685313926709207,0.062007684136111685,0.03342015449170266,0.013781357053278098,2.8587529644409027,4.822632708283359,1.963879743842456,0.9158278353576377,0.9389455770910133,6.484545513098039,51.11852612054548,9.34329847753894,73.65445216035546,11.307178221381397,89.13597477137625
267,0.8400257490186958,0.9370551855644623,0.583554458317983,0.9572506247548549,0.8703430287463159,0.9791676064773948,0.9716065743806618,0.9911836715122645,0.15997425098130424,0.06294481443553768,0.02839342561933822,0.008816328487735503,3.4551388816199458,5.412848594780217,1.9577097131602716,0.9217968979120824,0.9429021395708246,9.702943654576657,60.6531588368594,13.158082536196602,82.25125265774398,15.115792249356874,94.48890778756274
268,0.7543710636013665,0.9407078093850226,0.48910571438154227,0.9408309151523452,0.7629800344660924,0.9859184942822353,0.9669062059460036,0.9850735909130475,0.24562893639863348,0.05929219061497737,0.03309379405399637,0.01492640908695253,2.6198396560980997,4.436578152802484,1.8167384967043843,0.9059853257022583,0.9494029944940043,18.63367457836561,75.861072606384,21.25351423446371,86.52691554211343,23.070252731168097,93.92318783535816
269,0.6943639343016359,0.9633399305921275,0.5055160697270314,0.9196500442646673,0.8141121922560512,0.9869658484549124,0.9799485138948446,0.9928835920718798,0.3056360656983641,0.036660069407872475,0.02005148610515539,0.007116407928120183,1.6608583302717084,2.9543661479752292,1.2935078177035209,0.8855889315141241,0.9504115577713971,26.89759962904916,88.00531955412201,28.558457959320872,93.43942408781545,29.851965777024393,97.67160727191684
270,0.6256549451607389,0.9460399131284063,0.49079139571172614,0.9696889780029214,0.7398977970597154,0.9578747969659874,0.9709189923009571,0.9847481115155151,0.37434505483926106,0.053960086871593704,0.02908100769904287,0.015251888484484888,2.4879079172550833,3.8708198387108816,1.3829119214557983,0.9337745714102206,0.9223979526339138,32.03849679676674,85.58546822669703,34.52640471402182,92.23149676398694,35.909316635477616,95.92571391358867
271,0.7328037243844894,0.9516218341103254,0.3438594764426595,0.9718738395404158,0.5693617655290515,0.9763952341148184,0.9668169555842919,0.9780698398202526,0.2671962756155106,0.048378165889674585,0.033183044415708074,0.02193016017974736,1.519512147396651,2.6448005709927225,1.1252884235960714,0.93587851215003,0.9402324476661214,21.881810972583605,81.89414662377642,23.401323119980255,87.58102284948848,24.526611543576326,91.79249032224372
272,0.6816134125706429,0.8541407287491628,0.6271435680486327,0.9887103174763856,0.7192756683361639,0.9579981563249929,0.9394975667847751,0.9523443914288003,0.3183865874293571,0.1458592712508372,0.06050243321522486,0.04765560857119966,8.535683803561234,9.820366267963754,1.28468246440252,0.952091416829112,0.9225167431277709,17.252731617851992,54.18799754458874,25.788415421413223,80.99717902574994,27.073097885815745,85.03215573370427
273,0.6766628954535805,0.8928778275903168,0.4662086928570035,0.9271556606754934,0.79330921876201,0.9789816591619366,0.9353901172546709,0.9752958308683057,0.3233371045464195,0.10712217240968325,0.06460988274532908,0.024704169131694265,4.251228966435416,8.241800327798899,3.990571361363482,0.8928165621319565,0.9427230791929759,21.621493213673627,66.86981762889374,25.872722180109044,80.01779510088566,29.863293541472522,92.35962443396359
274,0.8092002786541679,0.9225208889795206,0.5078623404661052,0.9683207597096162,0.7465273109579627,0.9703995979195855,0.9590623761638906,0.978533333517369,0.19079972134583212,0.07747911102047944,0.04093762383610944,0.02146666648263096,3.6541487184370003,5.601244453784848,1.947095735347848,0.9324570278685193,0.9344588720707119,11.332061032535268,59.39244015978122,14.986209750972268,78.54419097294783,16.933305486320116,88.74911015005009
275,0.7223311852504206,0.9694454085474205,0.5355040625742616,0.9322718726906156,0.7783072913911708,0.9547370893498234,0.9845394274056101,0.9927346935424535,0.2776688147495794,0.03055459145257955,0.015460572594389932,0.007265306457546528,1.5094018858189617,2.328928499503302,0.8195266136843404,0.8977432848131853,0.919376456410941,24.711422329699985,88.99603058408422,26.220824215518945,94.43200972772786,27.040350829203284,97.3834632945371
276,0.7810049414517088,0.8776707564684374,0.6058670346095862,0.9451646375031673,0.7886867394145057,0.9745440615613863,0.9450713941466732,0.9706645271747815,0.21899505854829115,0.1223292435315626,0.05492860585332682,0.029335472825218534,6.740063767823578,9.299377070634407,2.5593133028108284,0.9101585398178648,0.9384498370591127,9.666581501672855,44.14063753653716,16.406645269496433,74.91787887021462,18.96595857230726,86.60450467709997
277,0.7172300581345107,0.9608445047384278,0.35202893684421516,0.9447250142059233,0.6935877582800837,0.9860626041196181,0.9728094745879755,0.987495214856017,0.2827699418654893,0.03915549526157225,0.02719052541202449,0.01250478514398301,1.1964969849547757,2.665071011758924,1.468574026804148,0.9097351988649631,0.9495417669300026,24.361444660391708,86.15287926175756,25.55794164534648,90.38422357318349,27.02651567215063,95.57775304493595
278,0.6924178193216514,0.9588910340204595,0.4872449675822268,0.9539822958897622,0.7463238539821571,0.9599839493754615,0.9774761269495142,0.9887981284051067,0.30758218067834864,0.0411089659795405,0.022523873050485754,0.011201871594893276,1.8585092929054747,2.9907094384647226,1.1322001455592479,0.9186496182642154,0.9244289882874814,26.647321469880815,86.63480248144484,28.50583076278629,92.6771203062508,29.638030908345534,96.35808824484292
279,0.6196044189395475,0.9372610793693705,0.3843280988249152,0.9351255090178674,0.7589331908076953,0.9546638371248612,0.9577889913548763,0.9833779767491387,0.38039558106045246,0.06273892063062947,0.042211008645123727,0.016622023250861262,2.0527911985505742,4.611689737976821,2.5588985394262465,0.9004912309060945,0.9193059172313478,31.7656660429823,83.506927063735,33.818457241532876,88.90339143071813,36.37735578095912,95.63033219141953
280,0.8055474390736838,0.9189818295788044,0.5739836012154481,0.9478239469343213,0.6345125984298748,0.9850353284112884,0.9618848839177839,0.9683249553222208,0.19445256092631624,0.08101817042119563,0.03811511608221607,0.03167504467777915,4.290305433897956,4.934312574341648,0.644007140443692,0.9127193563071241,0.9485525384701295,11.34343905051206,58.335251520860254,15.633744484410016,80.3987584937701,16.27775162485371,83.71065697109448
281,0.6762556719575714,0.9524524133638862,0.6203311003748272,0.915127557801505,0.7167660055138493,0.9949339073189493,0.9797088979915988,0.985987750656277,0.3237443280424286,0.0475475866361138,0.02029110200840123,0.014012249343723027,2.7256484627712574,3.3535337292390777,0.6278852664678203,0.8812339445495974,0.9580845033441733,27.619674140631478,85.31322944756505,30.345322603402735,93.7323683379738,30.973207869870556,95.67181626672804
282,0.801772952863437,0.9029368363951799,0.38258859847046073,0.9400149605452337,0.6872034290284141,0.9547891567730085,0.9340510955869039,0.9659811045978567,0.19822704713656303,0.09706316360482015,0.06594890441309609,0.03401889540214331,3.111425919172406,6.304426820267683,3.1930009010952776,0.9051995916361509,0.9194265954110451,10.116388353174289,51.03434924400041,13.227814272346695,66.73062260385566,16.420815173441973,82.83841892740958
283,0.5988991133573923,0.9716333229491786,0.4533183887449703,0.9293336378078101,0.7968753429701274,0.9335478673433889,0.9831160652432298,0.993687780874202,0.4011008866426077,0.02836667705082141,0.01688393475677019,0.0063122191257980464,1.1482742294051218,2.2054457925023363,1.0571715630972145,0.8949138734445579,0.8989720204047448,37.27342095917863,92.92779497740254,38.42169518858375,95.79060148729756,39.47886675168096,98.4262764466481
284,0.7322742947055968,0.9223660272059503,0.7028568302618545,0.9678793015608925,0.821128644635107,0.9789632410337095,0.9748108554447955,0.9848541090123827,0.2677257052944032,0.07763397279404971,0.02518914455520449,0.015145890987617316,5.244482823884522,6.248808180643239,1.0043253567587174,0.9320319200216002,0.9427053432176461,19.00917325003535,71.00242103809946,24.25365607391987,90.59143591478997,25.25798143067859,94.34275802132551
285,0.7530203861828124,0.943966942459657,0.5085650218796269,0.9395927844236254,0.6673409585366858,0.9557444916168971,0.969888274963284,0.9797575222700524,0.24697961381718758,0.056033057540343045,0.030111725036715997,0.020242477729947583,2.592133250362705,3.579057981039546,0.9869247306768414,0.9047930516671947,0.9203465474829379,19.094655627684453,77.3126791015965,21.68678887804716,87.80801193615743,22.673713608724,91.80398842759107
286,0.6903843125219308,0.9388773935013894,0.5045086423242772,0.9421040357406466,0.8353312466152317,0.9575201040977246,0.9668938261974216,0.9889281291690896,0.3096156874780692,0.061122606498610565,0.03310617380257841,0.011071870830910435,2.8016432696032156,5.0050735667700135,2.2034302971667974,0.9072112936761781,0.9220563965385495,24.849308097945865,80.25855634238816,27.65095136754908,89.30733320645344,29.85438166471588,96.42399552778001
287,0.752720442753116,0.9527312623776427,0.6664321074195346,0.9473074559154637,0.8013095253909868,0.9793006247736501,0.9828298063826367,0.9900341401714953,0.247279557246884,0.04726873762235728,0.017170193617363272,0.00996585982850473,3.009854400499401,3.730287779385255,0.7204333788858541,0.9122219945852613,0.9430302312635148,20.001081962452673,80.88449439629004,23.010936362952073,93.05636349056525,23.731369741837927,95.9698003589699
288,0.7506250880418617,0.9582763382866354,0.6117440484593917,0.921921415127102,0.8873631219637991,0.9611825579265963,0.9819936963622067,0.994923596844031,0.24937491195813832,0.04172366171336461,0.01800630363779332,0.005076403155969023,2.3717358075571293,3.664725855739559,1.2929900481824297,0.8877761775298019,0.9255832039293149,20.76512502447737,83.2687011753738,23.1368608320345,92.77942456343966,24.42985088021693,97.96434889295472
289,0.7943632190346359,0.9289231543516755,0.5871010443110973,0.9726178977919998,0.5356549375052203,0.9888384216666213,0.9685393876236933,0.9653156774538805,0.20563678096536409,0.0710768456483245,0.03146061237630671,0.03468432254611953,3.96162332720178,3.6392523102204977,-0.3223710169812821,0.9365950126885924,0.9522147764197093,13.455993531703959,65.43573318223837,17.41761685890574,84.70088267837372,17.095245841924456,83.13321071099557
290,0.7739620315866204,0.9547822365780226,0.43661289208924936,0.968193054867741,0.7842351827681794,0.9509213017006599,0.9731809561530907,0.9893683949876719,0.22603796841337964,0.045217763421977364,0.026819043846909252,0.010631605012328071,1.8398719575068112,3.4586158409649292,1.618743883458118,0.9323340528356023,0.9157019942302651,18.082020499140228,79.99550087121521,19.92189245664704,88.1351597542841,21.540636340105156,95.29654018439729
291,0.7114841537488253,0.8786851749925988,0.28844592652908957,0.9425642304393475,0.8335494576930075,0.9762215398621582,0.9056114260026777,0.9770008209561107,0.28851584625117466,0.1213148250074012,0.09438857399732226,0.022999179043889262,2.692625101007895,9.831564596351194,7.138939495343299,0.907654444126779,0.9400651865339301,16.720102124377345,57.95211022766924,19.41272722538524,67.28478687609069,26.55166672072854,92.0284520442365
292,0.7721340154720577,0.9488107813354788,0.4505281765045177,0.9422920124493301,0.7431796931359262,0.9614229498450549,0.9694995382928067,0.9857930930367871,0.22786598452794227,0.0511892186645212,0.030500461707193338,0.014206906963212917,2.068875695732786,3.698231170130828,1.629355474398042,0.9073923082845401,0.9258146924433862,17.667676586342107,77.53538389217366,19.736552282074893,86.6147368285883,21.365907756472936,93.76523574036528
293,0.8650392187370508,0.9808092382059561,0.560608530768167,0.9129969085847395,0.7179698173445033,0.9766831293330462,0.9906713332926449,0.9943817287204967,0.1349607812629492,0.019190761794043887,0.009328666707355104,0.005618271279503317,0.9862095086688782,1.357249051454057,0.3710395427851787,0.8791822082667861,0.9405096800984889,11.57700194689053,85.78048999534627,12.563211455559408,93.08786847552423,12.934250998344588,95.83710821252804
294,0.6951670333180199,0.973594705982022,0.6084958532550998,0.9346123488962357,0.8948098447474795,0.9685449409719128,0.9887665943855541,0.9970630891602885,0.3048329666819801,0.026405294017977976,0.011233405614445857,0.002936910839711482,1.5171888403532119,2.3468383178266494,0.8296494774734375,0.8999970767148936,0.9326729061211012,27.842767266400216,91.33778268623894,29.359956106753426,96.31489804507751,30.189605584226864,99.03655078002916
295,0.6636210389534714,0.933747868239337,0.430906046688962,0.9717057544945554,0.7408930371556401,0.9676711333562505,0.9601032631813626,0.9813556200205776,0.33637896104652865,0.06625213176066302,0.03989673681863737,0.018644379979422365,2.6355394942025656,4.7607751781240655,2.1252356839215003,0.9357166524762385,0.9318314617504634,27.012682928586564,80.304317620061,29.64822242278913,88.13934834256214,31.773458106710628,94.45732874570493
296,0.6405713300693537,0.9472844396121032,0.6464842223473218,0.9112126975014747,0.7061234278816962,0.9730183969824822,0.9788665238050741,0.9834703518253772,0.35942866993064626,0.05271556038789682,0.021133476194925893,0.01652964817462277,3.1582084192970927,3.618591221327405,0.46038280203031245,0.8774640790754941,0.9369806785757235,30.671310954274944,85.33351265549614,33.82951937357204,94.12025863184378,34.28990217560235,95.40113253129967
297,0.6811383326812291,0.9458124017920987,0.5035279459407935,0.9342304716537921,0.6994218937172594,0.9800781730545634,0.9704532118482178,0.9827326024324322,0.31886166731877086,0.05418759820790131,0.029546788151782244,0.017267397567567788,2.4640810056119067,3.6920200640333523,1.2279390584214456,0.899629343074022,0.9437789814599499,26.467406911086954,83.00592270511802,28.931487916698863,90.73366566754984,30.159426975120308,94.58467437846478
298,0.766407805430222,0.9709140353885249,0.3173575235938937,0.939734111057214,0.5407266386620964,0.9404672511408239,0.978701872237271,0.9855814105921963,0.23359219456977798,0.029085964611475057,0.02129812776272899,0.014418589407803717,0.7787836848746066,1.466737520367134,0.6879538354925274,0.9049291439810209,0.9056351307282007,20.450622995830294,87.54840046558724,21.229406680704898,90.88234613234609,21.917360516197427,93.8274523965326
299,0.8058903535730172,0.9811631220846482,0.39561103210221377,0.9748326659685697,0.6788774905040665,0.9644793599725522,0.9882370756334371,0.9936484709885288,0.1941096464269828,0.018836877915351824,0.011762924366562899,0.00635152901147118,0.7073953548788925,1.2485348903880644,0.5411395355091719,0.9387277524141782,0.9287579021957909,17.527276851163098,90.29575383702654,18.234672206041992,93.94006192732533,18.775811741551163,96.72786534395115
300,0.716110207547531,0.9116463613817927,0.6339186419711912,0.9632155552031957,0.8019682200545665,0.9778314698876072,0.9644742859134614,0.9807501521345051,0.28388979245246904,0.08835363861820733,0.035525714086538596,0.019249847865494885,5.2827924531668735,6.910379075271244,1.627586622104371,0.9275409050104847,0.9416154895213994,19.55361538342617,68.87748662784338,24.836407836593043,87.4860896618935,26.463994458697414,93.21925325345474
301,0.719488392168691,0.9753866640604278,0.5024156977347584,0.9589081506657836,0.6587916980714613,0.9723611283382783,0.9870749140061249,0.9912227808682279,0.280511607831309,0.024613335939572156,0.012925085993875096,0.008777219131772096,1.168824994569706,1.583611680780006,0.4147866862103,0.9233930339744583,0.9363477532146383,25.589827189173686,91.22555528811705,26.758652183743393,95.39231688349673,27.173438869953692,96.8709961061396
302,0.6888528812485085,0.9418496142133033,0.40077328608475454,0.9813745940927753,0.875609304234056,0.967616441971198,0.9636707792924833,0.9921255122584708,0.3111471187514915,0.058150385786696734,0.03632922070751665,0.007874487741529212,2.1821165079180083,5.027589804516753,2.845473296598744,0.9450273869041539,0.9317787959722647,25.299673296479476,81.31096761556691,27.481789804397483,88.32410184182606,30.327263100996227,97.46920756549943
303,0.6827118355234257,0.9738557153539994,0.5239225042792097,0.9487275530308619,0.7938108753481381,0.9699475991594757,0.9867074986294455,0.9943254921361407,0.31728816447657426,0.026144284646000604,0.013292501370554488,0.005674507863859257,1.2851783275446116,2.0469776782141347,0.7617993506695231,0.9135894955112003,0.934023614005421,29.114387983057366,91.76008197811902,30.399566310601976,95.81059022718892,31.1613656612715,98.21156018434523
304,0.7349231912050674,0.9539364936190075,0.33069212835120243,0.9252989211717485,0.6689451199654112,0.9692119640864981,0.9662502149875754,0.983773903453,0.26507680879493256,0.04606350638099255,0.03374978501242465,0.016226096547000024,1.2313721368567898,2.9837409833992523,1.7523688465424625,0.89102859075798,0.933315224675887,21.901330241394,82.6225815112223,23.13270237825079,87.26792239356782,24.885071224793254,93.87871891895576
305,0.8001384648389209,0.9065526607192833,0.3936443285544407,0.973607711078412,0.6582758932501884,0.9878925890543285,0.9396753022217548,0.9655710307834569,0.19986153516107907,0.09344733928071669,0.06032469777824523,0.03442896921654315,3.312264150247146,5.901837006417354,2.589572856170208,0.937548166223656,0.9513039746449089,10.64141958803624,53.243960021920934,13.953683738283384,69.81675451975973,16.54325659445359,82.77358913069742
306,0.5970471512078184,0.9260654041123982,0.42262403520813374,0.921325379252903,0.7092583764742527,0.9863223529864303,0.9523515264940912,0.9770071854414698,0.40295284879218163,0.07393459588760176,0.04764847350590884,0.022992814558530195,2.6286122381692922,5.094178132907157,2.4655658947378645,0.887202217058351,0.9497918954684144,32.901825290457985,81.6517996809764,35.53043752862728,88.17517393195476,37.996003423365146,94.29391934380182
307,0.8187919223008374,0.9439446929000039,0.5348642093016873,0.9559020529655256,0.6695495845208164,0.9575053976126163,0.9719156028842477,0.9799171829634391,0.18120807769916258,0.056055307099996066,0.02808439711575228,0.020082817036560896,2.7970909984243786,3.597249006343517,0.8001580079191384,0.9204982732260616,0.9220422347380749,12.515277059916652,69.06577906915508,15.31236805834103,84.50157549688412,16.11252606626017,88.91726169630147
308,0.79340633608272,0.9786925558578884,0.4860796756535255,0.9669492713053806,0.8018829938003726,0.9576383062611314,0.9885611929526645,0.9955161237423715,0.20659366391727996,0.02130744414211161,0.011438807047335464,0.004483876257628472,0.9868637094776145,1.6823567884483137,0.6954930789706992,0.9311363353311072,0.9221702208440524,18.528621977516835,89.686303181765,19.51548568699445,94.463137527821,20.210978765965148,97.82961579140016
309,0.7647771686317145,0.9465846086347879,0.660132279396916,0.9146528624120945,0.751354171879455,0.9661560382531379,0.9794624613798621,0.9856854004049599,0.23522283136828548,0.05341539136521212,0.020537538620137852,0.014314599595040112,3.2877852745074265,3.9100791770172005,0.622293902509774,0.8807768304709058,0.9303724812807994,18.180744000307335,77.29157877468948,21.468529274814763,91.26890085427868,22.090823177324538,93.91445145363976
310,0.7795541585753017,0.952915235537312,0.6397642235078936,0.9531282309937565,0.6397747175132199,0.9716401325866406,0.9816673193302906,0.9820108288188732,0.22044584142469825,0.047084764462687945,0.01833268066970939,0.01798917118112675,2.8752083792978556,2.9095593281561194,0.03435094885826384,0.9178271854013952,0.9356534610093575,17.33610769620103,78.64111921622639,20.211316075498885,91.68381650965658,20.24566702435715,91.83964139905463
311,0.8037585071889093,0.9618400688908844,0.46353881707549244,0.932096303694079,0.8802425230548424,0.9790281366633551,0.9776757399594334,0.9951704169506432,0.1962414928110907,0.03815993110911564,0.022324260040566646,0.004829583049356767,1.5835671068548995,3.3330348059758874,1.7494676991209879,0.8975742183720761,0.9427678353054529,15.808156170197506,80.5546061831838,17.391723277052407,88.62408773966227,19.141190976173394,97.53895927911336
312,0.8493053038562728,0.9607919918209347,0.7205371490939723,0.9589583689495143,0.6949630826947868,0.9948296582893956,0.9882473608942163,0.9876419875203181,0.1506946961437272,0.039208008179065335,0.011752639105783724,0.012358012479681935,2.745536907328161,2.68499956993834,-0.06053733738982103,0.9234413923217544,0.9579841153897883,11.148668796466188,73.98182604803148,13.894205703794348,92.20102670728738,13.833668366404527,91.79930495503618
313,0.8454332204595637,0.9490457120853559,0.5134471112231702,0.9489630213470931,0.5729632845611746,0.981841637197368,0.9732095064856943,0.9771812165761047,0.1545667795404363,0.05095428791464407,0.026790493514305735,0.022818783423895317,2.4163794400338334,2.8135504490748753,0.39717100904104186,0.9138162427786822,0.9454771321159839,10.361249162579222,67.03412721275343,12.777628602613056,82.66736643283879,13.174799611654098,85.23694192779266
314,0.7816548279126195,0.9571506961258124,0.5546029144879436,0.9133358190933694,0.7913965966312159,0.941573711716145,0.9786350876814043,0.9901792571274445,0.21834517208738047,0.042849303874187616,0.02136491231859572,0.009820742872555521,2.1484391555591897,3.3028561001632095,1.1544169446040198,0.8795085665343556,0.9067006112822137,17.549586821319284,80.37542874681031,19.698025976878476,90.21507454717359,20.852442921482496,95.50219371526781
315,0.6432787481190273,0.9042953775206084,0.5916328898673688,0.9573595478473361,0.6773092242104967,0.9623039849974877,0.9568061186133565,0.9657270668224042,0.3567212518809727,0.0957046224793916,0.043193881386643485,0.03427293317759583,5.251074109274811,6.143168930179577,0.8920948209047652,0.9219017868159533,0.9266630966642474,26.10166294015811,73.17103425300677,31.35273704943292,87.89141909575491,32.244831870337684,90.39223679641276
316,0.5486603246920484,0.9711152461594659,0.5091126351557601,0.9754098073392641,0.8116886670893234,0.9756105617437179,0.9852517714700083,0.9942916361298139,0.4513396753079516,0.028884753840534128,0.014748228529991692,0.0057083638701861394,1.4136525310542436,2.317638997034799,0.9039864659805552,0.9392835181785505,0.9394768372346912,42.245492146741746,93.60021832318954,43.65914467779599,96.73234387827108,44.563131143776545,98.7352399572913
317,0.6243292466962209,0.9491635443700449,0.4085870179625804,0.9398452982279913,0.8094205499206137,0.9882013161069331,0.9673958476845671,0.989776444255154,0.3756707533037791,0.05083645562995509,0.0326041523154329,0.010223555744846013,1.8232303314522191,4.061289988510907,2.2380596570586886,0.9050362131084361,0.9516012673622318,32.4834297673824,86.46781651675526,34.30666009883462,91.32108314828858,36.544719755893304,97.2785861941776
318,0.6177833960565564,0.9190505103053499,0.5725072183087032,0.975901219796743,0.7784501972903553,0.9789100985703185,0.9628502078384901,0.9804552080682407,0.3822166039434436,0.0809494896946501,0.03714979216150993,0.019544791931759287,4.3799697533140165,6.140469776289081,1.7605000229750645,0.9397567301746415,0.94265416899364,30.12671142487935,78.8210431311801,34.50668117819337,90.28043476441778,36.26718120116843,94.88646183077611
319,0.6642442890913216,0.9377941922005526,0.4912180828303197,0.959666230474018,0.6724164976739655,0.9730912935109753,0.9660277393612442,0.9781575848536198,0.3357557109086784,0.0622058077994474,0.0339722606387558,0.02184241514638019,2.8233547160691597,4.0363392653067205,1.2129845492375613,0.924123036752758,0.9370508752327911,27.3549903109231,81.47289657974972,30.17834502699226,89.88185173475847,31.391329576229822,93.4945514143999
320,0.6775542104919088,0.9676610628146382,0.4259858414456436,0.9277292454543816,0.7226863473954966,0.9753211313692984,0.9797411319731094,0.9905872005383752,0.3224457895080912,0.03233893718536185,0.020258868026890586,0.009412799461624766,1.2080069158471263,2.2926137723737083,1.084606856526582,0.8933689030301453,0.9391981265037688,29.010685232272937,89.97073671369793,30.218692148120063,93.71712433963036,31.303299004646647,97.08081179289564
321,0.6464451875436091,0.9745653497464746,0.42355995105170124,0.9331680827882578,0.7735738756951124,0.9766817347816836,0.9841341488330412,0.9939859295987905,0.35355481245639087,0.025434650253525426,0.015865851166958822,0.0060140704012094925,0.9568799086566604,1.9420579852315933,0.985178076574933,0.8986063019442482,0.9405083371971767,32.812016220286544,92.80602346300614,33.768896128943204,95.51247766740106,34.75407420551814,98.29897085562898
322,0.7443995924098893,0.964695932890416,0.4952830977299092,0.9024007773874981,0.8402456588615911,0.9699394448796638,0.9799422070416004,0.9940085428664995,0.2556004075901107,0.035304067109584,0.0200577929583996,0.005991457133500466,1.5246274151184402,2.9312609976083537,1.4066335824899134,0.8689785263731463,0.9340157617359724,22.02963404805267,86.18778919703493,23.554261463171112,92.15267567547664,24.960895045661026,97.65592817711443
323,0.7386517791789619,0.966263965110536,0.4230713012441639,0.9635030646581606,0.8822517529794908,0.9518652606857736,0.9795222793292835,0.995699632475638,0.26134822082103815,0.03373603488946397,0.020477720670716515,0.004300367524362025,1.3258314218747458,2.9435667365101947,1.617735314635449,0.9278177659671175,0.9166109917714856,22.761218593157416,87.09153833782355,24.087050015032162,92.16458386195063,25.70478532966761,98.35454493975423
324,0.7175887846106315,0.9685186285163693,0.47307479762390575,0.9465162030870953,0.8444679711105075,0.9426394123498772,0.9822262880643602,0.9946654603614553,0.28241121538936853,0.03148137148363073,0.017773711935639813,0.005334539638544689,1.3707659547990914,2.614683184508604,1.2439172297095125,0.9114600474172028,0.9077268415221039,25.09298439057378,88.85264827736164,26.463750345372873,93.70644260316125,27.707667575082382,98.11107372942331
325,0.8137084744675577,0.9210462464142044,0.5965000316601564,0.946309163050124,0.7479543747860434,0.9704903184125453,0.9647376671971066,0.978222062116376,0.18629152553244233,0.0789537535857956,0.03526233280289337,0.021777937883624032,4.369142078290222,5.717581570217156,1.3484394919269338,0.911260675529749,0.9345462325454139,10.733777194664674,57.61817218462472,15.102919272954896,81.07142410149382,16.451358764881828,88.30975385413791
326,0.8008418156580699,0.9347305271557862,0.49998291926304034,0.9657368165071318,0.868948682528985,0.9647108101866697,0.9651080168682491,0.9906034643172047,0.1991581843419301,0.0652694728442138,0.0348919831317509,0.009396535682795304,3.03774897124629,5.5872937161418506,2.54954474489556,0.9299687862661269,0.9289807801797559,13.388871149771632,67.22732080537843,16.42662012101792,82.48026650421473,18.976164865913482,95.28187319348996
327,0.7685027234394866,0.9525451491767096,0.5052821333036372,0.9582415465160028,0.813575348413446,0.9774187831277955,0.9749245549292516,0.9905873807073735,0.23149727656051344,0.04745485082329037,0.025075445070748437,0.00941261929262649,2.2379405752541937,3.8042231530663884,1.5662825778121947,0.9227511188672619,0.9412180874563956,18.404242573722307,79.50090319490836,20.6421831489765,89.16814683813625,22.208465726788695,95.93402590627626
328,0.8621261938697063,0.9385535444724807,0.46879492973058806,0.9105980334453307,0.7903088683021249,0.9874584462188536,0.9632128981231773,0.9862879389264798,0.13787380613029365,0.06144645552751926,0.03678710187682266,0.013712061073520188,2.4659353650696603,4.773439445399907,2.307504080330247,0.8768721803547629,0.9508859111737108,7.642735060277439,55.43282857553735,10.1086704253471,73.31828074575813,12.416174505677347,90.05462933215756
329,0.7448860137025616,0.9561352203476478,0.44035112161239265,0.9197332494385521,0.6499796156985131,0.9842315181293871,0.9728423093780952,0.9839467015804056,0.2551139862974384,0.04386477965235225,0.027157690621904762,0.016053298419594353,1.6707089030447486,2.7811481232757895,1.110439220231041,0.8856690550149019,0.9477784989394098,21.12492066450862,82.80581151626468,22.795629567553366,89.35468375683585,23.906068787784406,93.70740167852743
330,0.7856982100589006,0.9313244783675703,0.6518025689671417,0.953628111596621,0.8149643936849938,0.9823165815532163,0.9737814327035995,0.9863002100914273,0.21430178994109939,0.06867552163242974,0.026218567296400486,0.01369978990857268,4.245695433602926,5.497573172385706,1.2518777387827806,0.9183085519078572,0.9459344859401342,14.562626830866964,67.9538273332644,18.80832226446989,87.76558641735721,20.06020000325267,93.60724429210879
331,0.6544523301877635,0.9670715207891526,0.5964342700724125,0.9472662942177907,0.8023564520639973,0.9830089421383509,0.9857011685757867,0.9932005279312742,0.3455476698122365,0.032928479210847406,0.014298831424213287,0.006799472068725776,1.8629647786634118,2.612900714212163,0.7499359355487512,0.9121823573949096,0.9466012035406342,31.261919060138908,90.47064064163996,33.12488383880232,95.86198007586538,33.874819774351074,98.03226221365622
332,0.7966747105443495,0.9660315954252192,0.47908762971128616,0.9664773201705248,0.8649339392455679,0.9792036678834825,0.9814004231771041,0.9951732399434944,0.20332528945565054,0.033968404574780786,0.018599576822895925,0.004826760056505619,1.5368827751884861,2.9141644518275167,1.3772816766390306,0.9306818638679127,0.9429368653692793,16.935688488086974,83.29356635088425,18.472571263275462,90.8523052529809,19.84985293991449,97.62608966674632
333,0.7035890534356033,0.9384271763604228,0.4082164938078117,0.9240350512639477,0.7769375299287768,0.9398430899726818,0.95967386740161,0.9846662387894576,0.2964109465643967,0.06157282363957717,0.04032613259839002,0.015333761210542418,2.124669104118715,4.623906242903475,2.49923713878476,0.8898115308467643,0.9050340866403602,23.483812292481954,79.22720994172184,25.60848139660067,86.39519455479052,28.10771853538543,94.82685731135403
334,0.78805880082163,0.9139391261301706,0.5751783854577819,0.9424542882160749,0.8096836713938638,0.97315876970648,0.9592824812360979,0.9819176079951257,0.21194119917836995,0.08606087386982941,0.04071751876390206,0.01808239200487427,4.534335510592735,6.797848186495514,2.263512675902779,0.9075485738377017,0.9371158523099437,12.588032530854054,59.3939855943721,17.12236804144679,80.7882946205121,19.38588071734957,91.46820340973153
335,0.8109160081123722,0.9635012251342187,0.4453676907579782,0.9781660081690271,0.6601377674260236,0.9459220890085525,0.9789724305678559,0.9865722743018543,0.1890839918876278,0.03649877486578135,0.021027569432144122,0.013427725698145654,1.5471205433637225,2.3071049167635693,0.7599843733998468,0.9419376374961002,0.9108879375637912,15.258521702184646,80.69705716416624,16.80564224554837,88.87924396865877,17.565626618948215,92.89853912851294
336,0.8457869116058242,0.8737752513568144,0.4382252755419047,0.9333342225724791,0.8103832809210144,0.9455927815623836,0.9200054872391451,0.9718476002282854,0.1542130883941758,0.12622474864318556,0.0799945127608549,0.028152399771714576,4.623023588233066,9.807234887147098,5.1842112989140325,0.898766288403128,0.9105708266897027,2.7988339750990243,18.149133800790473,7.4218575633320905,48.12728699370496,12.606068862246122,81.74448092255585
337,0.7706316249556175,0.9594882584467297,0.5793085903887674,0.9435740995868797,0.8305663704196401,0.984184585239221,0.9815230875434054,0.9927836280256841,0.22936837504438246,0.04051174155327031,0.018476912456594552,0.007216371974315905,2.2034829096675757,3.3295369578954404,1.1260540482278647,0.9086269107132915,0.947733304304435,18.885663349111216,82.33769518337856,21.08914625877879,91.94443765274123,22.215200307006654,96.85380690650159
338,0.7346138995993537,0.9703733509618828,0.6104382008659369,0.9530683659442049,0.6432958908191614,0.9567429837394731,0.9876743521384371,0.9887451204572435,0.26538610040064625,0.02962664903811718,0.012325647861562872,0.011254879542756502,1.730100117655431,1.837176949536068,0.10707683188063699,0.917769537575901,0.9213080584157889,23.57594513625291,88.83639761336761,25.306045253908337,95.35557896854614,25.413122085788974,95.7590546280437
339,0.7296024087503101,0.9402434196393552,0.6213133382963675,0.9522094745798676,0.8158857897337533,0.9837108750367746,0.9753479788194055,0.9882448057239464,0.2703975912496899,0.059756580360644795,0.024652021180594508,0.011755194276053649,3.5104559180050288,4.800138608459115,1.289682690454086,0.9169424570028354,0.9472771389243014,21.064101088904508,77.90047607877375,24.574557006909536,90.88304704688349,25.864239697363622,95.6526261118951
340,0.7100985614219194,0.9620629773124593,0.49786207838798424,0.9493942409133176,0.8033653161434885,0.9776470517831679,0.9795698488870901,0.9921312292706853,0.2899014385780806,0.037937022687540733,0.02043015111290991,0.007868770729314689,1.7506871574630822,3.0068251958226044,1.2561380383595222,0.9142314912498614,0.9414379017171246,25.196441589053986,86.91382047856828,26.94712874651707,92.95272516993482,28.20326678487659,97.28570828488823
341,0.7584099284111221,0.9189062800616157,0.6151042247979033,0.9696209337281448,0.8224574820558205,0.9580606058279155,0.9661542883569599,0.9839090986649134,0.2415900715888779,0.08109371993838432,0.033845711643040066,0.016090901335086616,4.724800829534425,6.500281860329771,1.775481030795345,0.933709047293769,0.9225768796861408,16.04963516504936,66.43333916619542,20.774435994583783,85.99043767798685,22.54991702537913,93.33958501305094
342,0.6553679350146344,0.9786065438358402,0.4922970856134363,0.9289285581996678,0.8390280509640817,0.9574273799101817,0.9881929358521835,0.9963379533727711,0.3446320649853656,0.021393456164159774,0.011807064147816515,0.00366204662722891,0.9586392016343259,1.7731409536930864,0.8145017520587605,0.8945237967848653,0.9219671065801749,32.323860882120584,93.79237791902266,33.282500083754904,96.57400882059018,34.097001835813664,98.93740397389186
343,0.8816293438424543,0.9119746634239081,0.6708568490385383,0.96293625328802,0.8040028039522982,0.9585800298561513,0.9680614544941438,0.9806465275945438,0.11837065615754572,0.0880253365760919,0.031938545505856175,0.01935347240545615,5.608679107023573,6.867186417063575,1.2585073100400024,0.9272719476106859,0.9230770657874049,3.034531958145381,25.6358463883698,8.643211065168954,73.01819002899883,9.901718375208956,83.65010972001573
344,0.7961164094547964,0.924814018882154,0.41511884879123656,0.9581040851769793,0.6939799406419646,0.9725528142910421,0.9527173846511199,0.9750569728518667,0.20388359054520355,0.07518598111784602,0.04728261534888012,0.024943027148133345,2.7903365768965904,5.024295396971268,2.2339588200746774,0.922618748688943,0.9365323396876701,12.869760942735752,63.12308365926273,15.660097519632343,76.80901379927533,17.89405633970702,87.76604478985612
345,0.6929008290359868,0.9437634355831169,0.5372194936137695,0.9607941378882094,0.6717060603117714,0.9764541905234833,0.9720995574851634,0.9803595244817653,0.3070991709640132,0.05623656441688307,0.027900442514836588,0.019640475518234668,2.8336121902046485,3.6596088898648405,0.825996699660192,0.9252091698182757,0.9402892205040949,25.086260654713012,81.68781627109209,27.91987284491766,90.91484277627502,28.74586954457785,93.60451691986619
346,0.7463679275404986,0.9613613655135256,0.6145888237186055,0.9636850888453118,0.6038577784488556,0.9854571781273964,0.984180275115205,0.9841003391116202,0.25363207245950137,0.03863863448647442,0.015819724884794995,0.015899660888379796,2.2818909601679427,2.2738973598094625,-0.00799360035848018,0.9279930485177076,0.948958764122678,21.499343797302693,84.7658720319592,23.78123475747064,93.7627269566545,23.773241157112157,93.73121043636208
347,0.7443807284047225,0.9362991735086515,0.5078315415755147,0.9635602712100805,0.6815939871960781,0.9870094094152728,0.9664162234600234,0.9785235896023048,0.25561927159527753,0.06370082649134845,0.03358377653997657,0.02147641039769521,3.0117049951371877,4.222441609365324,1.2107366142281362,0.9278728537578552,0.9504535053628552,19.191844510392908,75.0798028279315,22.203549505530095,86.86179788777825,23.41428611975823,91.59828198254986
348,0.7369138297687773,0.9526651053217904,0.5946437646834762,0.955471654099995,0.8925019652514186,0.974539209512604,0.9793556766574787,0.9945490952730107,0.2630861702312227,0.047334894678209616,0.02064432334252131,0.005450904726989281,2.6690571335688307,4.188398995122034,1.5193418615532028,0.9200838150592544,0.9384451647158408,21.57512755530131,82.00783620187725,24.244184688870142,92.15301841051648,25.763526550423343,97.92809149861486
349,0.7645742688692969,0.9476485612968953,0.49918382900304614,0.9577570201715976,0.8212978239375037,0.9599678333742734,0.9719239129204883,0.9898208602711308,0.2354257311307031,0.05235143870310466,0.028076087079511702,0.010179139728869191,2.4275351623592956,4.217229897423547,1.7896947350642511,0.9222845379430199,0.9244134691752262,18.30742924275984,77.76307693654763,20.73496440511914,88.07433369977538,22.524659140183388,95.67628411729643
350,0.8600186156101084,0.9347351751694369,0.4638131377197153,0.9547356431642227,0.8939027151176824,0.9576277252185953,0.9622671772664713,0.9923237074681822,0.1399813843898916,0.06526482483056306,0.03773282273352874,0.0076762925318177855,2.7532002097034325,5.758853229874528,3.005653020171095,0.9193750637877699,0.9221600316919806,7.471655955932855,53.37606845723124,10.224856165636286,73.04439951213004,13.230509185807382,94.51620473302583
351,0.7633171094944023,0.9788252304596914,0.5079761908602509,0.9614471749459895,0.8566135332930707,0.9650806077172875,0.9890505397204246,0.9967962067083382,0.23668289050559765,0.021174769540308613,0.01094946027957544,0.0032037932916617606,1.0225309260733173,1.7970976248646853,0.774566698791368,0.9258380203183603,0.9293368815055361,21.550812096528905,91.05352757224003,22.57334302260222,95.37378462119277,23.347909721393588,98.64637731742337
352,0.7283911859441122,0.9727986652427186,0.4198611082461103,0.9853575784580004,0.8138498540808397,0.9352402649202828,0.9838037730823447,0.9944652622054003,0.27160881405588777,0.02720133475728137,0.01619622691765532,0.005534737794599676,1.100510783962605,2.1666596962681695,1.0661489123055645,0.9488628533299263,0.9006017365899018,24.440747929860642,89.98510602395832,25.541258713823247,94.03692881839885,26.60740762612881,97.96223925433407
353,0.6978086890773225,0.929015000180349,0.43705739295101975,0.9558198775615783,0.7625327446719984,0.9810096433870663,0.9569359575316995,0.9818400331568851,0.3021913109226775,0.070984999819651,0.043064042468300534,0.01815996684311494,2.7920957351350473,5.282503297653607,2.4904075625185595,0.9204191413555939,0.944675952891249,23.120631110302647,76.50991366928676,25.912726845437696,85.74941075015904,28.403134407956255,93.9905727971902
354,0.80392891044294,0.9024744470186211,0.5872967700604477,0.9512471719611548,0.6578633892810278,0.9791045921613295,0.9552153396549709,0.9636121628857901,0.19607108955705999,0.09752555298137888,0.04478466034502915,0.0363878371142099,5.274089263634973,6.113771586716899,0.839682323081925,0.9160157952218527,0.9428414591183173,9.854553657568111,50.26010555574676,15.128642921203085,77.15896798135758,15.968325244285008,81.44150818133724
355,0.7508881047587835,0.9242509598171005,0.33949235066741706,0.9419728160281812,0.7411755546580467,0.9652849267442263,0.9456550194357396,0.9784971242693192,0.24911189524121646,0.07574904018289952,0.0543449805642604,0.02150287573068077,2.1404059618639115,5.424616445221875,3.2842104833579633,0.9070849339530633,0.9295336331611067,17.336285505831693,69.59236325926898,19.476691467695606,78.18451001240312,22.76090195105357,91.36818588696481
356,0.7961115599103393,0.9688741305566771,0.6052494255765678,0.9476818757044874,0.6079862966671302,0.9717139863711767,0.9867949141330181,0.9872054658631858,0.20388844008966067,0.03112586944332285,0.01320508586698188,0.012794534136814195,1.792078357634097,1.8331335306508656,0.04105517301676853,0.9125825469746914,0.9357245794685405,17.276257064633782,84.73387239137485,19.06833542226788,93.52337687159954,19.109390595284648,93.72473783644244
357,0.7681741643137587,0.9636249370613487,0.5797809145403423,0.966038691632626,0.6927877497316827,0.972398259856249,0.9838451209243826,0.9882146799597101,0.23182583568624127,0.03637506293865134,0.016154879075617412,0.01178532004028987,2.0220183863033925,2.4589742898361466,0.43695590353275415,0.9302594808314176,0.9363835094912026,19.54507727475899,84.3093144338398,21.567095661062385,93.0314587121852,22.00405156459514,94.91630429999165
358,0.7888888301640541,0.9729975256971104,0.6640021516892115,0.9564610910033181,0.8500755409625002,0.9705208151386221,0.9903451045920498,0.9957312414073313,0.2111111698359459,0.0270024743028896,0.00965489540795017,0.004268758592668731,1.734757889493943,2.273371571022087,0.5386136815281439,0.9210366061513433,0.9345755997631175,18.41086955330563,87.209357835555,20.145627442799572,95.42662976314661,20.68424112432772,97.97795701857652
359,0.7912001782437474,0.9325276706967395,0.44390804307256576,0.9736486801766302,0.7591164598559053,0.9759872733614409,0.9603153827737215,0.9824555460823983,0.20879982175625256,0.06747232930326053,0.039684617226278474,0.017544453917601732,2.778771207698205,4.99278753856588,2.214016330867674,0.937587617947866,0.9398395965702764,14.132749245299204,67.68563845709315,16.911520452997408,80.99394104243764,19.125536783865083,91.59747658305825
360,0.6997684080206068,0.9382000441645659,0.609753186041527,0.9395285344443669,0.7264282123994136,0.9863760231917249,0.9733682751969077,0.9820584948667904,0.3002315919793932,0.06179995583543407,0.026631724803092283,0.01794150513320958,3.516823103234179,4.38584507022245,0.8690219669882704,0.9047311813167978,0.9498435778883276,23.843163614395912,79.41590509246748,27.359986717630093,91.12960610590235,28.22900868461836,94.02411151507299
361,0.7488755315534794,0.9483700385096887,0.4990903246640299,0.9565555010496444,0.8284716805278198,0.9862150653639788,0.972281777963913,0.9906201619686881,0.2511244684465206,0.051629961490311294,0.02771822203608698,0.009379838031311927,2.3911739454224312,4.225012345899937,1.8338384004775055,0.9211275195292872,0.9496885814616092,19.94945069562093,79.4404894872654,22.340624641043362,88.96235711017947,24.174463041520866,96.26486495348841
362,0.6616625945858806,0.9364337266037517,0.2679380327565516,0.9511901332161175,0.5966231186771728,0.9305615072410652,0.9503505933484588,0.9714161359418931,0.3383374054141194,0.06356627339624832,0.04964940665154116,0.028583864058106867,1.3916866744707157,3.498240933814145,2.1065542593434294,0.9159608690229278,0.8960962662321369,27.477113201787105,81.21216502253297,28.86879987625782,85.32547514491603,30.97535413560125,91.551668955101
363,0.7179816993203021,0.9535953949713517,0.47009867651809445,0.9344515903650493,0.5451823268320849,0.9771611711198309,0.9731457503165689,0.9778516668978547,0.2820183006796979,0.046404605028648294,0.026854249683431086,0.022148333102145257,1.9550355345217207,2.4256271926503037,0.47059165812858295,0.8998422722033808,0.9409700166339112,23.56136956510496,83.54553413136394,25.51640509962668,90.47783437503554,25.986996757755264,92.14649083099745
364,0.7545019028546264,0.9466668451464801,0.5840841803341439,0.9814150849306273,0.746830482155835,0.978520472851018,0.9766812289360318,0.9856333016255041,0.24549809714537363,0.05333315485351986,0.02331877106396818,0.01436669837449589,3.001438378955168,3.896645647902397,0.895207268947229,0.9450663780813447,0.9422789738565358,19.216494229185376,78.27553228571942,22.217932608140543,90.5014452921972,23.113139877087775,94.14793900989443
365,0.7231809670648519,0.9575342566871783,0.6222097144253267,0.917427378434447,0.7104853287121058,0.9753624611642789,0.9820649045959309,0.9870070075524363,0.2768190329351481,0.04246574331282171,0.017935095404069124,0.01299299244756369,2.453064790875259,2.9472750865258024,0.4942102956505434,0.8834485866405786,0.9392379255656019,23.43532896223264,84.65938455800818,25.8883937531079,93.52100351847163,26.38260404875844,95.30632257840175
366,0.837427955098943,0.9398706336680703,0.4333545482148485,0.9737742721961351,0.8137658319791166,0.9807927783112126,0.9641080250527384,0.9879979155333517,0.16257204490105703,0.06012936633192967,0.035891974947261596,0.0120020844666483,2.423739138466807,4.812728186528137,2.3889890480613296,0.937708558411093,0.9444671198552417,10.244267856912737,63.01371101745998,12.668006995379544,77.92241896870658,15.056996043440874,92.61737497738133
367,0.857776437860717,0.9234260794144163,0.4463864463050993,0.9519446719526392,0.7053128531464712,0.9718713038307446,0.9539935025218773,0.9754728895556286,0.142223562139283,0.07657392058558365,0.04600649747812269,0.02452711044437139,3.0567423107460967,5.204681014121226,2.1479387033751296,0.9166874618803192,0.9358760703555318,6.5649641553699345,46.15946933561336,9.62170646611603,67.65198622077304,11.769645169491161,82.75453794333221
368,0.805531005935745,0.8916088574493447,0.4004310932829014,0.9727392050817343,0.8750015185359447,0.9795203579646193,0.9302921842130981,0.9847234609176315,0.194468994064255,0.1083911425506553,0.06970781578690188,0.015276539082368479,3.868332676375341,9.311460346828682,5.4431276704533404,0.9367118271157441,0.9432418261881519,8.60778515135997,44.263020913842176,12.476117827735312,64.15479181022063,17.91924549818865,92.14448598560605
369,0.6921173593726129,0.9265911095383739,0.4100246905262805,0.9415768563334204,0.7343714995683843,0.9604205355380886,0.9527068874555737,0.9785582394300675,0.3078826406273871,0.07340889046162613,0.04729311254442625,0.021441760569932522,2.611577791719988,5.196712989169361,2.585135197449373,0.9067036394321826,0.9248494045922334,23.4473750165761,76.1568595384146,26.058952808296088,84.6392403131093,28.64408800574546,93.03573578353115
370,0.7811921619637497,0.9678572972099028,0.5146585052775696,0.9622830109575488,0.7444152998488751,0.9599989693348294,0.9835259085125473,0.9912358030269149,0.21880783803625026,0.03214270279009723,0.016474091487452713,0.008764196973085059,1.566861130264452,2.3378505817012174,0.7709894514367654,0.9266428994406024,0.9244434519520579,18.666513524615304,85.31007706187742,20.233374654879754,92.47097744061462,21.00436410631652,95.99456900093631
371,0.7626945490053457,0.8800547454452115,0.5471985715849799,0.9627067330004915,0.7890152386492089,0.9569686182371421,0.9397575033280082,0.970827813320015,0.23730545099465428,0.11994525455478855,0.060242496671991774,0.029172186679985,5.970275788279677,9.077306787480355,3.1070309992006773,0.9270509280745473,0.9215253360802108,11.736019643986573,49.45533107139182,17.706295432266252,74.6139431608131,20.813326431466926,87.70690409440188
372,0.7516718466289373,0.9216535674246433,0.6163657971998361,0.9605360155385297,0.8560215018244035,0.9909855486089763,0.9671636300179292,0.9878002489959795,0.24832815337106273,0.07834643257535667,0.032836369982070845,0.012199751004020487,4.551006259328583,6.614668157133618,2.063661897805036,0.9249606075556212,0.9542823801419771,16.998172079570605,68.45044288704229,21.54917833889919,86.7770248615326,23.612840236704223,95.0872461143014
373,0.7957437492361356,0.9540346067309977,0.45301520022430963,0.9458418112306302,0.7721053118572733,0.9938993220540048,0.9728925613218022,0.9890733468165409,0.20425625076386444,0.045965393269002286,0.02710743867819776,0.01092665318345909,1.8857954590804527,3.5038740085543196,1.618078549473867,0.910810633036903,0.9570882360520045,15.829085749486216,77.49621218586758,17.71488120856667,86.7287103445681,19.332959758040534,94.65051711142436
374,0.7361531089807714,0.9344385951731102,0.4588546017971781,0.9592939824175907,0.8479685537728299,0.9552382144529624,0.9619282861016828,0.988956759635434,0.26384689101922865,0.06556140482688977,0.038071713898317205,0.011043240364566054,2.7489690928572563,5.451816446232371,2.702847353375115,0.9237645756613836,0.9198590213250749,19.82854861923389,75.15172357209553,22.577517712091144,85.57052775901664,25.28036506546626,95.81452700772537
375,0.7682844662529597,0.9910328765468993,0.4872215965402375,0.9427658628079196,0.8161087097819769,0.9812437969100056,0.9951026757638729,0.9983071693546539,0.23171553374704035,0.00896712345310069,0.0048973242361270986,0.0016928306453460884,0.4069799216973591,0.7274292807754601,0.320449359078101,0.9078486086298485,0.9449014340614869,22.274841029393965,96.13011553084311,22.681820951091325,97.88649290924387,23.002270310169425,99.26943583886175
376,0.7476315059128872,0.9519701211007134,0.38094495788154886,0.9436752681824806,0.8949822001145891,0.9938930845831943,0.9679628727838465,0.9946972356032949,0.2523684940871128,0.04802987889928656,0.03203712721615348,0.005302764396705073,1.5992751683133077,4.272711450258148,2.673436281944841,0.9087243323238702,0.9570822295986314,20.433861518782624,80.96835380619756,22.033136687095933,87.30541728988767,24.706572969040774,97.89880095140772
377,0.6602885134726211,0.9228752742679278,0.6030837331910687,0.9649005166582064,0.7254896105240671,0.968304950940352,0.9667655757917168,0.9768565526689559,0.3397114865273789,0.07712472573207219,0.03323442420828315,0.02314344733104412,4.389030152378903,5.3981278401028066,1.0090976877239033,0.9291634604856802,0.9324418046092278,26.258676079530673,77.29699206804526,30.647706231909577,90.21686768733838,31.656803919633482,93.1873226991461
378,0.8375591143333627,0.9261630467751218,0.44278249712293255,0.9684980802099566,0.8506672553592224,0.9792781295974878,0.9561433636813202,0.9879887744915061,0.16244088566663728,0.07383695322487815,0.043856636318679754,0.012011225508493872,2.99803169061984,6.182572771638428,3.184541081018588,0.9326277809429212,0.9430085692420253,8.860393244175913,54.54533941879198,11.858424934795753,73.0014791912162,15.04296601581434,92.60578673946446
379,0.7783605085764227,0.9416153174757703,0.47321216698812224,0.9671680513253997,0.6835326110420832,0.9874966247421825,0.9673311115494203,0.9805162060327108,0.2216394914235773,0.05838468252422968,0.03266888845057969,0.019483793967289165,2.571579407364999,3.8900888556940516,1.3185094483290527,0.9313470123874219,0.9509226756776571,16.325480889934763,73.65781605560078,18.89706029729976,85.26034857743565,20.215569745628812,91.20924080715675
380,0.7841932144341274,0.9684569361209698,0.47282271701286127,0.9661006992386254,0.7084661234765668,0.9823940989261594,0.9825374775490704,0.9904269725763947,0.21580678556587263,0.031543063879030164,0.017462522450929607,0.00957302742360533,1.4080541428100557,2.1970036455424835,0.7889495027324278,0.930319191859417,0.9460091322992645,18.426372168684246,85.38365520049786,19.8344263114943,91.90826071333176,20.62337581422673,95.56407487442823
381,0.7228746899190073,0.9714475185280881,0.4769143662634104,0.9540016370570358,0.6823464861261038,0.9668699797219004,0.9841399321225993,0.9904360664583785,0.2771253100809927,0.028552481471911917,0.015860067877400685,0.00956393354162155,1.2692413594511232,1.8988547930290367,0.6296134335779136,0.9186682430919604,0.931059980472941,24.857282860908082,89.6969059002344,26.126524220359205,94.27693274469755,26.756137653937117,96.54887763992889
382,0.8322532145754858,0.9497000447196522,0.5320812645192851,0.9485180241992663,0.5954676486085033,0.9921775394124623,0.9745372999896323,0.9788618769053311,0.16774678542451416,0.05029995528034781,0.025462700010367656,0.021138123094668892,2.483725526998015,2.9161832185678915,0.43245769156987635,0.9133877270067009,0.9554302231379267,11.744683014416635,70.01435517643185,14.22840854141465,84.82075233458,14.660866232984526,87.39879095675367
383,0.6169498767759134,0.8950455437349553,0.5806820932251234,0.9340332353201454,0.8801623528836525,0.9594743555466155,0.9499901086372021,0.9855655197198242,0.3830501232240866,0.10495445626504474,0.050009891362797876,0.014434480280175799,5.494456490224686,9.051997598486894,3.5575411082622077,0.8994394117897696,0.9239382683041483,27.809566695904188,72.60033350683828,33.30402318612887,86.94429571204138,36.86156429439108,96.23169935081015
384,0.7075233535077456,0.9521915416266372,0.49386188021120503,0.9776021125881839,0.8040173135901912,0.942906032705345,0.9746637605368182,0.9896718878174438,0.29247664649225436,0.04780845837336278,0.025336239463181753,0.010328112182556248,2.247221891018103,3.7480346190806535,1.5008127280625505,0.9413946269367696,0.9079835870495915,24.46681881188916,83.6539228185424,26.714040702907262,91.33734615496806,28.21485343096981,96.46873953649843
385,0.7945164659751633,0.9284950664255172,0.49932352106382333,0.9414991947982215,0.7614135382477818,0.9723366068088236,0.9606574767015639,0.9814537794961852,0.20548353402483666,0.07150493357448284,0.03934252329843613,0.018546220503814825,3.2162410276046716,5.295871307066802,2.07963027946213,0.9066288542501392,0.9363241398899782,13.397860045035381,65.20162361727724,16.614101072640054,80.85368568087756,18.693731352102184,90.97435198794412
386,0.7497178880022528,0.9240885890866906,0.35575071597705044,0.927202192737542,0.747419765529263,0.9824498552465887,0.9460034901775739,0.9793173644098605,0.2502821119977472,0.07591141091330944,0.0539965098224261,0.020682635590139498,2.1914901090883343,5.522877532316994,3.33138742322866,0.8928613707842996,0.9460628235707891,17.437070108443777,69.66966184383456,19.628560217532108,78.4257414996913,22.95994764076077,91.73627095238605
387,0.7726270988772763,0.9381489165558914,0.6005883863449964,0.9754858693690275,0.7576919632680087,0.9403550084072367,0.9737150521468427,0.9832954214144253,0.22737290112272368,0.06185108344410861,0.02628494785315727,0.016704578585574725,3.556613559095134,4.514650485853389,0.9580369267582545,0.9393567630961005,0.9055270451328946,16.552181767861505,72.79751318705974,20.108795326956642,88.43971831147545,21.066832253714896,92.65322362379565
388,0.7591257054386912,0.9591963631192547,0.46482703825207417,0.922078906034792,0.6218963683214994,0.9627879686041929,0.9759051061340925,0.9835685392527331,0.24087429456130882,0.040803636880745286,0.024094893865907463,0.01643146074726687,1.6708743014837824,2.437217613347842,0.7663433118640595,0.8879278354409108,0.9271291549521857,20.007065768056354,83.06019454875468,21.677940069540135,89.99690111815785,22.444283381404194,93.17840835727506
389,0.8215588654356218,0.9561617606124683,0.4852819103593425,0.9442374217705363,0.5561315475877182,0.9807701647787859,0.9756168807701944,0.979672238020809,0.17844113456437816,0.04383823938753173,0.024383119229805628,0.02032776197919095,1.9455120157726102,2.351047740834078,0.40553572506146773,0.9092656654086645,0.944445343861053,13.460289517684643,75.43266047116747,15.405801533457254,86.33548296510709,15.811337258518721,88.60814126248616
390,0.7624965611521765,0.9599100770521208,0.6278056395970013,0.9589386394932516,0.8021154861408956,0.9843343323461975,0.9840485500242737,0.9916738789644044,0.23750343884782354,0.040089922947879164,0.015951449975726284,0.008326121035595602,2.413847297215288,3.1763801912283562,0.7625328940130682,0.9234223935860941,0.9478775052222642,19.741351589994437,83.12027685057389,22.155198887209725,93.28369725798079,22.917731781222795,96.4943155871817
391,0.6423382587502707,0.9311019158334569,0.6489553698442309,0.9490000803382913,0.8165073990890396,0.9909486650987445,0.9733572960481794,0.9864834109019694,0.35766174124972927,0.06889808416654308,0.026642703951820557,0.013516589098030551,4.225538021472253,5.538149506851253,1.3126114853790005,0.9138519292146509,0.9542468626876798,28.87636570831862,80.73652386587344,33.10190372979087,92.55086555841099,34.41451521516987,96.22084569325158
392,0.7249193610894887,0.9572024394045333,0.6184286836330307,0.9619162623735003,0.7872776955226983,0.9624747303328497,0.9825731629608772,0.9902148308233947,0.27508063891051127,0.04279756059546669,0.017426837039122844,0.009785169176605324,2.5370723556343844,3.3012391418861364,0.764166786251752,0.9262897341374446,0.9268275180982997,23.22830783150446,84.44181285714204,25.76538018713884,93.66482602768997,26.529546973390595,96.44279974942597
393,0.7924962691273277,0.8772886157532003,0.4470226849026086,0.9442828805495229,0.7379515731647689,0.9666166320480167,0.924289586053251,0.9634652848410672,0.20750373087267227,0.12271138424679973,0.07571041394674904,0.03653471515893281,4.700097030005068,8.617666908786692,3.9175698787816238,0.9093094405291702,0.9308160160462383,8.479234662587254,40.86304678439856,13.179331692592323,63.513709547127995,17.096901571373945,82.39322492888039
394,0.7217384730435882,0.9692721746841471,0.4150678716848986,0.9834024604724763,0.5961425828750746,0.9805778741676715,0.9814925212124892,0.9871116204193464,0.2782615269564118,0.03072782531585294,0.0185074787875108,0.012888379580653586,1.222034652834214,1.7839445735199355,0.5619099206857214,0.9469801471216438,0.9442601751244244,24.753370164055887,88.95721386569323,25.9754048168901,93.34889052398182,26.537314737575823,95.36824953071127
395,0.7337748076867986,0.9576220026984175,0.4690118318903436,0.9553093501522029,0.5220986813704465,0.9731344833349916,0.9759932191068029,0.9787296601345223,0.2662251923132014,0.04237799730158254,0.024006780893197077,0.02127033986547766,1.837121640838546,2.1107657436104876,0.2736441027719416,0.9199275223687879,0.9370924654336956,22.384719501161886,84.08189813542258,24.221841142000432,90.98252848101835,24.495485244772375,92.01039552994139
396,0.838602460604468,0.9593372861835827,0.5449718942414007,0.9683158093570088,0.65233852621086,0.9628109857341143,0.9804709566572294,0.984925464753122,0.16139753939553203,0.040662713816417284,0.019529043342770613,0.015074535246877963,2.113367047364667,2.558817856953932,0.4454508095892651,0.9324522608623047,0.9271513195958136,12.073482557911476,74.80586509019422,14.18684960527614,87.90003650866612,14.632300414865407,90.6599968603392
397,0.7643849717356439,0.9118635590223532,0.6906463843843086,0.9653484835419377,0.7956987620964667,0.9591643368716696,0.9699566034132733,0.9798277947029336,0.2356150282643561,0.08813644097764683,0.030043396586726723,0.020172205297066426,5.809304439092012,6.7964235680580405,0.9871191289660297,0.9295948360033474,0.9236397318023485,14.747858728670927,62.5930308321593,20.557163167762937,87.24894723055672,21.544282296728966,91.43848953707929
398,0.6300445113908326,0.9646572517340305,0.42041699222050605,0.9415115932922584,0.7358130464944853,0.9698497518206359,0.977943777017931,0.9901185339722676,0.3699554886091674,0.035342748265969504,0.022056222982068996,0.009881466027732433,1.3286525283900508,2.546128223823707,1.2174756954336563,0.9066407935406933,0.9339293906420938,33.461274034319786,90.4467566087912,34.78992656270984,94.03814143561203,36.00740225814349,97.32901218336254
399,0.7907248778536056,0.9499045886007685,0.29185611521617305,0.8837227556880888,0.5699266113963296,0.9873937915884483,0.9594540380983806,0.9775453113530889,0.20927512214639443,0.05009541139923146,0.04054596190161941,0.022454688646911136,0.954944949761205,2.7640722752320324,1.8091273254708273,0.8509922832551966,0.9508236511592465,15.917971074716297,76.06241444972702,16.8729160244775,80.62552228579933,18.68204334994833,89.27025419141631
400,0.7709824333510545,0.9324308957734776,0.4026665236518329,0.9473469156399053,0.7248175507464136,0.9741895553058719,0.9563046153236929,0.9799410262893392,0.22901756664894546,0.0675691042265224,0.04369538467630707,0.020058973710660788,2.3873719550215333,4.7510130515861615,2.363641096564628,0.9122599928384272,0.9381084606649136,16.144846242242306,70.49610420055804,18.532218197263838,80.92050958549983,20.895859293828465,91.24129471630941
401,0.7366115625955679,0.9808582641235111,0.5618782016284328,0.9529998089943889,0.7940750552373775,0.9597218577377558,0.9911080276061571,0.9958301167799437,0.2633884374044321,0.01914173587648893,0.008891972393842873,0.004169883220056292,1.0249763482646057,1.4971852656432638,0.4722089173786581,0.9177035197723744,0.9241766037474685,24.424670152794313,92.73250714225665,25.449646501058922,96.62400806904469,25.921855418437577,98.41683133050618
402,0.7523682367837521,0.9499216034886131,0.65137015489395,0.9576755255620953,0.7934509543852174,0.9812597503928144,0.9811698823762964,0.9890248850815435,0.2476317632162479,0.0500783965113869,0.01883011762370357,0.010975114918456486,3.1248278887683334,3.9103281592930417,0.7855002705247083,0.922206061652388,0.944916796674562,19.755336670486102,79.77707065484356,22.880164559254435,92.39591990173737,23.665664829779143,95.56796964334809
403,0.716692174512287,0.9245070707720401,0.5447544040279751,0.9787519459810798,0.6383954012445114,0.972804596720036,0.963408547467996,0.9705409830771435,0.28330782548771305,0.07549292922795992,0.03659145253200402,0.029459016922856462,3.8901476695955894,4.603391230510345,0.7132435609147558,0.9425018739077065,0.9367747968415161,20.781489625975315,73.35303777860736,24.671637295570903,87.08420691556542,25.38488085648566,89.60176378038874
404,0.7009565035469311,0.9431685213896757,0.3271668281755746,0.9483439548204582,0.7529712698715925,0.9379662439602791,0.9590021797713203,0.984378524745416,0.29904349645306894,0.05683147861032434,0.040997820228679704,0.015621475254584016,1.5833658381644633,4.121000335574032,2.537634497409569,0.9132201046419226,0.9032267534432317,24.22120178427446,80.99558114976652,25.804567622438924,86.29034882384951,28.34220211984849,94.7761862605711
405,0.7648341278773617,0.9595242965520565,0.3729915404526801,0.9837296576930448,0.6529189605797264,0.9656717455669093,0.9738173516272121,0.9850650184444847,0.2351658721226383,0.04047570344794349,0.026182648372787942,0.014934981555515314,1.4293055075155547,2.5540721892428175,1.1247666817272628,0.9472952259266356,0.9299061253607274,19.46901686746948,82.78844498880538,20.898322374985035,88.866306094307,22.023089056712298,93.6491713611715
406,0.8128327381283798,0.9495048323694525,0.45879634023801313,0.9216211033583788,0.8713328423897417,0.9658443908553805,0.9697165222335443,0.9929652730654442,0.18716726187162025,0.05049516763054751,0.03028347776645568,0.007034726934555757,2.021168986409183,4.346044069599175,2.3248750831899923,0.8874869884191795,0.9300723763792553,13.667209424107273,73.02136755882948,15.688378410516457,83.82009895126457,18.01325349370645,96.2414757451648
407,0.7041613545931656,0.9528114903460825,0.531333371467057,0.953768750744614,0.88903348075741,0.93275331791094,0.9762421160501981,0.9941426236297823,0.29583864540683436,0.04718850965391752,0.02375788394980194,0.0058573763702176596,2.343062570411558,4.133113328369986,1.790050757958428,0.9184439821985171,0.8982068987290532,24.865013575291684,84.04924089987487,27.20807614570324,91.96931019031325,28.99812690366167,98.02007734244367
408,0.5294568859146834,0.9373637773498449,0.40993604357891733,0.9566971886502724,0.8486703668319447,0.9821078366959389,0.9604176027856854,0.9898086099774952,0.47054311408531657,0.06263622265015512,0.03958239721431456,0.010191390022504798,2.305382543584056,5.244483262765032,2.939100719180976,0.921263959441003,0.9457334723738671,40.79068914351615,86.68852634855513,43.0960716871002,91.58793402146405,46.03517240628118,97.83412195026683
409,0.7838160872804079,0.877785461258308,0.6701698990488404,0.9662950712950553,0.7575029269263343,0.9871927752384201,0.9546318636912599,0.9669300101349999,0.21618391271959214,0.12221453874169197,0.04536813630874015,0.03306998986500009,7.684640243295182,8.914454887669187,1.2298146443740055,0.930506364950794,0.9506300798592193,9.396937397790017,43.46732964343465,17.0815776410852,79.01410158692693,18.311392285459206,84.70284423619692
410,0.9190454990330107,0.9448616061402356,0.6739841330613683,0.9095403820124573,0.676197735127926,0.9630092714506087,0.9795114059183394,0.9807559587801757,0.0809545009669893,0.05513839385976438,0.020488594081660594,0.01924404121982426,3.4649799778103785,3.589435263994012,0.12445528618363344,0.8758537011971811,0.9273422613968824,2.581610710722493,31.88965011068615,6.046590688532872,74.69122304883925,6.171045974716504,76.22857161744302
411,0.6989405490665622,0.9147983064409689,0.6123463397974566,0.9731712982429616,0.8311104925951984,0.9221384457295693,0.9642268889416106,0.9832280455863488,0.3010594509334378,0.08520169355903107,0.03577311105838943,0.016771954413651202,4.942858250064164,6.842973914537986,1.9001156644738226,0.9371279168265555,0.8879851699618074,21.58577573744067,71.69937921069662,26.528633987504836,88.11759240659127,28.428749651978656,94.4290224533229
412,0.6561903722613284,0.8917029936605236,0.5714764460523007,0.9583418195827473,0.815995491572145,0.9715054475916464,0.9484909346756308,0.9775144944421482,0.34380962773867163,0.10829700633947636,0.05150906532436916,0.02248550555785178,5.67879410151072,8.581150078162459,2.902355976651738,0.9228476781167196,0.9355237643475113,23.551262139919526,68.50088025405951,29.230056241430248,85.01814342339446,32.13241221808198,93.45989648232221
413,0.7993525015003631,0.9679871254783704,0.3427481585849462,0.9462919129127324,0.8705912906304343,0.969376098368316,0.9775457342081687,0.99560445106405,0.20064749849963692,0.0320128745216296,0.022454265791831296,0.0043955489359499555,0.9558608729798301,2.761732558567964,1.805871685588134,0.9112440642863349,0.9334732799102301,16.86346239780073,84.04521623194444,17.81932327078056,88.80909756675989,19.625194956368695,97.80931784905461
414,0.6339157875054507,0.9526700802193789,0.3135851400129991,0.9261815233950551,0.8342777334455723,0.9669305442450129,0.9644875659976903,0.991557005336196,0.36608421249454925,0.047329919780621066,0.035512434002309745,0.008442994663804049,1.181748577831132,3.8886925116817017,2.7069439338505696,0.891878504010053,0.9311183018655679,31.875429271392818,87.07130267702387,33.05717784922395,90.29938118327392,35.76412178307452,97.69370151029669
415,0.7488804645302073,0.8833842398538345,0.6214657362392757,0.9314708641134669,0.7998272319159119,0.970311852738263,0.9490846791332009,0.9734886316892243,0.2511195354697927,0.11661576014616548,0.05091532086679906,0.026511368310775718,6.570043927936641,9.010439183538976,2.4403952556023345,0.8969719432203755,0.9343743767109199,13.450377532362722,53.56165344603656,20.020421460299364,79.72466746900156,22.4608167159017,89.44272963026216
416,0.6742932900312817,0.9680472421484604,0.5974665556720025,0.9410883593167253,0.5679003792637737,0.9668977460677771,0.9860782211392767,0.9854636377403369,0.3257067099687183,0.031952757851539615,0.013921778860723322,0.01453636225966315,1.8030978990816293,1.7416395591876466,-0.06145833989398275,0.9062332348975872,0.9310867184356372,29.37539521171787,90.18971458874506,31.1784931107995,95.72567023195181,31.117034770905516,95.53697795754368
417,0.6999128816255038,0.9170068144874691,0.5521009643936825,0.9178389242873721,0.9136922166153709,0.9831325311026619,0.9577025513837368,0.9921173757819506,0.3000871183744962,0.08299318551253088,0.04229744861626317,0.007882624218049417,4.069573689626771,7.511056129448146,3.441482439821375,0.8838448900545064,0.9467202151358965,21.709393286196534,72.34363608738485,25.7789669758233,85.9049435892554,29.22044941564468,97.37322139625726
418,0.7410316184381202,0.9631445469276352,0.5764829983421864,0.986564721474131,0.8137925069344544,0.9568509075007091,0.9838385842372234,0.992608355167672,0.25896838156187985,0.03685545307236482,0.016161415762776632,0.007391644832328015,2.0694037309588187,2.9463808240036804,0.8769770930448617,0.9500252873454594,0.9214119850006828,22.2112928489515,85.76835795548334,24.28069657991032,93.75930927733164,25.157673672955184,97.14573463071136
419,0.6723985197472744,0.9358427359015198,0.46487224253674875,0.9794764568295261,0.7427369993339943,0.988433560449759,0.963897498678882,0.9824695958081042,0.3276014802527256,0.06415726409848022,0.03610250132111803,0.017530404191895776,2.8054762777362185,4.662685990658444,1.8572097129222254,0.943199551021025,0.9518249100627308,26.34442161542454,80.41606403945836,29.14989789316076,88.9797502461628,31.007107606082982,94.64886294824673
420,0.6796925554723423,0.9488220168920284,0.412705270342476,0.962501358941418,0.8025368394592021,0.9784907647709283,0.9681367642005876,0.9892322237955148,0.3203074445276577,0.051177983107971614,0.031863235799412415,0.010767776204485213,1.93147473085592,4.04102069034864,2.10954595949272,0.9268531604621062,0.9422503660757087,26.912946141968607,84.02223114625345,28.84442087282453,90.05229620984937,30.95396683231725,96.63829973719032
421,0.7591592601080153,0.9479582333936302,0.5487876395509514,0.9232814771937691,0.8052018788796496,0.9795255458368598,0.9738716833111565,0.9892001924435809,0.24084073989198473,0.05204176660636983,0.026128316688843523,0.010799807556419072,2.591344991752631,4.1241959049950765,1.532850913242445,0.8890858669273332,0.9432468219169761,18.87989732856149,78.39162650400834,21.471242320314122,89.15120560559569,23.004093233556567,95.51578874850546
422,0.6974531702747109,0.9224083063180362,0.5913136074854088,0.9759841339378033,0.7563925445470119,0.9818964145424462,0.965974455119661,0.9795569072365716,0.3025468297252891,0.07759169368196384,0.03402554488033904,0.020443092763428372,4.356614880162479,5.714860091853547,1.358245211691067,0.9398365734215882,0.9455298806705037,22.49551360433253,74.35382358743713,26.852128484495008,88.7536270298274,28.210373696186075,93.24299885013153
423,0.7065320932769446,0.9348862118991899,0.4455071647957921,0.946010185327956,0.7245170942892136,0.9467619987296191,0.9607773363461967,0.9801365523465063,0.29346790672305545,0.06511378810081014,0.039222663653803336,0.019863447653493682,2.589112444700681,4.525034044731646,1.9359216000309654,0.9109727710565502,0.9116967395174109,22.835411862224532,77.81229681027514,25.42452430692521,86.6347689967961,27.360445906956176,93.23147533394895
424,0.6585910424586633,0.961134424954784,0.5110823708999933,0.9422737960629936,0.8384417304702502,0.9702905089669511,0.9794495368756868,0.9933120337705457,0.3414089575413367,0.03886557504521604,0.02055046312431319,0.006687966229454334,1.831511192090285,3.2177608815761705,1.3862496894858856,0.9073747665791789,0.9343538234496566,30.25433824961207,88.61612321917174,32.08584944170235,93.98069011653715,33.47209913118824,98.04106890527481
425,0.8526380863845293,0.9470998437535166,0.4714025155051903,0.9732546723491657,0.8225482021802746,0.9729914934596146,0.9705570808137567,0.9899160446623783,0.14736191361547069,0.052900156246483365,0.02944291918624331,0.010083955337621742,2.3457237060240055,4.281620090886163,1.9358963848621569,0.9372082030029003,0.9369547714796288,9.446175736898732,64.10188022902433,11.791899442922738,80.01999399717874,13.727795827784895,93.15701385099068
426,0.8569971389996195,0.9119252056401526,0.3823846265468212,0.955900493776491,0.8899724320839745,0.975845558636713,0.9412633747580784,0.9892276835445675,0.1430028610003805,0.08807479435984744,0.05873662524192158,0.010772316455432529,2.933816911792586,7.730247790441491,4.796430878648906,0.9204967717847691,0.9397031305390569,5.492806664053306,38.41046693491462,8.426623575845893,58.92625865592627,13.223054454494799,92.46706228107992
427,0.7754118118776315,0.9528037011248323,0.6403316367420809,0.9585405017763319,0.7325377662778769,0.9821409963512915,0.9817527094972851,0.98669012682157,0.22458818812236847,0.04719629887516774,0.018247290502714897,0.01330987317843002,2.8949008372452845,3.388642569673772,0.4937417324284876,0.9230390017105418,0.9457654038938362,17.73918892472007,78.98540467789317,20.634089761965356,91.87522253273056,21.127831494393845,94.07365396653094
428,0.8010346310216764,0.9421349799562595,0.5220745171642315,0.9503416031729661,0.6732334182252334,0.9755460782427562,0.9700379081309519,0.9798419346388602,0.19896536897832362,0.0578650200437405,0.02996209186904808,0.020158065361139843,2.790292817469242,3.7706954682600657,0.9804026507908237,0.9151437660184117,0.939414742011543,14.110034893458312,70.91703931147705,16.900327710927556,84.94105179061975,17.880730361718378,89.86855578704454
429,0.659288198537983,0.9287035080654606,0.6397129328370355,0.9436423612782334,0.8442631819156007,0.9773043829465119,0.9715235624289248,0.9879143003218598,0.34071180146201696,0.07129649193453935,0.028476437571075208,0.012085699678140216,4.282005436346415,5.921079225639914,1.6390737892934992,0.9086926441938543,0.9411079243188633,26.94153095274776,79.07425230690531,31.223536389094175,91.64207478318012,32.862610178387676,96.45280861235811
430,0.8895689758318852,0.9478692593423379,0.5516518177812179,0.9667139845068524,0.8086816111096042,0.9653431863346041,0.975127230064594,0.9892176778147074,0.11043102416811479,0.0521307406576621,0.02487276993540599,0.010782322185292625,2.725797072225611,4.134841847236947,1.4090447750113366,0.9309097628584504,0.929589734988878,5.830028351045269,52.793392028764664,8.55582542327088,77.4766465105486,9.964870198282217,90.23614761656276
431,0.7431228632959495,0.9653281556028486,0.5198285301467048,0.9577859550696098,0.8588108084238464,0.9893934262905851,0.9823119768221101,0.9949006582256014,0.25687713670405055,0.03467184439715143,0.017688023177889867,0.005099341774398636,1.6983821219261563,2.9572502622752794,1.258868140349123,0.9223124011781427,0.9527492253168597,22.220529230689912,86.50255727620592,23.918911352616067,93.11420883740684,25.17777949296519,98.01487129612721
432,0.6250908480979006,0.9376595706473051,0.3837499710733,0.9476252803435505,0.6668127091502322,0.9404916368601974,0.958555932519403,0.9769883648785147,0.3749091519020994,0.062340429352694904,0.041444067480597035,0.023011635121485297,2.089636187209787,3.9328794231209607,1.843243235911174,0.9125280477382338,0.9056586132727826,31.256872254940447,83.37185714554816,33.34650844215024,88.94557060815113,35.18975167806141,93.8620769845879
433,0.8388824285722303,0.9337875069431328,0.5541944080209402,0.9643398002931887,0.7774141241622453,0.9618825511792041,0.9682605399182503,0.9838564451971876,0.16111757142776972,0.06621249305686716,0.03173946008174966,0.016143554802812377,3.44730329751175,5.006893825405479,1.5595905278937283,0.9286235113934409,0.9262572715059002,9.490507837090256,58.90423839553047,12.937811134602006,80.3004353898304,14.497401662495735,89.98026431272913
434,0.7415707452879128,0.9451048198824674,0.36432519272390385,0.9541685928558215,0.5886437645528001,0.9701691093906942,0.9627457578804296,0.9759641900326697,0.2584292547120872,0.05489518011753258,0.0372542421195704,0.024035809967330346,1.764093799796218,3.0859370150202237,1.3218432152240056,0.9188290153426428,0.9342369201540018,20.353407459455465,78.75814014218683,22.117501259251682,85.58435570265647,23.43934447447569,90.69926893760216
435,0.7670869337122947,0.9428992360786469,0.5624321225989982,0.9645810968517115,0.7184178830326778,0.9969776511760363,0.9732629486247667,0.9831836807888663,0.23291306628770525,0.057100763921353104,0.0267370513752333,0.01681631921113369,3.0363712546119803,4.028444471021942,0.992073216409961,0.9288558710423888,0.9600525529843312,17.581230236635214,75.48408733290233,20.617601491247196,88.52058761606511,21.609674707657156,92.780001792445
436,0.8175563608122065,0.9538795586053841,0.6427270948713995,0.971843051767006,0.8131595956364683,0.9753623866215099,0.9825356598337205,0.9908229988389718,0.1824436391877935,0.04612044139461591,0.017464340166279513,0.009177001161028153,2.8656101228336395,3.6943440233587754,0.828733900525136,0.9358488646645242,0.9392378537836761,13.632319779317758,74.72071835448149,16.497929902151398,90.42754231168176,17.326663802676535,94.96995280192692
437,0.8430767755381987,0.9637918490506703,0.5241915784920917,0.9545145226775051,0.8402011619661378,0.9370472612566918,0.9816170678935019,0.9936340724038308,0.1569232244618013,0.03620815094932972,0.018382932106498107,0.006365927596169163,1.7825218842831614,2.9842223353160557,1.2017004510328944,0.9191621329487086,0.9023418071360735,12.071507351247156,76.92620001053851,13.85402923553032,88.28539741676482,15.055729686563213,95.94328524792786
438,0.7537828852848323,0.9283300905686349,0.4421762113695124,0.9458198602351587,0.6973637814463934,0.9764289823447093,0.9564502741109617,0.9766307348799708,0.24621711471516772,0.07166990943136509,0.04354972588903827,0.023369265120029237,2.8120183542326815,4.830064431133585,2.0180460769009034,0.9107894950412639,0.9402649459615718,17.454720528380264,70.89158098766804,20.266738882612945,82.3124700574052,22.28478495951385,90.50867558615346
439,0.8270995459175491,0.9348491602410528,0.4790014497282482,0.9672179236985488,0.7383058189501249,0.9690321132271393,0.9638185525986928,0.9815270337136499,0.17290045408245092,0.0651508397589472,0.03618144740130724,0.01847296628635009,2.8969392357639956,4.667787347259711,1.7708481114957153,0.9313950376356395,0.9331420349594675,10.774961432350372,62.31887295803239,13.671900668114368,79.07382742670333,15.442748779610083,89.3158370321336
440,0.7852339791874985,0.9709719825557602,0.34348490929989167,0.9619755115721005,0.6496094217547346,0.9820896826170715,0.9800050786633075,0.9894463136527579,0.2147660208125015,0.029028017444239773,0.01999492133669245,0.010553686347242075,0.9033096107547323,1.8474331096997698,0.9441234989450376,0.9263467889212819,0.945715990668291,18.573800336826174,86.48388728607014,19.477109947580907,90.68990464085157,20.421233446525942,95.0859608483151
441,0.6857483307917672,0.9354105558999934,0.7413895055131579,0.9237301689773012,0.7100578142473745,0.9804934642605658,0.9810353447850672,0.9799899755673416,0.3142516692082328,0.06458944410000655,0.018964655214932846,0.020010024432658424,4.562478888507371,4.457941966734813,-0.1045369217725578,0.8895179404966603,0.9441788915101744,24.96622251082262,79.44658678735367,29.528701399329993,93.96513779458517,29.424164477557436,93.63248428144414
442,0.6531777104064018,0.9626390288921098,0.38214258341297086,0.9671474131722994,0.6494733902188603,0.9711582168528509,0.9758056690456792,0.9861852134038172,0.3468222895935982,0.03736097110789016,0.024194330954320775,0.013814786596182849,1.3166640153569387,2.3546184511707313,1.0379544358137927,0.9313271386103623,0.935189394006449,30.9461318485708,89.22763264389111,32.26279586392774,93.0239976840383,33.30075029974153,96.01675353323719
443,0.734628780369197,0.9790230331600649,0.5445241974488371,0.942762108219793,0.7441803409995055,0.9924490157005291,0.9897543295380749,0.9945073303310777,0.265371219630803,0.020976966839935107,0.01024567046192515,0.0054926696689222565,1.0731296378009958,1.548429717101285,0.4753000793002893,0.9078449931005413,0.9556916447486576,24.43942527908679,92.095236676713,25.512554916887787,96.13911769476003,25.987854996188076,97.93019390853163
444,0.7539251880300487,0.9596863647402072,0.5589191733364922,0.9497836338954279,0.8244947306037965,0.9572484043285463,0.9808651336581038,0.9923571357829456,0.2460748119699513,0.04031363525979281,0.019134866341896206,0.0076428642170544014,2.1178768917896607,3.267077104273841,1.1492002124841805,0.9146064622696712,0.9217947597237853,20.576117671015847,83.61732558604349,22.693994562805507,92.22396384712759,23.84319477528969,96.89408917724269
445,0.7017434196075321,0.9351253215827953,0.5156368557765652,0.9797484734598357,0.7114785734977755,0.9827712583842053,0.9668398536080752,0.9800393563558155,0.29825658039246794,0.06487467841720473,0.03316014639192477,0.019960643644184484,3.1714532025279962,4.4914034773020255,1.3199502747740288,0.9434614929613232,0.9463723228884939,23.33819019752632,78.24870172794247,26.509643400054316,88.88200677809348,27.829593674828345,93.30755967968291
446,0.8654781000206485,0.9309936282288899,0.5355727928144234,0.9459969036528523,0.7887833683544563,0.9789775117892712,0.9648886426999166,0.9842598933543916,0.1345218999793515,0.06900637177111013,0.03511135730008341,0.01574010664560843,3.389501447102672,5.32662651255017,1.937125065447498,0.9109599812953392,0.9427190854267056,6.551552820824136,48.70249990395445,9.941054267926807,73.89915150955136,11.878179333374305,88.29922365947517
447,0.7912957630010473,0.9655782936540506,0.44363104659249314,0.9631780460881454,0.806671579786253,0.9498715323819237,0.9798233528295776,0.9927966250169773,0.20870423699895269,0.03442170634594943,0.020176647170422446,0.007203374983022703,1.4245059175526986,2.721833136292673,1.2973272187399743,0.9275047851219177,0.9146911052566672,17.428253065300325,83.50694416130989,18.852758982853025,90.33242091269872,20.150086201593,96.54852479920719
448,0.7460903160317377,0.9069097215693341,0.4731553120037627,0.93346363637004,0.6870804519024045,0.9718905435574402,0.9452395083423751,0.9680084873673878,0.2539096839682623,0.09309027843066586,0.054760491657624866,0.03199151263261224,3.8329786773040997,6.109876579805363,2.2768979025012626,0.8988909090970756,0.9358945974997572,16.081940553759644,63.337247726911514,19.91491923106374,78.43308266081348,22.191817133565007,87.40043619737992
449,0.7785710354572182,0.9142365866332132,0.5706834941578476,0.9492260932865265,0.7423529112458696,0.9633446102128284,0.9592989738998613,0.9755248498519482,0.22142896454278183,0.08576341336678683,0.040701026100138704,0.024475150148051794,4.506238726664813,6.128826321873504,1.622587595208691,0.9140695713129514,0.9276651802049458,13.5665551175995,61.26820466153755,18.07279384426431,81.61892407157288,19.695381439473003,88.9467260082305
450,0.7510628085721444,0.9622206798718779,0.5149266668465335,0.9602137328562023,0.8152839857733929,0.9884389299345728,0.9805513579056636,0.992716179096852,0.24893719142785564,0.03777932012812213,0.019448642094336388,0.007283820903148053,1.8330678033785741,3.0495499224974076,1.2164821191188335,0.9246502612689355,0.9518300806777368,21.115787129973352,84.82375417211576,22.948854933351925,92.18732967027437,24.165337052470758,97.07403266608358
451,0.8049661442547089,0.9632266232846638,0.6856062341833683,0.9525277225136562,0.753253922500665,0.9829143536209983,0.9875559133016245,0.9905071368017585,0.19503385574529108,0.0367733767153362,0.01244408669837549,0.009492863198241497,2.4329290016960714,2.7280513517094707,0.29512235001339926,0.9172489179761134,0.9465101183017021,15.826047902995487,81.14513166198117,18.258976904691558,93.61952485078943,18.55409925470496,95.13271008155687
452,0.6486165761640974,0.8950927793828617,0.6240756877165969,0.9563564977236848,0.650627733660626,0.9567000215470346,0.9559589977631636,0.9589560931124029,0.3513834238359026,0.10490722061713831,0.04404100223683638,0.04104390688759707,6.086621838030193,6.386331372954124,0.29970953492393093,0.9209358866968816,0.9212666874156629,24.647620321876428,70.14451635996058,30.73424215990662,87.46639731719283,31.033951694830552,88.3193389034866
453,0.673792591931861,0.9449088749161946,0.4338934328853182,0.9647862448519084,0.8268436707897168,0.9645440691931251,0.9669211897119577,0.9896417587539728,0.32620740806813897,0.055091125083805426,0.03307881028804227,0.010358241246027244,2.2012314795763155,4.473288383777819,2.2720569042015026,0.9290534209685044,0.9288202147785648,27.111628298433356,83.11162661508354,29.31285977800967,89.859577229119,31.584916682211173,96.82464561201394
454,0.7239017748665734,0.9164917403952627,0.5846286940768807,0.9727619015177164,0.7770345338507972,0.9665812085872754,0.9625498097142497,0.9794142566543064,0.27609822513342663,0.08350825960473729,0.03745019028575025,0.02058574334569363,4.605806931898703,6.292251625904366,1.686444694005662,0.9367336829429861,0.9307819045655243,19.258996552868936,69.75414834181521,23.864803484767638,86.43591777250572,25.5512481787733,92.54405082258482
455,0.6864054997710669,0.9600253675872245,0.47864396078459254,0.926059101517819,0.7304915521469693,0.9884961246043306,0.9770947954692327,0.9887747365257817,0.3135945002289331,0.039974632412775546,0.022905204530767276,0.011225263474218261,1.706942788200827,2.8749368938557285,1.1679941056549015,0.8917606162764182,0.9518851570263923,27.361986781615755,87.25276355816416,29.068929569816582,92.6959163779831,30.236923675471484,96.42045269734531
456,0.8112828548306832,0.9716016317828026,0.2765927395584005,0.9423052190933524,0.6447275162480549,0.9790489119533058,0.9780538084386267,0.9895050506044452,0.1887171451693168,0.028398368217197434,0.02194619156137334,0.010494949395554842,0.6452176655824093,1.7903418821642592,1.1451242165818498,0.9074050257935986,0.9427878411402203,16.03187769521194,84.95188755016486,16.677095360794347,88.37085441193844,17.822219577376195,94.43879389647465
457,0.7640600738669413,0.9363323708203742,0.6058806323966612,0.9026832105110644,0.7654678468750532,0.976933454686788,0.9711679582751718,0.9839382124969364,0.2359399261330587,0.06366762917962576,0.028832041724828228,0.01606178750306364,3.4835587454797534,4.760584167656212,1.2770254221764588,0.8692504990106545,0.9407507341428328,17.227229695343294,73.01532206816056,20.71078844082305,87.77992254326283,21.987813862999506,93.19242496752942
458,0.8371665394105928,0.943622423758598,0.5717826995452571,0.9440322633431036,0.6550163594347492,0.9723153312140136,0.9736140726055542,0.9792418109001425,0.16283346058940718,0.05637757624140205,0.026385927394445785,0.020758189099857494,2.9991648846956265,3.5619387141544556,0.5627738294588291,0.9090681054415072,0.9363036522801612,10.645588434800512,65.37715526198822,13.64475331949614,83.79575837856862,14.207527148954968,87.25188973769934
459,0.6577154859293848,0.9828658554089156,0.4921285056044351,0.9412150685606253,0.7394356371708886,0.9822613627422685,0.9906810495788526,0.9953968787996323,0.3422845140706152,0.01713414459108442,0.009318950421147387,0.004603121200367655,0.7815194169937034,1.2531023390716767,0.47158292207797325,0.906355251206528,0.9458813122703326,32.51503694795308,94.99418060510048,33.29655636494678,97.27742563917899,33.76813928702476,98.65517690367435
460,0.7156342356569587,0.9738443792358582,0.5676643938316441,0.9434853481834099,0.7162711296082033,0.9778267621135954,0.9878423688448228,0.9922670420931583,0.2843657643430413,0.026155620764141796,0.012157631155177206,0.007732957906841698,1.399798960896459,1.8422662857300098,0.4424673248335509,0.9085414463988392,0.9416109561093882,25.82101435788995,90.80212035208666,27.22081331878641,95.72465019364603,27.66328064361996,97.28062978161002
461,0.7588016195101182,0.9565022433883078,0.4745978771346956,0.9432064169807461,0.7481557445979571,0.9499999585854054,0.9752940522796538,0.9880879927156625,0.24119838048988185,0.043497756611692195,0.024705947720346177,0.0119120072843375,1.8791808891346018,3.1585749327354695,1.2793940436008677,0.9082728459814592,0.914814774934094,19.770062387818964,81.96598313664178,21.649243276953566,89.75700099222574,22.928637320554436,95.0613236871061
462,0.8012087009249466,0.8999061408886448,0.4053691202582619,0.9647479592643363,0.7487188688278559,0.9681482572612043,0.935842618879834,0.971941254803513,0.19879129907505344,0.10009385911135515,0.064157381120166,0.02805874519648699,3.5936477991189153,7.203511391486817,3.609863592367901,0.9290165533656571,0.9322909143996783,9.869743996369829,49.648772568479046,13.463391795488743,67.72626296086356,17.073255387856644,85.88532529993003
463,0.8684322968119107,0.9214366628451072,0.4812656539654625,0.9334169718961438,0.8628080897053684,0.979923856752055,0.9547604609822312,0.9882039342251895,0.1315677031880893,0.07856333715489283,0.04523953901776878,0.011796065774810516,3.332379813712405,6.676727138008232,3.3443473242958266,0.8988459729370273,0.9436303805760529,5.300436603319647,40.28676092142567,8.632816417032052,65.61501195084762,11.977163741327878,91.03422383383341
464,0.7610992681314426,0.9841795764578025,0.33447986955890097,0.9482618361622966,0.6189832397591223,0.9580845995157031,0.9888441026429756,0.9936479120480787,0.23890073186855743,0.01582042354219748,0.01115589735702438,0.006352087951921326,0.4664526185173101,0.9468335590276156,0.48038094051030544,0.9131410274155448,0.9225999847188252,22.308030832635993,93.3778254179222,22.774483451153305,95.33032097902391,23.25486439166361,97.34111825349441
465,0.6752612429378712,0.972425334831106,0.7394704855236992,0.9660791941466554,0.7538130905913898,0.9688010930163302,0.9924109098199333,0.9928457174912253,0.32473875706212885,0.027574665168893953,0.007589090180066704,0.007154282508774701,1.9985574988827248,2.042038266011925,0.04348076712920035,0.9302984832523348,0.9329195710527624,29.71640918932349,91.50866209553841,31.714966688206214,97.66301680503915,31.758447455335414,97.79691140857389
466,0.710875445321672,0.8790599577731278,0.40498927302416243,0.9146883773793131,0.6826808635110301,0.9836838968236786,0.9178556602637857,0.9575054181562647,0.289124554678328,0.12094004222687216,0.08214433973621427,0.042494581843735335,3.879570249065789,7.844546038313682,3.964975789247893,0.8808110300689681,0.9472511599042831,16.81845124514558,58.17026251491275,20.69802149421137,71.58859792188672,24.662997283459266,85.30232691892475
467,0.8435278449160639,0.9005878096729037,0.47458625682085753,0.9171894256533774,0.7362943885749673,0.9691000465403936,0.9405260482894325,0.9708384043893518,0.15647215508393608,0.09941219032709625,0.05947395171056746,0.02916159561064824,3.9938238616528787,7.025059471644801,3.0312356099919224,0.8832194469254745,0.9332074522240826,5.705996475683984,36.46652960472824,9.699820337336861,61.99071222693651,12.731055947328784,81.3630766477236
468,0.8550126949529031,0.9255248451414148,0.6311597940485653,0.9710328216813205,0.7888271518327314,0.9750421137504449,0.9703412943830728,0.9828709012021836,0.1449873050470969,0.07447515485858525,0.029658705616927183,0.017129098797816433,4.481644924165806,5.734605606076881,1.252960681911075,0.9350686431005308,0.9389294428707987,7.051215018851165,48.63332701135927,11.532859943016971,79.54392930657411,12.785820624928046,88.18579406503741
469,0.7568915221900698,0.9203190534603731,0.5507325222170599,0.9677093121801291,0.6380436299328308,0.9723661932483791,0.9613578562300842,0.9687775826285692,0.24310847780993017,0.07968094653962687,0.038642143769915815,0.031222417371430833,4.103880276971106,4.845852916819604,0.7419726398484983,0.931868226543828,0.9363526305354761,16.342753127030328,67.2241185262474,20.446633404001435,84.10497893038207,21.188606043849934,87.15700182375315
470,0.8268620230563765,0.9390007674548289,0.46043171887899537,0.9667851586953897,0.7646486548591489,0.9851018329370477,0.9650128974341511,0.9847171107506117,0.17313797694362354,0.060999232545171145,0.034987102565848915,0.015282889249388254,2.601212997932223,4.5716343295782895,1.9704213316460661,0.9309783009659308,0.9486165798653051,11.21387443984524,64.7684271111511,13.815087437777462,79.79235798900362,15.78550876942353,91.17299998580634
471,0.715395098998676,0.946332929408704,0.6792750887583471,0.9745811374578957,0.829935764890979,0.9706887843411186,0.9816790432499329,0.9901620818024603,0.28460490100132396,0.05366707059129605,0.018320956750067063,0.009837918197539652,3.5346113841228988,4.38291523937564,0.8483038552527411,0.9384855397742699,0.9347373478840401,23.09378304100279,81.14330765124582,26.62839442512569,93.56266997314223,27.476698280378432,96.54330682186885
472,0.8129333467747144,0.8837660635021933,0.45511697945370166,0.9262059482403678,0.623803690002687,0.9626344790757013,0.928183355314862,0.9511143409914301,0.1870666532252856,0.11623393649780667,0.07181664468513804,0.04888565900856989,4.4417291812668624,6.734827748923678,2.293098567656815,0.8919020242314653,0.9269813502210457,7.083271672747893,37.86496176962905,11.525000854014756,61.6090610234798,13.81809942167157,73.86725096872473
473,0.7537803190819844,0.9150931672441216,0.5261794751639678,0.980005599198531,0.7268367805005226,0.9602544845831816,0.9570656994224334,0.974284267668071,0.2462196809180156,0.0849068327558784,0.04293430057756664,0.02571573233192903,4.197253217831176,5.919110042394937,1.721856824563761,0.9437090955245113,0.9246895036726934,16.13128481621372,65.51582211490638,20.328538034044897,82.5626040869322,22.05039485860866,89.55577708652312
474,0.7156221072483328,0.9447738745609896,0.48649634621112364,0.9395874328059332,0.5713867068681442,0.9815515277576123,0.9690425012839181,0.975110114779398,0.28437789275166725,0.0552261254390104,0.030957498716081888,0.02488988522060198,2.426862672292851,3.0336240218408417,0.6067613495479907,0.9047878982575652,0.9451977674702933,22.915176731265685,80.58002156755674,25.342039403558537,89.11395734157314,25.948800753106525,91.24760192159626
475,0.8629831237708717,0.8735661891725326,0.4946898820670353,0.9512137781027379,0.8341108872134482,0.9495433109683195,0.9286033981032715,0.9753381457267754,0.13701687622912828,0.1264338108274674,0.07139660189672847,0.024661854273224648,5.5037208930738934,10.177195655424276,4.6734747623503825,0.9159836381730068,0.914375040191715,1.0583065401660874,7.723913792898918,6.562027433239981,47.89211091242909,11.235502195590364,82.00086372427326
476,0.7871087280044355,0.9199733231797412,0.4131088215440531,0.9637239999198255,0.8890406611641148,0.9718496963555425,0.9496908797199249,0.990165952663045,0.21289127199556446,0.08002667682025877,0.05030912028007506,0.009834047336955032,2.971755654018371,7.019262948330374,4.047507294312003,0.9280305184413133,0.935855263157189,13.286459517530568,62.40960182626646,16.25821517154894,76.36863183328472,20.305722465860942,95.38071840861568
477,0.6451720802545785,0.9676990141356091,0.5853655881648571,0.9633466396660839,0.7558588623479491,0.9565073136574503,0.9858367397863028,0.9915521979365044,0.3548279197454215,0.032300985864390896,0.014163260213697182,0.008447802063495602,1.8137725650693715,2.3853183800895295,0.571545815020158,0.927667134493266,0.9210811168553225,32.25269338810306,90.89671808025538,34.06646595317243,96.00841438186181,34.63801176819259,97.61918338625757
478,0.705259312823418,0.9174271062101612,0.4203432338374434,0.941303567805876,0.8729089560525413,0.9785262802917364,0.9474854450518415,0.9884452380191323,0.294740687176582,0.08257289378983879,0.05251455494815849,0.01155476198086769,3.00583388416803,7.10181318089711,4.09597929672908,0.9064404727019546,0.9422845662068572,21.216779338674318,71.98456223304909,24.222613222842348,82.18279415332417,28.31859251957143,96.07968547147169
479,0.6283414107543712,0.987312349981633,0.4272982153398313,0.9304940399911741,0.7193773897481988,0.9512151328546244,0.9921527031494465,0.9962231723292702,0.3716585892456288,0.012687650018367025,0.00784729685055352,0.003776827670729843,0.4840353167813505,0.8910822347637182,0.4070469179823677,0.8960312977692787,0.9159849427488975,35.89709392272618,96.58620831443189,36.38112923950752,97.88857379390006,36.78817615748989,98.98379109752426
480,0.7255307181645381,0.9556786490612219,0.3717672156969988,0.9521620774225797,0.7741689492781673,0.9790054769382122,0.9703092615981127,0.9894153070371581,0.27446928183546193,0.04432135093877809,0.029690738401887296,0.010584692962841924,1.4630612536890797,3.373665797593617,1.9106045439045372,0.9168968152958175,0.9427460148293895,23.014793089668384,83.85198130647359,24.477854343357464,89.18249131438824,26.388458887262,96.14357829333076
481,0.7603525895442329,0.9174007733370487,0.5386982446975952,0.9313114953173879,0.7822402437257682,0.9599980571636901,0.9573068509198828,0.9799855428234401,0.2396474104557671,0.08259922666295128,0.04269314908011723,0.02001445717655992,3.9906077582834043,6.258476948639135,2.2678691903557313,0.8968184769722994,0.9244425735650349,15.704818379281582,65.5330193195653,19.695426137564986,82.18501547797976,21.96329532792072,91.64837327534816
482,0.846166961398389,0.9381226475315256,0.4980666559070866,0.9508125585636786,0.6991493651417874,0.9810324190460357,0.966352049762747,0.9801736531126616,0.15383303860161102,0.06187735246847437,0.03364795023725298,0.01982634688733842,2.822940223122139,4.205100558113594,1.3821603349914557,0.9155972786168757,0.9446978850072936,9.195568613313664,59.77629186099536,12.018508836435803,78.12696768969589,13.40066917142726,87.11177581385252
483,0.8965624024097943,0.9241467398588966,0.34874462087526764,0.9408325090959532,0.8039205668680056,0.9796917313460249,0.9462383172111173,0.9838378386806741,0.10343759759020565,0.07585326014110338,0.053761682788882714,0.016162161319325907,2.209157735222067,5.969109882177747,3.7599521469556807,0.9059868606109178,0.9434068524072832,2.758433744910227,26.66761225293015,4.967591480132294,48.025008274193205,8.727543627087975,84.37496452367695
484,0.7871204901718083,0.913234636587183,0.5468060053790861,0.9476678686796578,0.7175166107287272,0.9573323812955705,0.9565394812210923,0.9727299173019328,0.2128795098281917,0.08676536341281704,0.043460518778907664,0.02727008269806719,4.330484463390938,5.949528071474985,1.6190436080840476,0.9125690587285593,0.9218756264327715,12.611414641537467,59.24203156854193,16.941899104928403,79.58445187421594,18.56094271301245,87.18989783465962
485,0.6735871244448702,0.9645212681875389,0.5351058925018755,0.9637515061420324,0.8008559306037825,0.9764209029023418,0.9825656078781403,0.9925536987781908,0.32641287555512977,0.035478731812461084,0.01743439212185971,0.007446301221809226,1.8044339690601374,2.803243059065186,0.9988090900050484,0.9280570059145496,0.9402571657578106,29.093414374266867,89.13071926095976,30.897848343327006,94.65879154055762,31.896657433332052,97.71874770284556
486,0.6191810281669203,0.9462371788264201,0.5336837500250836,0.9597601992582496,0.8262143937899095,0.9203699031424268,0.9731358365068629,0.9893855136242129,0.38081897183307967,0.05376282117357989,0.02686416349313714,0.010614486375787102,2.689865768044275,4.314833479779279,1.6249677117350037,0.9242135252116478,0.8862821289519666,32.70561506594998,85.88231544379433,35.395480833994256,92.94568667001386,37.02044854572926,97.21272122428826
487,0.7887489409559236,0.9452736324749447,0.5310220894139973,0.9208412901497994,0.7374327771722324,0.9823101495155868,0.9713591106438391,0.9847608158299117,0.21125105904407637,0.05472636752505533,0.028640889356160937,0.015239184170088294,2.6085478168894394,3.9487183354967037,1.3401705186072643,0.8867360571812883,0.9459282921261206,15.652469151902103,74.09415707892997,18.261016968791544,86.44225052136417,19.601187487398807,92.78622117254866
488,0.7666259427984407,0.9350442453189352,0.47807889099095385,0.9469723563395681,0.5936527808394213,0.9777125006558329,0.9631247007738892,0.9719385314803871,0.23337405720155935,0.06495575468106485,0.03687529922611077,0.028061468519612887,2.808045545495408,3.689428616145196,0.8813830706497883,0.9118993061047692,0.9415009265574686,16.84183025204945,72.16667719627286,19.64987579754486,84.19905808370872,20.531258868194648,87.97575495061267
489,0.6638720172242516,0.9718171617210218,0.6646655716503813,0.9459043028260485,0.8140616911529059,0.9666890409988406,0.9898237219388297,0.9944528940399882,0.3361279827757484,0.028182838278978162,0.010176278061170274,0.005547105960011844,1.8006560217807888,2.2635732318966317,0.46291721011584297,0.9108708101287875,0.9308857431840687,30.794514449677024,91.61544419888996,32.59517047145781,96.97249899364687,33.05808768157365,98.34970420665255
490,0.6731460120420236,0.937887856293894,0.4096484708327271,0.9574471136048759,0.7767565252516865,0.9348256138020568,0.96076803598835,0.9844310586266045,0.3268539879579764,0.06211214370610596,0.03923196401164997,0.015568941373395484,2.2880179694455993,4.654320233271047,2.3663022638254483,0.9219861093972879,0.900202442920499,26.47418442518704,80.99697540967689,28.76220239463264,87.99709795289571,31.12850465845809,95.23672895329727
491,0.5535886170718023,0.9598067021140897,0.3501484406277706,0.9796742543038095,0.8107534861325283,0.9776591987839424,0.9729726802256077,0.9919591116518354,0.4464113829281977,0.040193297885910306,0.027027319774392322,0.008040888348164632,1.3165978111517984,3.2152409537745674,1.898643142622769,0.9433900226629276,0.9414495988289815,40.62180850422874,90.99635461303299,41.93840631538054,93.94564726438898,43.83704945800331,98.19877165868373
492,0.6444639153863297,0.9089197467729794,0.6077079253091967,0.9706462842969434,0.8701215080351127,0.9676432066908971,0.961077076970973,0.9867285501517351,0.35553608461367026,0.09108025322702062,0.038922923029027,0.013271449848264893,5.215733019799362,7.780880337875573,2.5651473180762108,0.9346964219155751,0.931804569406049,26.445583138664965,74.38227590147719,31.661316158464324,89.05232838142966,34.22646347654054,96.26720031450934
493,0.7841940626919568,0.9185966361240092,0.46404228545422893,0.9549638289054075,0.763624711593873,0.9599349848698189,0.9526214815393527,0.9786448383652542,0.2158059373080432,0.08140336387599079,0.047378518460647334,0.021355161634745823,3.402484541534345,6.004820224124496,2.602335682590151,0.9195947982052072,0.9243818372820477,13.440257343205243,62.279367800805716,16.84274188473959,78.04577619520317,19.44507756732974,90.10446056251766
494,0.7933158676888555,0.9108987275190473,0.4595206916767254,0.9295198890479249,0.7574461278750437,0.9668359153852769,0.9461841897770822,0.9760480731539576,0.20668413231114446,0.08910127248095268,0.053815810222917815,0.023951926846042415,3.528546225803486,6.5149345634910265,2.98638833768754,0.8950932264905943,0.9310271777784147,11.758285983019178,56.89012432419405,15.286832208822664,73.9622923050992,18.273220546510206,88.41133734931091
495,0.6548994961591554,0.9628534197762013,0.46811318142316366,0.9454611614234202,0.7999715863648454,0.9846389012362674,0.9787573242401915,0.9922235232034591,0.34510050384084456,0.037146580223798686,0.021242675759808538,0.007776476796540921,1.5903904463990148,2.9370103427257765,1.3466198963267617,0.9104440813707009,0.9481707937830722,30.795392361704586,89.23601101407543,32.3857828081036,93.84449587196043,33.73240270443036,97.74660520341422
496,0.8006410706699306,0.9290002166163474,0.49534688677349126,0.9324599739900359,0.7647875889360687,0.9934451213030856,0.9602806489854998,0.9822266507684494,0.19935892933006938,0.07099978338365265,0.03971935101450019,0.017773349231550606,3.1280432369152456,5.322643415210204,2.1946001782949587,0.8979244193978123,0.9566508575511194,12.835914594641674,64.38595270237353,15.963957831556918,80.07646251513584,18.158558009851877,91.08474885410119
497,0.6892514372921065,0.9460062311788114,0.3784838702978504,0.9741638392661991,0.8249549808840387,0.9757920724388983,0.9648652622698635,0.98986513090194,0.3107485627078935,0.05399376882118856,0.035134737730136534,0.010134869098060051,1.8859031091052025,4.385889972312851,2.4999868632076483,0.9380836970711546,0.9396516253115317,25.675479388670496,82.62461188856948,27.5613824977757,88.69351561147411,30.06136936098335,96.73856284008401
498,0.7156778651288764,0.9347907461889613,0.5816563470249007,0.9485401101990079,0.7145131207416083,0.9744797051878171,0.9701522095333033,0.9799727110972887,0.28432213487112357,0.0652092538110387,0.029847790466696722,0.020027288902711327,3.536146334434198,4.518196490832738,0.9820501563985395,0.913408995006452,0.9383878642549349,21.911288106008485,77.06500978525767,25.447434440442684,89.50212213332387,26.429484596841224,92.95612741801153
499,0.7735234739707426,0.9268341843777038,0.559127868870058,0.9595514421308236,0.686192762772964,0.9941991578337652,0.9649992356743446,0.9756887637973106,0.22647652602925739,0.07316581562229618,0.035000764325655354,0.02431123620268938,3.816505129664083,4.885457941960681,1.0689528122965974,0.9240124998296819,0.957376966802885,15.33107104069612,67.69386350758302,19.147576170360203,84.54552224934173,20.2165289826568,89.26544987733133
500,0.8333855346749981,0.9648226402219218,0.5087774184114978,0.966946673191629,0.7125053590055768,0.9709833114355483,0.9818146747358699,0.9893200175456633,0.1666144653250019,0.03517735977807823,0.01818532526413008,0.010679982454336656,1.699203451394815,2.4497377323741576,0.7505342809793425,0.9311338334437909,0.935020966567565,13.143710554692367,78.8869713626242,14.842914006087183,89.08538629664756,15.593448287066526,93.59000286469482
501,0.6757430803418425,0.9477015575253632,0.5580785678611763,0.9548625125145386,0.6643812139890557,0.9834497816060924,0.9750960196359715,0.9815154711974766,0.3242569196581575,0.052298442474636775,0.024903980364028522,0.01848452880252338,2.7394462110608253,3.3813913672113394,0.6419451561505141,0.9194972342732594,0.9470257156206815,27.195847718352073,83.87129485786409,29.9352939294129,92.31967651136539,30.577239085563413,94.29941886143544
502,0.6786812863202067,0.9262177613432617,0.5422501246436839,0.9563677505312925,0.8105732991106399,0.9859398580400596,0.9632725138727654,0.9849258432204996,0.32131871367979326,0.07378223865673827,0.03672748612723464,0.015074156779500414,3.705475252950363,5.870808187723786,2.165332934773423,0.9209467227338372,0.9494235670015387,24.753647502305498,77.03767769646147,28.459122755255862,88.56976436055479,30.624455690029283,95.30865893029736
503,0.7444811364418591,0.9470458122872366,0.41421852341164644,0.9564385126673843,0.79751657452629,0.9658408701601982,0.9668880988977047,0.9884135098759133,0.2555188635581409,0.05295418771276339,0.03311190110229534,0.011586490124086746,1.9842286610468052,4.136769758867665,2.1525410978208592,0.9210148640500737,0.9300689860801907,20.256467584537752,79.27582058898983,22.24069624558456,87.0413085589037,24.393237343405417,95.46550498748194
504,0.8139061037506085,0.9278984657580694,0.4538938763604163,0.9609902626823977,0.8210166819197721,0.9472615378228887,0.9577101449443048,0.9855303934214612,0.18609389624939154,0.07210153424193055,0.04228985505569516,0.014469606578538796,2.9811679186235396,5.763192766339175,2.782024847715636,0.9253980307311978,0.9121777771627817,11.399236200746099,61.25529332498658,14.380404119369638,77.27499079334612,17.162428967085276,92.22456680731348
505,0.7855251877770735,0.9546131469850268,0.40441942890606336,0.9246044629359653,0.7261755507325501,0.9820977994511009,0.9702842843722607,0.9869171952277886,0.21447481222292653,0.04538685301497325,0.029715715627739336,0.013082804772211354,1.5671137387233913,3.2304048242761896,1.6632910855527983,0.8903598531975961,0.9457238068788378,16.908795920795328,78.83814302268843,18.47590965951872,86.14489257747776,20.139200745071516,93.90007402892
506,0.7178823119146192,0.93590805832805,0.6204238317139118,0.9405232386107162,0.69816952979166,0.9738341588285213,0.9731057349312954,0.9792161084536437,0.28211768808538085,0.06409194167194998,0.026894265068704626,0.020783891546356292,3.7197676603245355,4.3308050125593684,0.6110373522348334,0.9056890445880971,0.9377662270200575,21.802574641343085,77.28184216065424,25.52234230166762,90.46700501084311,26.133379653902455,92.63290023131545
507,0.7281858495073764,0.9681296535062782,0.41238368574621814,0.9792936679049359,0.7682870073221533,0.9451082761599561,0.980629575066557,0.9919937157755538,0.2718141504926236,0.03187034649372178,0.019370424933442987,0.008006284224446159,1.2499921560278793,2.386406226927562,1.1364140708996828,0.9430235320566048,0.9101042659318095,23.99438039989018,88.27494946971619,25.24437255591806,92.87365102282685,26.38078662681774,97.05450058065928
508,0.7623395747237635,0.9671469184692089,0.6306553248187015,0.9478322372195328,0.6256982534284713,0.9692672277211742,0.9869360936734906,0.9870520198370841,0.23766042527623654,0.03285308153079114,0.013063906326509445,0.012947980162915873,1.9789175204281695,1.9905101367875266,0.011592616359357155,0.9127273395447353,0.9333684415092789,20.48073437454454,86.17646101886527,22.45965189497271,94.50312086611599,22.471244511332067,94.55189893400795
509,0.731092590004943,0.9442519770059711,0.5235524184075175,0.9651008799440117,0.6573965894714705,0.9597027700469528,0.9716791130563025,0.9793586422314071,0.268907409995057,0.05574802299402892,0.0283208869436975,0.020641357768592883,2.7427136050331424,3.510666522543604,0.7679529175104616,0.9293564029090483,0.9241582230081767,21.31593870010281,79.26869215130455,24.05865230513595,89.46816417434607,24.826605222646414,92.32399071153439
510,0.7464876837900286,0.9366629049994546,0.4501320567003438,0.9505630227395042,0.8176447060661219,0.9859392116624326,0.9623566424370477,0.9876477763602123,0.2535123162099714,0.06333709500054541,0.03764335756295234,0.012352223639787718,2.5693737437593067,5.098487136075769,2.529113392316462,0.9153569848602633,0.9494229445638239,19.017522120942598,75.01616649343123,21.586895864701905,85.15127070521723,24.116009257018366,95.12756467833421
511,0.8767084435303978,0.8810845777709558,0.6939863697032116,0.9674984311223758,0.6813304482609709,0.969653935072224,0.9590591841483527,0.9575286406926027,0.12329155646960221,0.11891542222904417,0.04094081585164733,0.042471359307397316,7.797460637739684,7.644406292164685,-0.15305434557499886,0.931665155895621,0.9337408263658452,0.43761342405580494,3.5494192512988465,8.235074061795489,66.79349582082584,8.08201971622049,65.55209413884826
512,0.7108712886078083,0.9408007685821715,0.5272043596280616,0.9440300591223922,0.8359952106727966,0.9842658476814633,0.9694486193306442,0.9896239343795229,0.28912871139219165,0.05919923141782846,0.03055138066935581,0.010376065620477104,2.8647850748472647,4.882316579735136,2.0175315048878706,0.9090659828585999,0.9478115570265943,22.992947997436318,79.52495581197157,25.857733072283583,89.43329407783578,27.875264577171453,96.41126418385949
513,0.7207673380326748,0.9342725913577435,0.38489202018380564,0.9263867652406731,0.8257015883703908,0.9601524539613095,0.9553722939591477,0.9873900065040514,0.2792326619673252,0.06572740864225646,0.04462770604085231,0.012609993495948602,2.1099702601404147,5.311741514630786,3.201771254490371,0.8920761443058333,0.9245912519627425,21.350525332506876,76.46141816678035,23.46049559264729,84.01773426989911,26.662266847137662,95.48405497870297
514,0.8772725021205341,0.9844682180899162,0.5017863100063503,0.9561544861077498,0.7090845179306197,0.969486144634317,0.9918463591659391,0.9952881263725716,0.12272749787946591,0.015531781910083753,0.008153640834060893,0.00471187362742842,0.7378141076022859,1.0819908282655333,0.34417672066324734,0.9207413569926479,0.9335792503886016,10.719571596938216,87.34449721664012,11.457385704540501,93.35630484207475,11.801562425203748,96.16070260630907
515,0.7947539504844289,0.9298556594540429,0.5882293899615466,0.9491614508190938,0.7573549453178365,0.9603520740641582,0.9683110930403219,0.9812966931505098,0.20524604951557113,0.07014434054595708,0.031688906959678076,0.018703306849490176,3.845543358627901,5.144103369646691,1.29856001101879,0.9140073230109791,0.9247834787284486,13.510170896961405,65.82426764777485,17.355714255589305,84.56052770103429,18.654274266608095,90.8873730365898
516,0.7416026168165923,0.9234448106453103,0.3141001156481621,0.93637459246714,0.6960398769238025,0.972711400511825,0.9427505159213466,0.9747484042283973,0.25839738318340766,0.07655518935468975,0.05724948407865338,0.02525159577160274,1.9305705276036367,5.1303593583087,3.1997888307050637,0.9016940520053941,0.9366850523447203,18.18421938287179,70.37307870089703,20.114789910475427,77.84440253482818,23.31457874118049,90.22761164973585
517,0.7500452829282057,0.945249276474693,0.2753308894964084,0.9113952101786583,0.746061430966524,0.9911868273583611,0.9559727044425507,0.9853775774115405,0.24995471707179429,0.054750723525306966,0.04402729555744933,0.014622422588459472,1.0723427967857635,4.01283009368475,2.940487296898986,0.8776398320238932,0.9544762041228662,19.52039935464873,78.09574303429491,20.592742151434496,82.38589130334219,23.533229448333483,94.14997133890478
518,0.8687232882949719,0.951283062455421,0.49821427845574007,0.971951820382964,0.8086373236853723,0.9611368580980391,0.9742420874462694,0.9899066240447204,0.13127671170502808,0.04871693754457895,0.02575791255373061,0.010093375955279593,2.2959024990848342,3.862356158929936,1.5664536598451018,0.9359536048132245,0.9255391966870006,8.255977416044914,62.88988586639543,10.551879915129748,80.37891700730036,12.118333574974848,92.31137356794945
519,0.7568067282274865,0.9516354167626999,0.5370179043445263,0.9452423875352737,0.752826077823088,0.9774699149994074,0.975711576935798,0.9873114995856649,0.2431932717725135,0.048364583237300085,0.02428842306420198,0.012688500414335113,2.4076160173098105,3.567608282296497,1.1599922649866867,0.9102334102191524,0.9412673255549848,19.48286885352134,80.11269683375903,21.890484870831152,90.01270763488813,23.050477135817836,94.78254463133169
520,0.7104122040476362,0.9331603237671098,0.3385941154618119,0.954840871158871,0.8240554641364312,0.9704726715125755,0.9527300658504831,0.9871806157557983,0.28958779595236384,0.06683967623289022,0.04726993414951686,0.012819384244201704,1.9569742083373365,5.402029198868852,3.4450549905315153,0.9194763944492831,0.934529239234332,22.27481197194736,76.919028644465,24.231786180284697,83.67682105039654,27.676841170816214,95.57323049403973
521,0.6794450577436474,0.9081063259112616,0.4673235811138318,0.9526933393451668,0.612319773669275,0.9696372826885385,0.9464502966887489,0.9611144396686133,0.3205549422563526,0.09189367408873839,0.053549703311251085,0.03888556033138668,3.83439707774873,5.3008113757351705,1.4664142979864403,0.9174084008509013,0.9337247907371111,22.866126816761422,71.33294110460177,26.70052389451015,83.29468797631996,28.166938192496595,87.86929939133825
522,0.8012762339402132,0.94011867748422,0.46303010287472807,0.9486660009256094,0.5709816623435092,0.9551967097942456,0.965201285773626,0.972187391366437,0.1987237660597868,0.059881322515780044,0.03479871422637404,0.027812608633563052,2.5082608289406005,3.2068713882216993,0.6986105592810987,0.9135302231135497,0.9198190538759402,13.884244354400677,69.86705530844031,16.392505183341278,82.48890159624656,17.091115742622375,86.00438730353191
523,0.7299982156913645,0.9077911898658603,0.5202193073018051,0.9430114293567572,0.772819845830934,0.9799192487342321,0.9508606787630431,0.9769931027287864,0.27000178430863553,0.09220881013413973,0.04913932123695686,0.023006897271213633,4.306948889718287,6.92019128629261,2.6132423965743223,0.9080850801213217,0.9436259432255568,17.77929741744958,65.84881452904139,22.08624630716787,81.80037166688264,24.69948870374219,91.47898324815708
524,0.6970932978584122,0.9332269068218382,0.6274463701790935,0.9526142304914397,0.6941871278826286,0.9382544249044491,0.9727792385061649,0.9772103609770779,0.30290670214158777,0.06677309317816182,0.02722076149383512,0.02278963902292208,3.9552331684326703,4.398345415523974,0.44311224709130403,0.9173322219547196,0.9035042610190991,23.613360896342595,77.95588783408627,27.568594064775265,91.01348326023128,28.01170631186657,92.4763503541531
525,0.7371946348656859,0.8965462505146008,0.6254329029303138,0.9714090012495062,0.7812530052750064,0.9874412892111822,0.9574014215461869,0.9750745968676932,0.2628053651343141,0.1034537494853992,0.042598578453813096,0.024925403132306845,6.085517103158611,7.852834635309236,1.7673175321506251,0.9354308900921171,0.9508693896107681,15.935161564891487,60.6348411370802,22.0206786680501,83.79082617584999,23.787996200200723,90.5156414445466
526,0.824901878146939,0.976695318098432,0.5548067477706574,0.9171470404813215,0.7752478014577612,0.9697623389786284,0.9885503432040748,0.9945004432347512,0.17509812185306095,0.02330468190156798,0.011449656795925245,0.005499556765248825,1.1855025105642736,1.7805125136319155,0.595010003067642,0.8831786315746057,0.9338452153127532,15.179343995149297,86.6905014999962,16.364846505713572,93.46100536387615,16.95985650878121,96.85915719309432
527,0.7032972911959519,0.9850949577232132,0.5020096620212674,0.9833086834533492,0.796249855834549,0.962482742290154,0.9923954951266413,0.996807203362823,0.29670270880404814,0.014905042276786795,0.007604504873358731,0.0031927966371769756,0.7300537403428065,1.171224563960982,0.4411708236181755,0.9468898433254473,0.9268352333164445,28.179766652726133,94.97643876024382,28.90982039306894,97.4369951309137,29.350991216687117,98.92390714933256
528,0.8108438289745765,0.9659773321108981,0.7174822830271151,0.9495654110198083,0.8054409873525994,0.9535371867854068,0.9896296141626881,0.9928648144760347,0.18915617102542348,0.03402266788910191,0.010370385837311868,0.007135185523965304,2.365228205179004,2.6887482365136606,0.32352003133465645,0.9143963217227783,0.9182209946822435,15.513350313632158,82.01345073509174,17.87857851881116,94.51755352146665,18.202098550145816,96.22788646794595
529,0.6830448876168697,0.9590268723433052,0.39192483122548555,0.9516525820397613,0.6990763009016705,0.9837563257529569,0.9734264055965559,0.9870997467970235,0.31695511238313034,0.04097312765669481,0.02657359440344409,0.012900253202976497,1.4399533253250718,2.807287445371831,1.3673341200467592,0.9164061901123627,0.9473209062806252,27.598198472643553,87.0728926412876,29.038151797968624,91.61597545985555,30.405485918015383,95.92994316892958
530,0.6656182151554634,0.9407694188447961,0.5075500360481039,0.9657076666248358,0.7668662599993131,0.9876345673843289,0.9688932135993544,0.9853558306691719,0.3343817848445366,0.059230581155203854,0.03110678640064557,0.014644169330828127,2.8123794754558284,4.458641182437573,1.6462617069817442,0.929940716009101,0.9510555093330574,27.515120368933278,82.28654076275662,30.327499844389106,90.69722460656521,31.97376155137085,95.62052420479883
531,0.6677637432249194,0.9287250598235325,0.5640510607920841,0.9363269135422821,0.8799700301324801,0.9605565108503109,0.9655006903848448,0.9905011407137536,0.3322362567750806,0.07127494017646752,0.03449930961515524,0.009498859286246386,3.677563056131228,6.1776080890221134,2.500045032890885,0.901648138966642,0.9249803437817808,26.09613165986131,78.54691090361048,29.773694715992537,89.61603108883122,32.27373974888342,97.14093236588654
532,0.8216788776421483,0.8935508001693266,0.4989295832698262,0.9829058372642433,0.6743926021046691,0.9045481074938152,0.9427461408964227,0.9588802812786262,0.1783211223578517,0.10644919983067336,0.057253859103577276,0.041119718721373766,4.919534072709608,6.53294811092996,1.613414038220351,0.9465019173655675,0.8710463257347849,7.187192252717834,40.30477241105908,12.106726325427442,67.89283381209252,13.720140363647793,76.9406348627307
533,0.7623974510548369,0.9442083442640347,0.4953600224444412,0.9373459639621352,0.7851583972198388,0.981858568781586,0.9691693400377687,0.9872358533752749,0.23760254894516308,0.05579165573596534,0.030830659962231333,0.012764146624725137,2.4960995773734007,4.30275091112402,1.8066513337506196,0.9026294467783523,0.9454934366044901,18.181089320919774,76.51891531313427,20.677188898293174,87.02427221462729,22.483840232043796,94.62794204801608
534,0.8769994995291079,0.966689688966871,0.41621350398299645,0.8930184332709051,0.794439189185841,0.9771651798520689,0.9779701856120702,0.9928034027641471,0.12300050047089206,0.03331031103312898,0.022029814387929836,0.007196597235852864,1.1280496645199145,2.6113713797276117,1.4833217152076972,0.8599436764830938,0.9409738768945848,8.969018943776309,72.9185565053763,10.097068608296222,82.08965467328065,11.58039032350392,94.14913174474772
535,0.7563514449941576,0.962022962202618,0.42618167816996666,0.9377288571280171,0.8013217910669689,0.95077993853175,0.9764133380824112,0.9918184038613743,0.24364855500584237,0.03797703779738204,0.023586661917588847,0.00818159613862568,1.4390375879793194,2.979544165875636,1.5405065778963167,0.9029981587158683,0.9155658667342778,20.567151720846034,84.41318981084397,22.006189308825352,90.31939183180329,23.54669588672167,96.64205021103881
536,0.8055506862187598,0.9773014637274163,0.41973400684610335,0.9520071205065503,0.734456623542083,0.9635330750910701,0.9860410985052066,0.9936398530364298,0.1944493137812402,0.02269853627258367,0.013958901494793396,0.006360146963570235,0.8739634777790273,1.6338389309013435,0.7598754531223162,0.9167475975248262,0.9278466649025119,17.175077750865654,88.32675938464868,18.04904122864468,92.82131614488624,18.808916681766995,96.72914918551704
537,0.7853122336165145,0.9064632625229548,0.6788540151508535,0.944509131912885,0.7056991366272153,0.9754356589562002,0.9661037153608162,0.9698067326056831,0.21468776638348552,0.09353673747704516,0.033896284639183816,0.030193267394316936,5.964045283786135,6.334347008272823,0.37030172448668797,0.9095273122124077,0.9393084123281927,12.115102890644035,56.4312680444188,18.07914817443017,84.2113571675823,18.44944989891686,85.93619566548367
538,0.8346624108911559,0.9198781755059842,0.36862634971431446,0.9743280599230673,0.7990940457478849,0.9851149227095363,0.9465735726846288,0.9825466181454449,0.1653375891088441,0.08012182449401584,0.05342642731537117,0.01745338185455514,2.6695397178644664,6.266844263946069,3.5973045460816033,0.9382418354814721,0.9486291848314052,8.521576461482827,51.540466432427245,11.191116179347294,67.68646040907262,14.788420725428896,89.44379076250753
539,0.7636404590629424,0.9580702024118343,0.5471423003894437,0.9615242364839034,0.7918029729698662,0.9638063037903066,0.9798039635784966,0.9906346564923108,0.23635954093705758,0.04192979758816573,0.02019603642150336,0.00936534350768925,2.173376116666237,3.256445408047648,1.083069291381411,0.9259122277252403,0.9281097740202953,19.442974334889186,82.26016287646641,21.616350451555423,91.45537500139181,22.699419742936833,96.03767063070103
540,0.7590693059460099,0.9484617156275741,0.6489478069489873,0.9561036446287182,0.7332186574473085,0.9634261580051198,0.9804387176371657,0.985176148322134,0.24093069405399015,0.05153828437242591,0.019561282362834276,0.01482385167786604,3.1977002009591637,3.6714432694559873,0.47374306849682357,0.9206923985313582,0.9277437077086338,18.939240968156422,78.6086681172816,22.136941169115588,91.88095047845968,22.61068423761241,93.84725481488707
541,0.7742299649150839,0.9619547546606082,0.3886445713810462,0.9427850749560082,0.8567414745596788,0.975782703430227,0.974994868225006,0.9942270383261942,0.2257700350849161,0.0380452453393918,0.02500513177499397,0.00577296167380581,1.3040113564397826,3.227228366558599,1.9232170101188162,0.9078671092168967,0.9396426033031815,18.77247897455243,83.14867368245645,20.076490330992215,88.9245126061175,21.99970734111103,97.4429903101913
542,0.6317923729878311,0.9301589650716279,0.5649944782602778,0.9686778691399168,0.7318141554936702,0.9587240732447951,0.9673813057057594,0.979428384679128,0.3682076270121689,0.06984103492837213,0.03261869429424058,0.02057161532087204,3.7222340634131545,4.926941960750009,1.2047078973368541,0.9328009110236235,0.9232157742357286,29.83665920837968,81.03215962822412,33.55889327179283,91.14122253280686,34.763601169129686,94.4130393257193
543,0.6995309523307418,0.9298845562388368,0.48390383747930815,0.9543248343445393,0.8732595162715238,0.9656350767136385,0.9608202895734053,0.9902003613958942,0.3004690476692582,0.07011544376116319,0.03917971042659474,0.00979963860410582,3.093573333456845,6.031580515705737,2.938007182248892,0.9189794701095563,0.9298708146131333,23.0353603908095,76.66467002007379,26.128933724266346,86.96048370688688,29.06694090651524,96.73855304560595
544,0.801390235987935,0.9744891455282625,0.6526837637177236,0.9488869317365125,0.7227322723722378,0.9656705241732592,0.9905088901980571,0.9925395304907413,0.19860976401206498,0.02551085447173751,0.009491109801942899,0.007460469509258716,1.601974466979461,1.8050384962478794,0.20306402926841827,0.9137429713018268,0.9299049492038791,17.309890954032745,87.15528685176434,18.91186542101221,95.22122698793079,19.114929450280627,96.24365420986778
545,0.7803587658626095,0.950998507842129,0.597041337242224,0.9670305274030362,0.71097529031425,0.9588797711409743,0.9789804316647173,0.984706492935423,0.21964123413739045,0.049001492157870974,0.021019568335282734,0.015293507064576994,2.798192382258824,3.370798509329398,0.572606127070574,0.9312145819436645,0.9233657055431604,17.063974197951946,77.69021270058087,19.862166580210772,90.43004451425796,20.434772707281347,93.03705102339273
546,0.8000105042373241,0.9421174758792374,0.5014770642284317,0.9430726887842275,0.7367428201874776,0.9849204482040197,0.9685441237164913,0.9838434923941841,0.19998949576267588,0.05788252412076256,0.031455876283508655,0.016156507605815884,2.6426647837253903,4.172601651494667,1.529936867769277,0.9081440706811079,0.9484419130853522,14.210697164191332,71.05721783035507,16.853361947916724,84.27123576488397,18.383298815686,91.92132189533167
547,0.7984332382766338,0.9436177059508057,0.5406260716190505,0.9132500082452415,0.8082259221793827,0.9798305095749552,0.970821516758908,0.9884405766094843,0.20156676172336618,0.05638229404919426,0.029178483241091957,0.011559423390515744,2.7203810808102302,4.482287065867851,1.7619059850576213,0.879425933865788,0.9435404907018087,14.518446767417192,72.02798042339226,17.238827848227423,85.52415934471527,19.000733833285043,94.26521352444998
548,0.7869748624715576,0.8882193178711225,0.6306541843717075,0.9626116605321788,0.7867240358039608,0.9914567758340133,0.953937396545379,0.9736419104106487,0.21302513752844243,0.11178068212887748,0.04606260345462099,0.026358089589351263,6.571807867425649,8.542259253952622,1.9704513865269724,0.9269593768087647,0.9547361545068276,10.124445539956495,47.52699919559827,16.696253407382144,78.37691645734961,18.666704793909116,87.6267702980208
549,0.7806242832265063,0.9154623651028725,0.4163911255379313,0.9212612315505895,0.8062584794159559,0.9840053364024742,0.9447339756204177,0.9821429565586092,0.21937571677349366,0.08453763489712751,0.05526602437958228,0.01785704344139083,2.9271610517545232,6.668059145573668,3.740898093819145,0.8871404451968639,0.9475606943134937,13.483808187636615,61.46445188169438,16.410969239391136,74.80759256657169,20.151867333210284,91.8600637736818
550,0.7268250762221264,0.9615540891823628,0.5378873679184094,0.966376453565515,0.7053170599214577,0.9827725187865504,0.9812391376077765,0.9881531555200554,0.27317492377787356,0.03844591081763715,0.01876086239222352,0.011846844479944552,1.9685048425413632,2.65990663376926,0.6914017912278969,0.9305847330630885,0.9463735366092707,23.47290129602364,85.92626647938644,25.441406138565004,93.13228969454073,26.1328079297929,95.66327526842194
551,0.8029795888429218,0.927262960453177,0.3183525787239388,0.9567560156857466,0.6223831375133889,0.9738206457102591,0.9470709823620196,0.9704803069290151,0.19702041115707825,0.07273703954682298,0.05292901763798041,0.029519693070984898,1.9808021908842566,4.321734647583808,2.3409324566995515,0.9213206076973856,0.9377532143876568,12.428337161025526,63.08147002655882,14.409139351909783,73.13526181011684,16.750071808609334,85.01693662214025
552,0.7851896948935313,0.9780589023284405,0.5321696784222507,0.9271764565187347,0.8512398044624174,0.9810699481815583,0.9888073990785032,0.9966099560428977,0.2148103051064687,0.021941097671559495,0.011192600921496765,0.0033900439571022956,1.074849675006273,1.85510537144572,0.7802556964394469,0.8928365877587815,0.9447340241748339,19.28692074349092,89.78582630815379,20.361770418497194,94.78954190957027,21.14202611493664,98.4218429579428
553,0.7176446817090685,0.9349463838911074,0.5808529287484183,0.9644863837760335,0.7613152919506895,0.9593964959804135,0.970649368639972,0.9829839932197676,0.2823553182909315,0.0650536161088926,0.029350631360028023,0.017016006780232407,3.5702984748864575,4.80376093286602,1.2334624579795617,0.9287646658584026,0.9238632924255834,21.73017021820389,76.9603715975121,25.30046869309035,89.60507224100313,26.53393115106991,93.97354833504515
554,0.7175770932789982,0.9309743167112098,0.4499920005819351,0.9101791397657116,0.7639339215707494,0.971439732086378,0.9571174713341271,0.9823015366393643,0.2824229067210018,0.06902568328879022,0.04288252866587294,0.01769846336063574,2.6143154622917275,5.132721992815448,2.51840653052372,0.8764688012558705,0.9354604827498454,21.33972234322116,75.55946006993727,23.954037805512883,84.81620022832091,26.472444336036606,93.7333470694289
555,0.7623017205695959,0.9446518306988073,0.4339486799727468,0.930998675501492,0.7475344192765265,0.9581154169453767,0.9656017553406956,0.9847958533114457,0.2376982794304041,0.055348169301192685,0.03439824465930441,0.015204146688554299,2.0949924641888273,4.014402261263839,1.9194097970750112,0.8965172430755107,0.9226296607622145,18.23501101292114,76.71494743932375,20.33000347710997,85.52861016001762,22.24941327418498,93.60359413413174
556,0.6453521322270287,0.9831753129406123,0.5119933970090499,0.9894177935317228,0.7316055504281668,0.9737967192637945,0.9916302635224624,0.9953056257271642,0.3546478677729713,0.016824687059387666,0.008369736477537582,0.004694374272835811,0.8454950581850085,1.2130312786551856,0.3675362204701771,0.9527726900675848,0.9377301741058761,33.78231807135836,95.2559458019474,34.62781312954337,97.63998680434884,34.99534935001355,98.67632807090753
557,0.7313122626596263,0.9108763049852424,0.6261913312601012,0.9611597519295426,0.8856207392122083,0.9770097875328491,0.9633420569789479,0.9886750646608634,0.26868773734037366,0.08912369501475759,0.036657943021052075,0.011324935339136588,5.246575199370551,7.7798759675621,2.5333007681915487,0.9255612425988188,0.9408242398464471,17.956404232561606,66.83001022043084,23.202979431932157,86.35667433731307,25.73628020012371,95.7850940831028
558,0.8179536895523486,0.9349815801456384,0.4991727107009937,0.946892061801051,0.5917749525775122,0.9790550805297876,0.9645240585321694,0.9718218461542906,0.1820463104476514,0.06501841985436163,0.03547594146783062,0.02817815384570943,2.9542478386531013,3.68402660086522,0.7297787622121188,0.911821985438049,0.9427937812509065,11.702789059328978,64.28468135691325,14.657036897982078,80.51268307465536,15.386815660194198,84.52143645404324
559,0.6795746091406414,0.9683469216538688,0.5186755680703149,0.9805467753521147,0.739787424534744,0.9667441425035171,0.9842078452850915,0.9912783763797403,0.3204253908593586,0.03165307834613118,0.01579215471490847,0.008721623620259744,1.5860923631222712,2.2931454725871436,0.7070531094648724,0.9442302281168511,0.9309388038922757,28.877231251322744,90.12154490590156,30.463323614445017,95.07150333107029,31.170376723909886,97.27811095217237
560,0.7447836674250293,0.938813872407689,0.4835199009922585,0.9614094294707846,0.7981207343160807,0.9522253535190863,0.9661722400926857,0.9863709458580782,0.2552163325749707,0.06118612759231101,0.03382775990731435,0.013629054141921837,2.7358367684996665,4.755707345038918,2.019870576539251,0.9258016728237184,0.9169577478331942,19.403020498265967,76.02577900286323,22.138857266765633,86.7454564658877,24.158727843304884,94.65980331101332
561,0.7321837293745592,0.9503786942788014,0.599111032599511,0.9443634607495608,0.8261169659950242,0.9741182258999008,0.9783161864238202,0.9907660366355234,0.2678162706254408,0.049621305721198605,0.021683813576179767,0.009233963364476572,2.793749214501884,4.038734235672203,1.2449850211703195,0.9093870362773547,0.9380397730887934,21.819496490424218,81.47188533194185,24.6132457049261,91.90347415205925,25.85823072609642,96.55212756756258
562,0.7604740460428914,0.9272697947134857,0.5793752674505451,0.9725882948665712,0.6578961337034989,0.9557709409788139,0.96719145883584,0.972692103345199,0.23952595395710863,0.0727302052865143,0.03280854116415999,0.027307896654801045,3.9921664122354317,4.542230863171326,0.5500644509358943,0.9365665061678092,0.9203720172388578,16.679574867059433,69.63577262297933,20.671741279294864,86.30271975869682,21.22180573023076,88.59919094208429
563,0.7222008932031464,0.9279767719216457,0.5077702466259382,0.9483841517736159,0.7356060041541279,0.9926928566953938,0.9612771195094045,0.9797471485686657,0.2777991067968536,0.07202322807835426,0.03872288049059547,0.020252851431334262,3.3300347587758794,5.177037664702,1.8470029059261206,0.9132588128190375,0.9559264545955644,20.577587871849936,74.07362863444239,23.907622630625813,86.06083333489177,25.754625536551934,92.70953327933319
564,0.5907584466443037,0.9565345613084822,0.5762512885073502,0.9530696703046727,0.8045555101310965,0.9666822298843325,0.9801965743290555,0.9908964378039049,0.40924155335569634,0.043465438691517755,0.019803425670944508,0.009103562196095094,2.3662013020573247,3.436187649542266,1.0699863474849414,0.9177707936267219,0.9308791843330608,36.577611466417856,89.37902607027314,38.94381276847518,95.1609445549797,40.013799115960126,97.7755039483533
565,0.7876887442370788,0.9321181740130435,0.3538135881814718,0.9583686602322883,0.7680974464407351,0.9851959327220244,0.9531952810276723,0.9831467444394545,0.2123112557629212,0.06788182598695647,0.04680471897232774,0.01685325556054551,2.1077107014628726,5.102857042641096,2.995146341178223,0.9228735246681294,0.9487071944730605,14.442942977596473,68.02721280931183,16.550653679059344,77.95466905221807,19.545800020237568,92.06200561530058
566,0.8133376405963785,0.915884237783879,0.7793052089555769,0.9647651511070455,0.8713890238738284,0.9700913976923,0.9794232080929299,0.9879705388248924,0.18666235940362153,0.08411576221612105,0.02057679190707007,0.012029461175107614,6.353897030905098,7.208630104101344,0.8547330731962455,0.9290331084734512,0.9341620866666592,10.254659718750048,54.93694471404551,16.608556749655147,88.97646425727605,17.46328982285139,93.55549709457158
567,0.6714317937916453,0.9124142837311204,0.5400789527611525,0.9511413437158172,0.893012983214661,0.9706606943849112,0.9556417357597956,0.9895303070588429,0.3285682062083547,0.08758571626887957,0.04435826424020439,0.010469692941157072,4.322745202867518,7.71160233277225,3.388857129904732,0.9159138865411572,0.9347102982965811,24.098248993947514,73.34321622910194,28.42099419681503,86.4995263077659,31.809851326719762,96.81354046334053
568,0.7568520856085081,0.970975607338341,0.5952130695197493,0.9612474636975906,0.6666585545179489,0.9468857345677762,0.9875687886015424,0.9895864145221953,0.24314791439149186,0.029024392661659015,0.012431211398457598,0.010413585477804688,1.6593181263201418,1.8610807183854328,0.201762592065291,0.925645705782865,0.9118158925467474,21.412352172983283,88.06307151171903,23.071670299303427,94.88738719821296,23.273432891368717,95.71718083461008
569,0.6725006567056839,0.9341318612573456,0.6365030887141077,0.9815803988278922,0.7486577810059567,0.985858011290513,0.9745523760371578,0.9823404229914511,0.32749934329431607,0.0658681387426544,0.02544762396284217,0.01765957700854892,4.042051477981223,4.820856173410548,0.7788046954293248,0.9452255692416739,0.9493447516130865,26.163120455166165,79.8875508939692,30.20517193314739,92.22971756008288,30.983976628576716,94.60775193290122
570,0.8069883174220115,0.934822356813149,0.5443204670414394,0.9517614324370038,0.8897779376886604,0.9800546896378038,0.9676971785252271,0.9922197126939031,0.1930116825779885,0.06517764318685104,0.032302821474772925,0.007780287306096922,3.2874821712078117,5.739735588075412,2.4522534168676002,0.9165110090134111,0.9437563677993666,12.783403939113747,66.23124449448012,16.07088611032156,83.26379986780303,18.52313952718916,95.96900705585362
571,0.8178503139625563,0.9573047766660503,0.5429600037178088,0.9750809834428488,0.6819270650147432,0.9730198237958675,0.9795234206297172,0.985630285773584,0.18214968603744375,0.042695223333949706,0.0204765793702828,0.014369714226415975,2.2218643963666906,2.832550910753373,0.6106865143866824,0.9389668729449654,0.9369820525441687,13.945446270349404,76.56036402655504,16.167310666716094,88.75837789472033,16.777997181102776,92.11104090321514
572,0.7962489002590419,0.9220808887846311,0.4377719815805543,0.9916367482774765,0.7400023957495957,0.9757931175927024,0.9542795537925844,0.977980038499658,0.20375109974095806,0.07791911121536887,0.045720446207415555,0.022019961500342022,3.219866500795332,5.589914971502685,2.3700484707073532,0.9549094613042366,0.9396526317559356,12.583198852558919,61.75769784092824,15.80306535335425,77.56063831530582,18.173113824061605,89.1927152646845
573,0.7977788803104108,0.8986886653041152,0.46354705077017894,0.9323266780649895,0.7812272463408575,0.9726769569832898,0.9390859281478673,0.9752714367903476,0.20222111968958922,0.10131133469588482,0.06091407185213271,0.024728563209652443,4.039726284375211,7.658277148623238,3.618550864248027,0.8977960603588787,0.9366518845024272,10.09097849937044,49.90071519166821,14.130704783745651,69.87749254596343,17.749255647993678,87.77152295091088
574,0.7223244044191397,0.943351428422577,0.6112597007645597,0.9294772667815534,0.6582904824863369,0.9643898057685227,0.9755001412234366,0.9791658317764969,0.2776755955808603,0.05664857157742298,0.024499858776563355,0.020834168223503147,3.2148712800859625,3.5814403353919833,0.3665690553060208,0.895052182826681,0.928671664814133,22.10270240034373,79.59900960726429,25.317573680429696,91.17680517608582,25.684142735735715,92.49693939436023
575,0.7020540725991476,0.930786181472454,0.5906495601858378,0.9755096022571247,0.7631786642540395,0.9431057543104877,0.9697404742092165,0.9816697361286445,0.29794592740085235,0.06921381852754604,0.030259525790783504,0.0183302638713555,3.895429273676254,5.088355465619054,1.1929261919428003,0.9393796169883423,0.9081759115582474,22.87321088733063,76.76967121808424,26.768640161006886,89.84395388292295,27.961566352949685,93.84778841205834
576,0.6865706280062527,0.9250881979047884,0.5127091102005715,0.94452091557166,0.707097341923501,0.9689744098814013,0.959897745517338,0.9761067393496862,0.3134293719937473,0.07491180209521164,0.040102254482662025,0.02389326065031383,3.480954761254962,5.101854144489781,1.6208993832348195,0.9095386594393762,0.9330864687746826,23.851756989853566,76.09930377019481,27.33271175110853,87.2053297916629,28.953611134343348,92.37682783259046
577,0.8227100285342955,0.9504494984550522,0.5124813761030429,0.9277867383781896,0.7275879053357174,0.9906464058743872,0.9733360271714517,0.9858666568081945,0.17728997146570447,0.04955050154494778,0.026663972828548266,0.01413334319180548,2.2886528716399512,3.5417158353142297,1.2530629636742785,0.8934242665864047,0.9539557982494099,12.773946992075668,72.05115374812219,15.06259986371562,84.96024754919303,16.3156628273899,92.02812033023567
578,0.7219354157105682,0.9446620183712184,0.47136648666867803,0.9544658253172986,0.7690988307752363,0.9493702833507534,0.9685750603644596,0.9859526814300122,0.2780645842894318,0.05533798162878156,0.03142493963554038,0.014047318569987755,2.391304199324118,4.12906630587938,1.7377621065552629,0.9191152391944356,0.9142084210044291,22.272660266065024,80.09887459411897,24.663964465389142,88.69869037229466,26.401726571944405,94.94818133496419
579,0.570696430565313,0.9098182767908205,0.449295060540989,0.9470699335123803,0.6883801975011736,0.9927605834601941,0.945504054640197,0.9698256407158786,0.42930356943468695,0.0901817232091795,0.054495945359802955,0.030174359284121377,3.5685777849376543,6.000736392505813,2.432158607568158,0.911993269308218,0.9559916729616684,33.91218462255075,78.99348395170995,37.4807624074884,87.30596500011309,39.912921015056554,92.97132345676617
580,0.7983687465518707,0.9472961499380675,0.5365396486354503,0.9575182781390511,0.5908487624530431,0.9777828153916709,0.9737770458089197,0.9772488575324376,0.20163125344812927,0.052703850061932456,0.02622295419108034,0.02275114246756238,2.6480895870852117,2.9952707594370076,0.3471811723517959,0.9220546382079751,0.9415686370438312,14.892740338619681,73.86126944080581,17.54082992570489,86.9945984351943,17.888011098056687,88.71646033117815
581,0.826717438806196,0.9636618114651689,0.5155833231478163,0.9537708319000443,0.7852759318988406,0.9456506461551895,0.9812079256596459,0.9915104257095398,0.17328256119380403,0.03633818853483106,0.018792074340354126,0.008489574290460156,1.7546114194476936,2.7848614244370906,1.030250004989397,0.9184459862741167,0.9106265481494417,13.694437265897296,79.02951786695407,15.44904868534499,89.15524204461835,16.47929869033439,95.1007336041362
582,0.7140277007352293,0.9541089071426305,0.6206915374150752,0.9377663463428353,0.7461720186271332,0.9618995185145279,0.980916398726626,0.9874667780155583,0.28597229926477075,0.045891092857369475,0.01908360127337405,0.012533221984441734,2.6807491583995424,3.335787087292774,0.6550379288932318,0.9030342594412487,0.9262736104213972,24.008120640740128,83.95260905501875,26.68886979913967,93.32676580128998,27.343907728032903,95.61733006425294
583,0.7032011666917533,0.9706104937789353,0.5644332431423582,0.9528722970761301,0.6591557194742323,0.9856807111744537,0.9863479621349953,0.9896380038974397,0.29679883330824675,0.029389506221064732,0.013652037865004685,0.010361996102560278,1.5737468356060047,1.9027510118504454,0.32900417624444067,0.9175807305177548,0.9491740181679924,26.7409327087182,90.09783633800824,28.314679544324207,95.40023870281658,28.643683720568646,96.50874769719913
584,0.7953966318653214,0.9276600996840807,0.27585959291285544,0.9394038270336591,0.6365887962707911,0.9760713662149145,0.943296765766167,0.9717852585371094,0.2046033681346786,0.0723399003159193,0.056703234233833055,0.028214741462890602,1.5636666082086248,4.41251588530287,2.8488492770942453,0.9046110926990791,0.9399205748736214,13.22634678187593,64.64383701234962,14.790013390084555,72.28626549465766,17.6388626671788,86.21003079269033
585,0.5768068801951898,0.9535861408870164,0.46084973744208463,0.9660217394085692,0.7305383301106966,0.9836127009165481,0.9735533643459456,0.9868414510260428,0.4231931198048102,0.04641385911298357,0.026446635654054362,0.013158548973957185,1.9967223458929206,3.3255310139026384,1.3288086680097178,0.930243156467511,0.9471826008826018,37.67792606918267,89.03246368126423,39.67464841507559,93.75069337936014,41.0034570830853,96.89065148790077
586,0.8341456830140259,0.924799653194444,0.3735139109690183,0.9466743214087163,0.7428370860906928,0.9934167152823228,0.9489354296565532,0.9793841088186681,0.16585431698597408,0.07520034680555598,0.0510645703434468,0.02061589118133189,2.413577646210918,5.458445562422409,3.044867916211491,0.9116123095046897,0.9566235036051997,9.06539701804181,54.65879443348134,11.478974664252728,69.21119011465633,14.523842580464219,87.56987966549262
587,0.764196079939929,0.9483271614225857,0.5631601704900019,0.9503181050011665,0.7532365500866955,0.9782667377448744,0.9755649328603795,0.9864418890872227,0.235803920060071,0.05167283857741434,0.024435067139620514,0.013558110912777255,2.7237771437793823,3.8114727664637083,1.087695622684326,0.9151211381492714,0.942034636346916,18.413108148265668,78.08652266499611,21.13688529204505,89.63754837773872,22.224580914729376,94.25026059391917
588,0.7407737846628073,0.9124279962172445,0.3574488589765095,0.9338517950625838,0.8253952020943479,0.9567119227578631,0.9380525285170884,0.982785266298544,0.2592262153371927,0.08757200378275554,0.061947471482911576,0.017214733701455986,2.562453229984396,7.035727008129955,4.473273778145559,0.8992646915417473,0.9212781478409051,17.165421155443717,66.21792141321632,19.727874385428112,76.10292948098154,24.20114816357367,93.35918488064038
589,0.7329582127565702,0.9479325316128909,0.398485260628347,0.9518649931624622,0.8147383742141465,0.9642026208336891,0.9664539702859725,0.9895564828132016,0.26704178724342975,0.05206746838710907,0.033546029714027537,0.010443517186798368,1.8521438673081536,4.1623951200310705,2.310251252722917,0.916610734156445,0.9284914126546635,21.497431885632068,80.5021270548772,23.349575752940222,87.43790997644587,25.65982700566314,96.0891824105123
590,0.6788253662597064,0.9223270422984241,0.5225245798171013,0.9140198977189747,0.8727967110987175,0.9801591759045073,0.9578611360657783,0.9891889989650485,0.32117463374029365,0.0776729577015759,0.042138863934221726,0.010811001034951473,3.553409376735417,6.686195666662442,3.1327862899270253,0.8801673089145682,0.9438569842043403,24.350167603871775,75.81597375950201,27.90357698060719,86.87976586336023,31.036363270534217,96.63391815566187
591,0.6538800655642576,0.9096379628309456,0.5897331875104594,0.9546728495313757,0.6876224181623747,0.9641755991380961,0.9590575415647559,0.9688194335664586,0.3461199344357424,0.09036203716905444,0.04094245843524413,0.03118056643354139,4.941957873381031,5.918147073551305,0.9761892001702743,0.9193145958450284,0.928465391762611,25.575789726668795,73.89285384086126,30.517747600049827,88.17101982236589,31.4939368002201,90.99139826072916
592,0.8422375476975256,0.9392554792082521,0.596355647346014,0.9410196548985823,0.7429827950298545,0.9537050405583455,0.9730077033750005,0.982869604261176,0.15776245230247443,0.06074452079174786,0.026992296624999468,0.017130395738824022,3.375222416674839,4.361412505292384,0.9861900886175445,0.9061670750875237,0.9183826316487771,9.701793151072657,61.49621161105956,13.077015567747496,82.89054446665945,14.06320565636504,89.14165221900817
593,0.8334083512183262,0.9273808111668687,0.3664144762408804,0.9266059992280687,0.6870020934374363,0.9293636542420423,0.9491780735375862,0.9743052682700263,0.16659164878167376,0.07261918883313134,0.05082192646241379,0.02569473172997372,2.179726237071755,4.692445710315763,2.5127194732440072,0.892287258515918,0.8949427781590036,9.397245994854242,56.408866012063896,11.576972231925996,69.49311274959626,14.089691705170004,84.57621860526281
594,0.7489869400368914,0.9278044240420747,0.5337620896575886,0.93091824898699,0.8463408513354892,0.9857421900462375,0.9624900542079249,0.9880156891513546,0.25101305996310863,0.07219557595792525,0.03750994579207512,0.011984310848645374,3.4685630165850134,6.021126510927988,2.5525634943429742,0.8964397953208052,0.9492332200445249,17.881748400518337,71.23831884741941,21.350311417103352,85.05657602134808,23.902874911446325,95.22562258298166
595,0.743897346237841,0.9220111652483343,0.3730939890580018,0.9649637950905331,0.7221832555863058,0.9650735652533057,0.9479099529826847,0.9762290800518316,0.256102653762159,0.07798883475166574,0.052090047017315344,0.02377091994816838,2.5898787734350392,5.421791480349736,2.8319127069146965,0.9292243952723651,0.9293300998735535,17.811381901049327,69.5478224821155,20.401260674484366,79.66048135303937,23.233173381399062,90.71820631337765
596,0.6686280422850895,0.9644304804749086,0.4732968499656686,0.9587774471474332,0.8107178153173511,0.9540853854143692,0.9801416114253878,0.9927362074989832,0.33137195771491046,0.03556951952509135,0.019858388574612196,0.00726379250101683,1.5711130950479157,2.8305727024074523,1.2594596073595365,0.9232671713271579,0.9187488896582814,29.58024381898191,89.26598382965982,31.151356914029826,94.00722115668671,32.410816521389364,97.80796403198786
597,0.8330393979788815,0.9509262620335508,0.502838971662346,0.9822833015947853,0.6589939145143929,0.9553180813444951,0.9745454906223636,0.9819120634749926,0.1669606020211185,0.049073737966449205,0.02545450937763638,0.018087936525007398,2.3619228588812824,3.0985801441441807,0.7366572852628983,0.9459024385727561,0.9199359301835879,11.78868640546693,70.60759402374342,14.150609264348212,84.75418208277861,14.88726654961111,89.16634445129786
598,0.7747351377557256,0.9101983576923478,0.5419462429322472,0.9234633464840363,0.6784012476871427,0.9791890570789532,0.9533453156073881,0.9686132434993826,0.22526486224427444,0.0898016423076522,0.04665468439261189,0.031386756500617397,4.314695791504031,5.84148858070348,1.5267927891994493,0.8892610003179608,0.9429227957056586,13.546321993662225,60.13508657631992,17.861017785166254,79.28896503085328,19.387810574365705,86.06673220673805
599,0.7060307282921349,0.9582514137954434,0.6046483807084855,0.97855331911052,0.6734423293091913,0.9490518051806339,0.9827024979086512,0.9852303549526966,0.29396927170786513,0.04174858620455657,0.017297502091348838,0.014769645047303381,2.4451084113207733,2.697894115725319,0.2527857044045456,0.9423106035879081,0.9139017383220919,25.222068550330857,85.79831627910939,27.66717696165163,94.11588089093257,27.919962666056175,94.97578608760821
600,0.805555717676329,0.9540869563089439,0.6320434442417202,0.9510060400970054,0.6625946534206548,0.9524601623148599,0.9817211221528204,0.9832385280729316,0.19444428232367095,0.04591304369105609,0.01827887784717963,0.01676147192706845,2.7634165843876457,2.915157176398764,0.15174059201111811,0.9157835941674867,0.917183860006902,14.853123863261485,76.38755784311032,17.616540447649133,90.59942641216227,17.76828103966025,91.37980725030145
601,0.7384596807267513,0.9649462310133603,0.4722809840131193,0.9684220480525303,0.8188791906512487,0.9742486584893213,0.9805886147878908,0.9932917848456545,0.2615403192732487,0.0350537689866397,0.019411385212109167,0.006708215154345498,1.5642383774530533,2.83455538322942,1.2703170057763669,0.9325545647913254,0.9381653748415686,22.6486550286609,86.59718353023165,24.212893406113956,92.57805249070266,25.483210411890322,97.4351124243536
602,0.751059661819675,0.9366236029338074,0.6135671720326112,0.9406120784776413,0.7715347140441551,0.9438467025265563,0.9729530805522211,0.9838851739339867,0.24894033818032502,0.06337639706619258,0.027046919447778928,0.016114826066013332,3.6329477618413653,4.726157100017925,1.0932093381765595,0.9057745940895804,0.9088894172477949,18.556394111413244,74.54153170616947,22.18934187325461,89.13518008150734,23.28255121143117,93.52663124674466
603,0.8613904572501299,0.9332768967861022,0.38889677542607054,0.9083095108057697,0.8798655659904405,0.9865919673736352,0.9541072954884895,0.9913695935866471,0.13860954274987014,0.06672310321389785,0.04589270451151051,0.008630406413352887,2.0830398702387343,5.809269680054497,3.726229809815762,0.8746684178129633,0.9500515241375745,7.188643953597229,51.86254720260928,9.271683823835964,66.89066019478409,12.997913633651725,93.77358424092994
604,0.8585342783321349,0.9496951708563435,0.5023705186637363,0.9683773481063249,0.709174689827247,0.9855217887596575,0.9735013656001769,0.9846094054189528,0.14146572166786509,0.050304829143656526,0.02649863439982314,0.01539059458104719,2.3806194743833387,3.4914234562609336,1.110803981877595,0.9325115203986832,0.949020981768559,9.116089252420856,64.4402696635141,11.496708726804194,81.26851219687201,12.607512708681789,89.12061918633447
605,0.7354152009888674,0.9389480249682679,0.6282149614663152,0.9365773766877221,0.8030312003891451,0.9902891767162678,0.9748383556561695,0.9872322925314455,0.26458479901113263,0.0610519750317321,0.025161644343830503,0.01276770746855449,3.5890330687901595,4.828426756317761,1.2393936875276013,0.9018893256992879,0.9536117998008504,20.353282397940053,76.92536560682639,23.942315466730214,90.4901398576674,25.181709154257813,95.17443650720944
606,0.7946470812411991,0.9369186354046988,0.37627805927511904,0.9619393411339169,0.778627777208931,0.9593001105174701,0.9581702545609175,0.9847006819741924,0.2053529187588009,0.06308136459530123,0.041829745439082466,0.01529931802580764,2.125161915621876,4.778204656949359,2.6530427413274826,0.926311958128957,0.9237704767946008,14.227155416349968,69.28148624495861,16.352317331971843,79.63031366103252,19.005360073299325,92.54974406096579
607,0.721761463464597,0.9026964347251687,0.35630492733848285,0.9766434939281637,0.797625876815787,0.9340677079287859,0.9336679241464425,0.9771788406934213,0.278238536535403,0.0973035652748313,0.06633207585355749,0.022821159306578687,3.0971489421273812,7.448240596825261,4.35109165469788,0.940471512671565,0.8994726076351272,18.093497126057166,65.0287244583568,21.19064606818455,76.15999685754622,25.54173772288243,91.79798758621097
608,0.7439417252445799,0.9437343548749516,0.2534256512842755,0.9670903428136345,0.7795150013937774,0.9749906644638332,0.9559995378927143,0.9866968082814813,0.2560582747554201,0.05626564512504839,0.0440004621072857,0.013303191718518681,1.2265183017762693,4.2962453406529715,3.0697270388767017,0.931272181968685,0.9388798991133208,19.97926296303717,78.02623438793697,21.20578126481344,82.81623112968572,24.275508303690142,94.80462338847455
609,0.7027273406652703,0.8889898376670521,0.5649870182978789,0.9588871770648284,0.7200241547251804,0.9587916927994514,0.9463870812906325,0.9648190069765589,0.2972726593347297,0.11101016233294791,0.05361291870936746,0.03518099302344113,5.739724362358045,7.582916930950678,1.8431925685926331,0.9233728371735385,0.9232808893624347,18.626249700178178,62.65712340267719,24.36597406253622,81.96506909537241,26.209166631128856,88.16541248624306
610,0.8046145666290557,0.9598171722933909,0.5398907251358246,0.9088138672521776,0.7059791085414316,0.9726120717983812,0.9792446889195312,0.9875023416523296,0.19538543337094427,0.04018282770660908,0.020755311080468797,0.01249765834767036,1.9427516626140284,2.768516935893872,0.8257652732798437,0.8751540943909858,0.9365894024725151,15.52026056643352,79.43407191961903,17.463012229047546,89.37724746293429,18.28877750232739,93.60358746706402
611,0.7475560197064285,0.9607409667026289,0.24355424444665774,0.9716128501414751,0.6164749017812777,0.9570200147435048,0.9691669540873711,0.983887917085473,0.2524439802935715,0.039259033297371126,0.03083304591262892,0.016112082914527037,0.8425987384742206,2.314695038284409,1.4720962998101883,0.9356271890251242,0.9215748290122638,21.31849469962004,84.44841772352183,22.16109343809426,87.78618294768897,23.63318973790445,93.6175610542228
612,0.7669232766433248,0.9322160628612012,0.40544587840824653,0.9413730740542862,0.6661874014448058,0.9643255719116419,0.9560924002314649,0.9754476417778749,0.23307672335667518,0.06778393713879882,0.04390759976853509,0.024552358222125092,2.3876337370263734,4.323157891667373,1.9355241546409996,0.9065074046448681,0.9286098099889885,16.529278621787636,70.91775782557674,18.91691235881401,81.16173973265288,20.852436513455007,89.4659758947474
613,0.8069607191817119,0.9500268547843825,0.543618701037227,0.9484940483926128,0.7546725326054737,0.9719618086051439,0.9753146782378922,0.9868970337977331,0.19303928081828814,0.049973145215617465,0.024685321762107804,0.013102966202266919,2.528782345350966,3.6870179013350546,1.1582355559840884,0.9133646391928864,0.9359632231012497,14.306613560267067,74.11244747505134,16.835395905618032,87.21228049676346,17.99363146160212,93.21227982889089
614,0.7657881746142515,0.9238590912446394,0.4241028324122867,0.9765299090611662,0.5902872741982506,0.9342863497428943,0.9536488817628288,0.9651187126376006,0.23421182538574847,0.07614090875536061,0.046351118237171196,0.03488128736239937,2.978979051818942,4.125962139296124,1.1469830874771825,0.9403621346514933,0.8996831516042685,15.807091663038786,67.49057882540473,18.78607071485773,80.20974467842066,19.93305380233491,85.10694867564878
615,0.7199995593988618,0.9029700980388579,0.47404394875573697,0.9639754611863014,0.6491627680190698,0.9477351493747905,0.944617604553996,0.9617430817780153,0.28000044060113816,0.09702990196114214,0.055382395446003985,0.03825691822198474,4.164750651513815,5.877298373915741,1.7125477224019248,0.9282726663275495,0.9126338475460946,18.2970538639996,65.34651811517624,22.461804515513418,80.22060417937111,24.174352237915343,86.3368364207391
616,0.733487455971634,0.9762392698124175,0.5619561810364664,0.9406217243001311,0.6867974591828497,0.9893297745100482,0.9887924367904519,0.992353649923819,0.266512544028366,0.023760730187582513,0.011207563209548077,0.007646350076180974,1.2553166978034436,1.6114380111401538,0.35612131333671027,0.9057838826593855,0.952687931009676,24.275181384078348,91.08457342065913,25.53049808188179,95.79473332093697,25.886619395218503,97.13096053168621
617,0.6449890921049697,0.9673233172733334,0.44932743290328875,0.9304164252343333,0.8906768691245157,0.9729766126377295,0.9803986898690167,0.9962187909070056,0.3550109078950303,0.03267668272666657,0.019601310130983318,0.0037812090929943976,1.3075372595683254,2.8895473633672175,1.582010103798892,0.8959565576330617,0.936940441799295,32.23342251683638,90.79558345955712,33.5409597764047,94.47867383928974,35.12296988020359,98.93490340468287
618,0.7455585225309159,0.8442276957655247,0.5182727005581446,0.9616543624523631,0.7739651445299499,0.9680051013671227,0.9153904690801071,0.9586944298766081,0.2544414774690841,0.1557723042344753,0.08460953091989287,0.041305570123391866,7.116277331458242,11.446673411108343,4.3303960796501,0.9260375342133866,0.9321530605757478,9.866917323460878,38.77872987378702,16.98319465491912,66.74695817619856,21.31359073456922,83.76618052439555
619,0.7449260566664478,0.9593920652123424,0.3496329853142501,0.9626981965963495,0.8305066679444049,0.9759370706360643,0.9722003765101828,0.9927026568723671,0.25507394333355216,0.04060793478765756,0.027799623489817238,0.00729734312763286,1.2808311297840325,3.33105916600247,2.0502280362184377,0.9270427078335217,0.9397912532050989,21.44660085458946,84.07993609345043,22.727431984373492,89.10134719113016,24.77766002059193,97.13912639124791
620,0.6492458759495604,0.9657272731803359,0.4177071907074397,0.9603988463787858,0.80071389808654,0.9856956200837925,0.9789361227903594,0.9928760089493455,0.3507541240504396,0.03427272681966409,0.021063877209640647,0.007123991050654532,1.3208849610023443,2.7148735769009558,1.3939886158986114,0.9248285187351271,0.9491883748955039,31.648139723077552,90.22884565863706,32.9690246840799,93.99468865357899,34.363013299978505,97.96895016703209
621,0.8851930901145041,0.9672308981475409,0.5880171861316646,0.9476492334100466,0.7687192218367476,0.976304437387423,0.9854850382498586,0.9920380947878726,0.11480690988549591,0.03276910185245907,0.014514961750141442,0.007961905212127363,1.8254140102317629,2.480719664033171,0.6553056538014079,0.9125511136541189,0.9401450137804813,8.203780803303683,71.45720420039025,10.029194813535447,87.35706608198225,10.684500467336855,93.06495992264902
622,0.6650836779368932,0.9487656539696904,0.5270010047199801,0.9573019826659482,0.8592155634693089,0.9848837948164858,0.974011711382021,0.9923399365374008,0.33491632206310684,0.05123434603030963,0.025988288617978972,0.007660063462599176,2.524605741233066,4.357428256771046,1.8328225155379796,0.9218463536783205,0.94840661723069,28.36819760327972,84.70234424088302,30.892803344512785,92.24036366520168,32.72562586005077,97.71284259440905
623,0.787017199396722,0.9644945704248785,0.4440970688204928,0.8929772320174628,0.8057733915633357,0.993073407790906,0.977596634704802,0.9928516350996472,0.212982800603278,0.03550542957512148,0.02240336529519804,0.007148364900352755,1.3102064279923442,2.835706467476873,1.5255000394845286,0.8599040012020012,0.9562929112060576,17.747737102815652,83.3294381168096,19.057943530807997,89.48113874372012,20.583443570292527,96.64368912414295
624,0.659894382180558,0.953939074819517,0.6059727829460584,0.9752539199593907,0.7695683602569359,0.9906514560981307,0.9808649435333961,0.988893359696689,0.34010561781944204,0.04606092518048299,0.01913505646660385,0.011106640303310988,2.692586871387914,3.4954284877172004,0.8028416163292862,0.9391334044053391,0.9539606614278294,29.404469263895905,86.4568761093102,32.09705613528382,94.37378994522741,32.8998977516131,96.7343555291676
625,0.5711798288478785,0.9584533893549105,0.458109110660714,0.9610557236973436,0.7298662888960645,0.9697412585658874,0.9761416328063888,0.9880690558602109,0.42882017115212145,0.041546610645089466,0.02385836719361123,0.011930944139789124,1.7688243451478236,2.961566650530034,1.1927423053822106,0.9254610672641086,0.9338249156560398,38.7273560507032,90.31141409848674,40.49618039585102,94.43627683615946,41.68892270123323,97.2177278630028
626,0.8035766967431486,0.9265246246914647,0.6072379078354344,0.9585983475969553,0.7767675246110306,0.9909860374847005,0.9685304161696552,0.9824496814904852,0.19642330325685142,0.07347537530853532,0.031469583830344816,0.01755031850951483,4.200579147819051,5.5925056799020485,1.3919265320829988,0.9230947050933643,0.954282850911193,12.294792794831611,62.59335115016582,16.49537194265066,83.97869127106887,17.887298474733658,91.06505276180734
627,0.6413794956437303,0.9282271329140916,0.4869098979878338,0.9540343931369436,0.8929071857172781,0.9650737201701425,0.9600753638375992,0.9914926290876707,0.3586205043562697,0.07177286708590835,0.03992463616240083,0.008507370912329337,3.1848230923507526,6.326549617357902,3.141726525007149,0.9186997859837234,0.9293302490527298,28.684763727036135,79.98640172157975,31.869586819386885,88.86716301008323,35.01131334439403,97.62775111601601
628,0.7740616581138157,0.9493472143090481,0.4129614201675967,0.9701854826421775,0.6459853765798861,0.9518874309396802,0.9687254662975707,0.9805427966573805,0.22593834188618434,0.050652785690951885,0.031274533702429275,0.019457203342619467,1.937825198852261,3.119558234833242,1.1817330359809808,0.9342526869887635,0.9166323409048772,17.528555619523246,77.58114657826954,19.466380818375505,86.1579343101563,20.648113854356488,91.38826850715715
629,0.690750048870939,0.9311417578672209,0.5017410793127842,0.9713637460204014,0.6315292400396423,0.9783946524202582,0.9634536388160766,0.9729043706842055,0.30924995112906095,0.06885824213277913,0.036546361183923404,0.027095629315794456,3.231188094885573,4.176261281698467,0.9450731868128948,0.9353873109826087,0.9421578134417301,24.039170899628182,77.73379045610838,27.270358994513757,88.1822580567939,28.215432181326648,91.23827531197038
630,0.7316460836830931,0.9396545083299789,0.49708123823776773,0.9343723861275749,0.49984926604742164,0.9821933417653431,0.9665884909996654,0.9683331155511646,0.26835391631690686,0.06034549167002112,0.03341150900033463,0.031666884448835364,2.6933982669686496,2.867860722118576,0.1744624551499263,0.8997660014561831,0.9458158105888489,20.800842464688575,77.51272181965946,23.49424073165722,87.54946100325289,23.66870318680715,88.19958177489795
631,0.6858513951099845,0.8995133108077626,0.5611912126935465,0.9699955983877623,0.7895401738043343,0.971661552959371,0.9518944388479484,0.9763750018374928,0.3141486048900155,0.10048668919223736,0.04810556115205156,0.023624998162507183,5.23811280401858,7.686169102973017,2.4480562989544374,0.9340698354845117,0.9356740880349498,21.366191569777815,68.01300797518483,26.604304373796396,84.68700468401141,29.052360672750833,92.47967433413292
632,0.6699400318633496,0.902080510869704,0.39342286583888686,0.9433451573851319,0.8063584408100696,0.9932268215289872,0.9347564308589804,0.9792757430685057,0.3300599681366504,0.09791948913029602,0.06524356914101959,0.020724256931494267,3.2675919989276436,7.719523219880175,4.451931220952532,0.9084064478523493,0.9564406429538395,23.214047900635435,70.33281870470408,26.48163989956308,80.232813597677,30.933571120515612,93.72106316058478
633,0.6566737670439048,0.972202609124433,0.5968406273027129,0.9596041665961699,0.7947356080329653,0.9874321544954573,0.9881301281922628,0.9940914631597572,0.3433262329560952,0.027797390875566985,0.011869871807737242,0.0059085368402428395,1.5927519067829743,2.1888854035324146,0.5961334967494403,0.9240632715370524,0.9508605932178477,31.552884208052824,91.90350511924856,33.145636114835796,96.54268428440912,33.74176961158524,98.2790313488808
634,0.7347372543741734,0.970086402576177,0.6289569129948163,0.9498960373812885,0.6200301125726037,0.983641706510605,0.9880983636598903,0.9882286060553093,0.26526274562582663,0.029913597423823046,0.011901636340109656,0.011771393944690733,1.801196108371339,1.8142203479132313,0.013024239541892246,0.9147147026634629,0.9472105321953974,23.53491482020036,88.72303106369166,25.3361109285717,95.51326504141,25.34913516811359,95.56236443345301
635,0.7398171024667244,0.9817885107286335,0.7868247181778955,0.9478605083487258,0.7452489383220096,0.9778544758469655,0.995845565394715,0.9951907690815609,0.2601828975332756,0.01821148927136651,0.0041544346052849734,0.0048092309184391,1.4057054666081537,1.340225835292741,-0.06547963131541268,0.9127545635950692,0.9416376434081889,24.19714082619091,93.00050485868796,25.602846292799065,98.4032637638092,25.537366661483652,98.15159606414021
636,0.6515613095802525,0.9894415340175832,0.6285807980814666,0.9694993735384126,0.7139617734862542,0.9791876707550108,0.9959284885227057,0.9968924570612202,0.3484386904197475,0.010558465982416831,0.004071511477294343,0.003107542938779795,0.6486954505122489,0.7450923043637037,0.0963968538514548,0.9335919893332862,0.9429214607270474,33.78802244373307,96.96977796303345,34.43671789424532,98.83149845604413,34.53311474809677,99.10815215869503
637,0.7511427540525302,0.9388021306020513,0.311882813148141,0.9514890949211683,0.7936829677681193,0.9824820759880024,0.9549790484873972,0.9864958287970372,0.24885724594746983,0.06119786939794869,0.04502095151260277,0.013504171202962767,1.617691788534592,4.769369819498593,3.1516780309640002,0.916248758072236,0.9460938509514096,18.765937654952115,75.4084438389764,20.383629443486704,81.90892479694722,23.535307474450708,94.57352702287267
638,0.8147926036465976,0.9485263940573435,0.5451837059370316,0.979860609603695,0.7722096713795304,0.990369431394723,0.9754301191428689,0.9876721866207039,0.18520739635340244,0.051473605942656486,0.024569880857131077,0.012327813379296115,2.690372508552541,3.914579256336037,1.2242067477834961,0.9435694759146692,0.9536890820838073,13.373379041074596,72.20758622164452,16.063751549627135,86.73385548261355,17.287958297410633,93.34377912436452
639,0.7674971855825664,0.9464432187283378,0.4507446307259839,0.9750021681375033,0.8111216569726756,0.9539671515681956,0.9691069806829494,0.9889202510929219,0.2325028144174336,0.05355678127166219,0.030893019317050574,0.01107974890707808,2.2663761954611616,4.2477032364584115,1.9813270409972494,0.9388909767250031,0.9186350348434476,17.89460331457714,76.96510409740382,20.160979510038302,86.71284070497937,22.142306551035553,95.2345742846856
640,0.8013185758686954,0.9499088864947275,0.3973350765343255,0.9440007972616081,0.7644854739479973,0.9915053785826506,0.967431154891559,0.9876292704524399,0.19868142413130463,0.05009111350527251,0.03256884510844105,0.012370729547560133,1.7522268396831464,3.772038395771238,2.0198115560880914,0.9090378047704374,0.9547829571536636,14.859031062603211,74.78822505713052,16.611257902286358,83.60750369550556,18.631069458374448,93.77358522486503
641,0.7767713371907272,0.9842133601321681,0.5515942585141344,0.9407210975614441,0.8053006554958626,0.9862948574910722,0.9924124263438656,0.9968436495797739,0.22322866280927278,0.01578663986783191,0.007587573656134383,0.003156350420226106,0.8199066211697525,1.2630289447605803,0.4431223235908277,0.9058795754295387,0.949765418324736,20.74420229414409,92.9280408397554,21.564108915313838,96.60098593045946,22.007231238904666,98.58604608364165
642,0.7089510247962076,0.8804688698248464,0.48245726423049834,0.9235691145839395,0.8015668589942959,0.9946129131229984,0.9293029711799914,0.973629352582397,0.29104897520379236,0.1195311301751536,0.07069702882000861,0.026370647417602977,4.883410135514499,9.316048275755062,4.432638140240563,0.8893628510808306,0.9577753978221465,17.151784502863876,58.9309221613105,22.035194638378375,75.709576448257,26.467832778618938,90.93944673773949
643,0.7717977058716288,0.9642424431988724,0.3969084459654683,0.928737718013655,0.7763097818762434,0.9713590865145681,0.9764854044968808,0.991532489798888,0.22820229412837123,0.03575755680112758,0.023514595503119184,0.008467510201112027,1.2242961298008392,2.729004660001555,1.5047085302007157,0.89434002475389,0.9353828240510655,19.244473732724366,84.33076365962702,20.468769862525203,89.6957234400582,21.97347839272592,96.28947192075607
644,0.6953040000497868,0.9376959686398139,0.5285754875754218,0.9617422181528144,0.7997953280472128,0.9633539896322896,0.9684580602931552,0.9863797043466965,0.30469599995021324,0.06230403136018614,0.031541939706844824,0.013620295653303471,3.0762091653341317,4.8683735706882665,1.7921644053541352,0.9261221359990064,0.927674212238501,24.23919685900271,79.55206784126916,27.31540602433684,89.64806242549993,29.107570429690977,95.52987382324383
645,0.8447163392421503,0.9616314215805433,0.5742095258141333,0.9346129064396673,0.8471538526307613,0.9685179207410184,0.9821471405207566,0.9937426875077402,0.15528366075784972,0.038368578419456734,0.01785285947924342,0.006257312492259803,2.051571894021331,3.211126592719693,1.1595546986983618,0.8999976136085684,0.9326468866394991,11.691508233839299,75.29129708032262,13.74308012786063,88.50306632899176,14.902634826558991,95.97039864869139
646,0.6065935896235662,0.906120046004459,0.5044157746558784,0.9361704814499873,0.7162057472710605,0.9657928981254144,0.9480051468585392,0.9704551237256996,0.39340641037643376,0.09387995399554105,0.051994853141460795,0.029544876274300358,4.188510085408026,6.43350777212407,2.2449976867160437,0.9014975006555432,0.930022790787436,29.95264563808927,76.13664863627633,34.1411557234973,86.78342503577683,36.38615341021334,92.48998605639646
647,0.7221243024613889,0.9740513753338425,0.49258599031002487,0.9578730142539228,0.8733500199671814,0.9852589534351595,0.9860844269296966,0.9965872651366513,0.2778756975386111,0.02594862466615755,0.013915573070303444,0.0034127348633486987,1.2033051595854105,2.253588980280885,1.0502838206954745,0.922396235948222,0.9487678810857091,25.19270728724535,90.66178694430377,26.396012446830763,94.99215901442052,27.446296267526236,98.77184838631867
648,0.6602653250768014,0.965806350068383,0.6800708347963147,0.9194215122174481,0.6771218561989686,0.9707731272994232,0.987830381731435,0.9883616293712412,0.33973467492319864,0.034193649931617,0.012169618268564997,0.011638370628758832,2.2024031663052,2.2555279302858167,0.053124763980616496,0.8853688636168018,0.9348185670290742,30.554102499158166,89.93518988329734,32.756505665463365,96.41790515751268,32.809630429443985,96.57427649050253
649,0.6908238669532146,0.9136876711214775,0.4640074739098884,0.9713887716994185,0.7317324333842137,0.9926664604998848,0.9504579869473521,0.9751061657211516,0.3091761330467854,0.08631232887852247,0.04954201305264794,0.024893834278848392,3.6770315825874533,6.141849459967408,2.4648178773799545,0.9354114097846252,0.9559010360369261,22.28638041682629,72.08312037932713,25.963411999413744,83.97611983679508,28.428229876793697,91.94833248170505
650,0.7327930620244445,0.9127364461616575,0.7151917849754873,0.9539154011902002,0.6708198808159821,0.9714497643140647,0.9722471969104655,0.968619912725577,0.2672069379755555,0.0872635538383425,0.02775280308953454,0.031380087274422985,5.951075074880796,5.588346656391952,-0.36272841848884463,0.9185852011461187,0.9354701434135437,17.9943384137213,67.34233231386922,23.945413488602096,89.6137415817873,23.58268507011325,88.25626029317634
651,0.7638927418045574,0.9712853253112098,0.4560038789927654,0.9477438191981585,0.7660109428611507,0.9570260225251893,0.9833139282696428,0.992823693046786,0.23610725819544265,0.028714674688790187,0.016686071730357188,0.007176306953214029,1.2028602958433,2.153836773557616,0.9509764777143159,0.9126421962648934,0.9215806142835156,20.739258350665246,87.83829226248479,21.942118646508547,92.93284253186958,22.89309512422286,96.96057333939574
652,0.6625225747685003,0.8765128813237468,0.6139272872654565,0.9329841980052436,0.7735163656716174,0.969048487188927,0.944912895026665,0.9681224480420043,0.3374774252314997,0.12348711867625317,0.05508710497333502,0.03187755195799569,6.840001370291815,9.160956671825748,2.3209553015339335,0.898429227708753,0.933157802478226,21.399030655524655,63.408776574745815,28.239032025816467,83.67680299340115,30.559987327350402,90.55416760509874
653,0.7373220915089829,0.9128022372422885,0.46559107634834973,0.9393197477691116,0.6738277128961992,0.9618577515600542,0.948452851969058,0.9686224250612344,0.26267790849101713,0.08719776275771152,0.05154714803094196,0.031377574938765584,3.565061472676956,5.582018781894593,2.0169573092176374,0.9045301274813667,0.9262333903911633,17.548014573330562,66.80430293562603,21.113076046007517,80.37629112891132,23.130033355225155,88.0547339823826
654,0.7899280323287583,0.9363072852865131,0.6411629910048363,0.9482545916626781,0.8118438863517617,0.9836259177869291,0.9749039449301007,0.9871546797417293,0.2100719676712417,0.06369271471348692,0.025096055069899315,0.012845320258270676,3.8596659643587605,5.084739445521624,1.2250734811628639,0.913134051230727,0.947195328239265,14.637925295775478,69.68052643122536,18.49759126013424,88.05359165808638,19.722664741297102,93.88527636472976
655,0.7983681368737642,0.9820952131870722,0.2981129647122874,0.9394436343923648,0.7530527268054195,0.985171082416906,0.9865619450728292,0.9954508739388211,0.20163186312623582,0.017904786812927842,0.013438054927170762,0.004549126061178854,0.44667318857570804,1.3355660751748988,0.8888928865991907,0.904649425711166,0.9486832645496132,18.372707631330798,91.12006082009063,18.819380819906506,93.33535150703955,19.708273706505697,97.74384564490643
656,0.7747708832740408,0.9509337506818473,0.6070859034008644,0.9470898705451899,0.6995220693642276,0.9728801115268444,0.9790424485905093,0.9843137402763508,0.22522911672595924,0.04906624931815273,0.020957551409490738,0.015686259723649232,2.8108697908661995,3.33799895945035,0.5271291685841506,0.912012467932405,0.9368475148036279,17.61628674078065,78.21496171036686,20.42715653164685,90.6950079482884,20.954285700231,93.03542101852888
657,0.7152678767073958,0.9469102605990363,0.616168505423995,0.9074546699879428,0.5183338810914468,0.9681873818187635,0.9768346693695671,0.9728643189108488,0.2847321232926042,0.05308973940096373,0.023165330630432912,0.02713568108915121,2.992440877053082,2.5954058311812522,-0.3970350458718297,0.8738452377661671,0.93232858989955,23.164238389164048,81.35449601293978,26.156679266217132,91.86416679559997,25.7596442203453,90.46975073435416
658,0.8224045750471594,0.9436338334945478,0.5654177723383826,0.9612225911430645,0.6964499677229928,0.9761341874256302,0.973703985209891,0.9817634527501276,0.17759542495284064,0.05636616650545223,0.026296014790109012,0.018236547249872448,3.007015171534322,3.8129619255579783,0.8059467540236565,0.925621754434062,0.939981069372829,12.122925844738841,68.26147603722342,15.129941016273163,85.19330393950646,15.93588777029682,89.73140932278237
659,0.6446936718125958,0.9038408914893895,0.7435088777459007,0.9806487257315201,0.7304090424122676,0.951009612020774,0.9729269281558409,0.9707238111376928,0.35530632818740415,0.09615910851061049,0.02707307184415908,0.029276188862307206,6.908603666645141,6.688291964830329,-0.22031170181481263,0.9443284025562785,0.9157870337977824,25.914721967679366,72.93628036371705,32.823325634324505,92.38035754041522,32.6030139325097,91.76029624587332
660,0.7539320318982566,0.9682573738687318,0.5388346066431248,0.9355190930249397,0.6500886927190769,0.9869022159103467,0.9840964614742719,0.988510080236609,0.24606796810174336,0.031742626131268215,0.015903538525728123,0.011489919763390977,1.5839087605540092,2.025270636787724,0.4413618762337146,0.9008702377277197,0.9503502819877412,21.432534197047516,87.1000576076024,23.016442957601523,93.53693264165437,23.45780483383524,95.3305910346526
661,0.8171456906411787,0.963696351056248,0.6806438570274141,0.9842050655641333,0.7696899661938629,0.9914752515712294,0.987923995205577,0.9913252451309006,0.1828543093588213,0.03630364894375204,0.012076004794422945,0.00867475486909941,2.4227644149329097,2.7628894074652632,0.3401249925323535,0.947753026098795,0.9547539459574801,14.655066041506926,80.1461343344596,17.077830456439834,93.39583254189225,17.41795544897219,95.25591991814825
662,0.7481735906479168,0.9147161458841028,0.5762864241278424,0.9195085180643428,0.6525149917801664,0.9709239222737182,0.958806557093288,0.967709386397844,0.2518264093520832,0.08528385411589723,0.04119344290671201,0.032290613602156015,4.409041120918522,5.299324051374121,0.8902829304555993,0.8854526470249225,0.9349637770043211,16.6542555236186,66.13387200519534,21.06329664453712,83.64212752240823,21.95357957499272,87.17743159455135
663,0.7799299007739552,0.9037466808962085,0.45027502087348437,0.921141350703682,0.6195370069392261,0.9869588693243225,0.9402378876965096,0.9605626207048613,0.2200700992260448,0.09625331910379153,0.05976211230349038,0.039437379295138686,3.6491206800301157,5.681593980865285,2.032473300835169,0.8870250043813234,0.9504048371271253,12.381678012225327,56.262427543632356,16.030798692255445,72.8440562740394,18.063271993090613,82.07962852116924
664,0.753717400707574,0.8744789713796929,0.3857509268471742,0.9152840661411461,0.781381008807907,0.9720788881047822,0.9121351966806336,0.9687280216773464,0.24628259929242602,0.12552102862030712,0.08786480331936641,0.031271978322653604,3.7656225300940704,9.424905029765352,5.659282499671281,0.8813846562840666,0.9360759663231235,12.07615706721189,49.0337405155983,15.84177959730596,64.3235845440143,21.501062096977243,87.30240040810901
665,0.8110494180371235,0.9354256387851508,0.5453934695230196,0.9364042449028709,0.570751527080107,0.975832998259023,0.9675729916726415,0.970529147991488,0.1889505819628765,0.06457436121484916,0.03242700832735845,0.02947085200851196,3.214735288749071,3.5103509206337202,0.29561563188464923,0.9017226062027645,0.9396910353605407,12.437622074802734,65.82473547102585,15.652357363551806,82.83836546545834,15.947972995436455,84.40287841277878
666,0.8094696061358667,0.9391823444609514,0.48312955315162914,0.9337635041179061,0.46857870205695407,0.9342561417213425,0.965395711390906,0.9644742396771355,0.19053039386413329,0.06081765553904861,0.034604288609094036,0.035525760322864475,2.6213366929954574,2.5291895216184135,-0.09214717137704387,0.8991796706320577,0.8996540623983298,12.971273832508468,68.07981429859558,15.592610525503925,81.83791682403687,15.50046335412688,81.3542818012554
667,0.7141204074123099,0.8432003802744239,0.42988643188051145,0.9205685191958197,0.7740104174065202,0.9826291688601105,0.8967285092209601,0.9589866231248289,0.28587959258769013,0.1567996197255761,0.10327149077903985,0.04101337687517115,5.352812894653624,11.578624285040496,6.225811390386871,0.8864733888552337,0.9462354959393656,12.907997286211403,45.1518668029864,18.26081018086503,63.875878706745205,24.4866215712519,85.65361853781474
668,0.6654993021538285,0.9629667394566973,0.48552879990870473,0.9208930657732054,0.7482822467065082,0.9506279267784741,0.9789670303657031,0.9899194598527402,0.33450069784617154,0.03703326054330269,0.021032969634296905,0.010080540147259787,1.6000290909005788,2.6952720396042906,1.0952429487037119,0.8867859151890125,0.915419485045938,29.746743730286884,88.92879423518173,31.346772821187464,93.71212981924198,32.44201576989118,96.98639189330015
669,0.6593389876698085,0.9450345411974136,0.4729137170767983,0.9595890240480839,0.8048429348567258,0.956177951891175,0.9690414251343696,0.988268256099522,0.3406610123301915,0.05496545880258641,0.03095857486563036,0.011731743900478042,2.4006883936956047,4.323371490210837,1.922683096515232,0.9240486898240807,0.9207639536729834,28.56955535276051,83.865057399257,30.970243746456116,90.91220487666982,32.89292684297135,96.55618239955595
670,0.753441497235153,0.941362779830318,0.5671772742389802,0.9499650395288303,0.7373254550590923,0.9830235679648412,0.9724028022723682,0.9836280164708857,0.24655850276484703,0.05863722016968198,0.027597197727631806,0.016371983529114287,3.1040022442050175,4.226523664056769,1.122521419851752,0.9147811491759106,0.946615287669847,18.792128259516506,76.2177254030429,21.896130503721523,88.80703872786233,23.018651923573273,93.3597976360487
671,0.7885009854507083,0.9690652392465484,0.4826207528658742,0.9466129791689079,0.8092990295643495,0.9659089883587855,0.9828518080326726,0.9937370073050055,0.21149901454929165,0.030934760753451584,0.01714819196732742,0.006262992694994529,1.3786568786124165,2.4671768058457055,1.088519927233289,0.911553239199689,0.9301345813825341,18.056425379584006,85.37356742802129,19.435082258196424,91.89207003925264,20.523602185429713,97.03876034205592
672,0.829142875775476,0.9654868744003952,0.5730159281235041,0.9649701852882125,0.7735246381363909,0.9826431813165084,0.9844288732351101,0.9918285404260824,0.17085712422452404,0.034513125599604844,0.01557112676488992,0.008171459573917628,1.8941998834714924,2.6341666025687216,0.7399667190972292,0.9292305487960565,0.946248989415897,13.63439986249192,79.80000789768005,15.528599745963412,90.88646327417531,16.26856646506064,95.21737263751467
673,0.7017690657560036,0.9505456468319385,0.5735828332669689,0.9345739376018558,0.7118944652964336,0.982871523438691,0.9768119865599146,0.984978505234444,0.2982309342439964,0.04945435316806146,0.023188013440085364,0.015021494765556032,2.6266339727976096,3.443285840250543,0.8166518674529333,0.8999600880610463,0.9464688744224431,24.877658107593493,83.41743008872426,27.504292080391103,92.22481279520314,28.320943947844036,94.96313324986393
674,0.7204678878208923,0.9114159362341907,0.6020871105527162,0.9595775877482345,0.6997830765964892,0.9814647941161498,0.9612575863895472,0.971128062441378,0.2795321121791077,0.0885840637658093,0.03874241361045283,0.02887193755862205,4.9841650155356465,5.971212620718724,0.9870476051830779,0.9240376770908925,0.945114246185922,19.09480484132984,68.30987929249078,24.078969856865484,86.14026370407527,25.066017462048563,89.67133424008094
675,0.6960435721597201,0.9497043340518928,0.5474583684536405,0.9409946233648612,0.698931767314067,0.9595003125359671,0.975163467524262,0.9836542656976854,0.3039564278402799,0.05029566594810719,0.024836532475738027,0.016345734302314563,2.5459133472369166,3.394993164579263,0.8490798173423464,0.906142970647644,0.9239632639235239,25.366076189217267,83.45300137079646,27.911989536454186,91.82891684436136,28.761069353796533,94.62234293959271
676,0.7170958263480006,0.924468160890634,0.5148695021685559,0.917646374844885,0.8955023630739642,0.9527582368494248,0.9585946622566943,0.9911184772794386,0.2829041736519994,0.075531839109366,0.04140533774330568,0.008881522720561419,3.4126501366060324,6.665031638880459,3.2523815022744262,0.8836594720728521,0.9174708947438905,20.737233454263336,73.30126376916667,24.14988359086937,85.36418278712338,27.402265093143797,96.86058971633038
677,0.7287921220827815,0.9119286478621358,0.5634487628894996,0.9412827426045307,0.7921638672523202,0.9746666080919438,0.9571293974905035,0.9798216431336848,0.27120787791721845,0.08807135213786421,0.04287060250949648,0.020178356866315195,4.520074962836773,6.789299527154902,2.2692245643181286,0.9064204188043629,0.9385678448292792,18.313652577935425,67.52625594277669,22.8337275407722,84.19271488766194,25.102952105090324,92.55981905050919
678,0.6838423367268016,0.9661861850061417,0.5560149448244535,0.9701959012107964,0.8133546581240019,0.9612340957470451,0.9842368900920915,0.9932503683588443,0.3161576632731984,0.03381381499385827,0.015763109907908524,0.006749631641155718,1.8050705085949748,2.7064183352702553,0.9013478266752806,0.9342627196844705,0.9256328329415989,28.23438482793401,89.30476185717534,30.039455336528988,95.0141616860676,30.940803163204265,97.86510579206703
679,0.6646124979374831,0.9739878959371344,0.46519599571533043,0.94318368196878,0.7317473876954295,0.9772341763895825,0.9850826065080008,0.9927222856191505,0.3353875020625169,0.026012104062865582,0.014917393491999165,0.007277714380849454,1.1094710570866417,1.8734389682016128,0.7639679111149711,0.9082509530069732,0.9410403180047832,30.93753979996513,92.24416416744805,32.047010857051774,95.55219159919127,32.81097876816674,97.83005796695046
680,0.802867288327684,0.9279180482720963,0.36353622685919307,0.9771865194500025,0.8706499965628742,0.9798749840188461,0.9518409910540716,0.9898496290452257,0.19713271167231605,0.07208195172790366,0.048159008945928394,0.010150370954774335,2.3922942781975265,6.193158077312932,3.800863799115406,0.9409944261370393,0.943583317944074,12.505075994441238,63.43480941523194,14.897370272638765,75.57025998506998,18.69823407175417,94.850996129122
681,0.8021302788064131,0.9066375354557411,0.371953163348973,0.9737645231660025,0.7363252441656815,0.9582616553365073,0.9377198289758112,0.9724457597039834,0.19786972119358692,0.0933624645442589,0.06228017102418881,0.027554240296016608,3.108229352007008,6.580822424824229,3.4725930728172205,0.9376991704561505,0.9227704829166367,10.450725664932802,52.81619442273473,13.55895501693981,68.52465822031625,17.03154808975703,86.07455444430593
682,0.7880285564062905,0.8920678258405048,0.5680247358278018,0.9405659557867111,0.795510521711942,0.9695081437332999,0.9473574925302337,0.9751155169936032,0.21197144359370945,0.10793217415949519,0.052642507469766286,0.024884483006396785,5.52896666897289,8.30476911530984,2.77580244633695,0.9057301796464625,0.9336004347061405,10.403926943421427,49.08173840322979,15.932893612394317,75.16528331492265,18.708696058731267,88.26045500067762
683,0.7699992762570624,0.9357194860172185,0.3596798804899461,0.9750276931264155,0.6527745196556337,0.9758522809774859,0.9568331766941937,0.9761398475278349,0.23000072374293756,0.06428051398278145,0.043166823305806346,0.023860152472165108,2.1113690676975105,4.042036151061634,1.9306670833641237,0.9389155563439556,0.9397096039042456,16.57202097601561,72.05203838635519,18.68339004371312,81.23187501181425,20.614057127077245,89.62605330806149
684,0.713839365909702,0.9553155593481066,0.4823288814456395,0.9551947313247248,0.6621126189095895,0.9682456199606954,0.9752770940619321,0.9839393093255564,0.286160634090298,0.044684440651893365,0.02472290593806792,0.0160606906744436,1.9961534713825446,2.8623749977449764,0.8662215263624318,0.9198171486830683,0.9323846710732622,24.147619343840464,84.38484007629323,26.14377281522301,91.36047974709666,27.00999434158544,94.38752617895875
685,0.5712767121972269,0.9165543309824862,0.4040683143760994,0.963965372363595,0.7388508128138678,0.9875709616216667,0.9467155901666198,0.9764909977349441,0.42872328780277313,0.08344566901751382,0.05328440983338023,0.023509002265055923,3.0161259184133593,5.99366667524579,2.977540756832431,0.9282629511649433,0.9509942593393826,34.52776187852593,80.53624064949287,37.54388779693929,87.571374975578,40.52142855377172,94.51650914846714
686,0.7723730858142609,0.932004040481638,0.5445984205861422,0.9858587524395477,0.7555534560382777,0.9518294610361276,0.9673975577560667,0.9816080332152588,0.2276269141857391,0.06799595951836201,0.03260244224393327,0.0183919667847412,3.5393517274428743,4.960399273362082,1.4210475459192073,0.949345465312157,0.9165765180347896,15.963095466737709,70.1283304913238,19.502447194180583,85.67724631309181,20.92349474009979,91.92012647075042
687,0.721087825989759,0.9470284054517315,0.67300437500262,0.9669116882896488,0.6336402332384816,0.9797275123818358,0.9814349261251782,0.9795123370419678,0.27891217401024104,0.0529715945482685,0.018565073874821758,0.02048766295803217,3.440652067344674,3.2483931590236326,-0.1922589083210413,0.931100144278921,0.9434413082195455,22.594057946197253,81.00778686471982,26.03471001354193,93.34375634885694,25.84245110522089,92.65443932996632
688,0.8372500991653424,0.9365687507675421,0.46779617741179025,0.9572173824803677,0.7258550981959772,0.971703396028737,0.9637107721174714,0.9812504891957772,0.16274990083465757,0.06343124923245791,0.03628922788252864,0.018749510804222824,2.714202134992927,4.468173842823509,1.7539717078305817,0.9217648868329467,0.9357143813610059,9.931865160219965,61.025322346033505,12.646067295212893,77.70245776100599,14.400039003043474,88.47955623440225
689,0.8761821158783114,0.9362735150190467,0.5902745225020422,0.9614522784184832,0.7795001475898343,0.983002989227106,0.9718119711300337,0.9849619970742388,0.12381788412168859,0.06372648498095335,0.028188028869966297,0.015038002925761185,3.553845611098705,4.868848205519216,1.3150025944205113,0.9258429347733542,0.9465954711075836,6.009139914073525,48.53208368645456,9.56298552517223,77.23428318136739,10.877988119592741,87.8547408296997
690,0.7130765986338681,0.904439132108087,0.40146550592943164,0.9494499707842017,0.918322217258403,0.9862386360022772,0.9375527185115818,0.9913256090042574,0.2869234013661319,0.09556086789191298,0.06244728148841816,0.008674390995742631,3.311358640349482,8.688647689617035,5.377289049267553,0.9142851570514534,0.949711279113304,19.136253347421896,66.69464134437351,22.447611987771378,78.23555653143413,27.82490103703893,96.9767572270365
691,0.7170326336736106,0.9350840512783882,0.3886168528662998,0.9177460931178467,0.6618374504164133,0.9832433076072523,0.9557964556789815,0.9766805759699263,0.2829673663263894,0.06491594872161177,0.04420354432101847,0.0233194240300737,2.07124044005933,4.159652469153807,2.0884120290944774,0.883755497076445,0.9468268888069836,21.805141760477763,77.05885679879626,23.876382200537094,84.37857167245507,25.964794229631572,91.75897053684422
692,0.7127139793942084,0.9476866976238019,0.38584897728584344,0.9557691515275643,0.7628905367524313,0.9855149375005688,0.9657443891838065,0.9868930060412329,0.28728602060579156,0.052313302376198134,0.03425561081619355,0.013106993958767132,1.8057691560004585,3.9206308417431,2.1148616857426417,0.9203702940635804,0.949014384259807,23.49727182295934,81.79051585389132,25.3030409789598,88.07613028160586,27.417902664702442,95.43764993119791
693,0.8776025954729576,0.9709339579306516,0.5861212647217285,0.9764171425155191,0.7876740271662288,0.9726888745195726,0.9874698072830463,0.9935077291255119,0.1223974045270424,0.029066042069348375,0.012530192716953659,0.006492270874488115,1.6535849352394716,2.257377119486026,0.6037921842465543,0.9402535446445739,0.9366633606484773,9.333136245769403,76.25273004630867,10.986721181008875,89.76269736652361,11.590513365255429,94.69574465277675
694,0.7845644021149014,0.9073800156687987,0.41770728298152293,0.9416207127929219,0.8318780577415053,0.9519064682171351,0.9406258046451575,0.9822913308094801,0.21543559788509858,0.09261998433120133,0.05937419535484245,0.017708669190519943,3.324578897635888,7.4911315140681385,4.16655261643225,0.9067458715783692,0.9166506730979819,12.281561355389725,57.00804080642248,15.606140253025613,72.43993289052008,19.772692869457863,91.78006357149724
695,0.7342389791976348,0.9644641731529986,0.375945820741092,0.9543271909925524,0.6599682382277056,0.9711727214347986,0.9764730523577563,0.9872638961657307,0.2657610208023652,0.035535826847001406,0.023526947642243723,0.012736103834269263,1.2008879204757683,2.2799723012732143,1.079084380797446,0.9189817394743096,0.9352033613816578,23.022519395536378,86.62865354004346,24.223407316012146,91.14732944236405,25.302491696809593,95.2076855380005
696,0.7408032491029688,0.8811932116315783,0.45885217377723897,0.9664927410237925,0.7809002569742833,0.9495803592661005,0.9298090374709962,0.9698299621333643,0.2591967508970312,0.11880678836842173,0.07019096252900381,0.030170037866635746,4.861582583941793,8.8636750501786,4.002092466236807,0.9306967135784667,0.914410716330319,14.038996252860947,54.16347313102739,18.90057883680274,72.91981389192338,22.902671303039547,88.36017899058422
697,0.767797222717789,0.9366510826846658,0.4446444408997251,0.95735679906873,0.8081115110175916,0.9944383134620963,0.9622475225744593,0.9871174668466361,0.23220277728221095,0.06334891731533421,0.037752477425540665,0.012882533153363851,2.5596439889793543,5.046638416197036,2.4869944272176814,0.9218991398439621,0.957607264815352,16.885385996687674,72.71827750865262,19.445029985667027,83.74159092005276,21.932024412884708,94.4520331306344
698,0.7954938756637848,0.9540709241696302,0.5638873094985827,0.921228604405338,0.7904745340117815,0.9683167878729824,0.9777181105143282,0.9896907772584461,0.20450612433621518,0.04592907583036976,0.02228188948567178,0.01030922274155388,2.364718634469798,3.561985308881588,1.19726667441179,0.8871090264643996,0.9324532031369459,15.857704850584541,77.54146679985936,18.22242348505434,89.10453681619843,19.41969015946613,94.95896625344815
699,0.6879272405858119,0.9244352551657775,0.4365214802237785,0.9536814942913553,0.7360758095857043,0.9674204643866848,0.9539284795724087,0.9781863546190982,0.3120727594141881,0.07556474483422249,0.04607152042759133,0.021813645380901803,2.9493224406631158,5.375109945332069,2.4257875046689525,0.9183599574657495,0.9315900768168076,23.65080145799656,75.78617724402798,26.600123898659678,85.23692983838924,29.02591140332863,93.01007706605037
700,0.7696816848540452,0.9572862430575362,0.5031609195063468,0.959788415389771,0.8053635714250157,0.952424077686954,0.977423888112468,0.9909639717409479,0.2303183151459548,0.04271375694246382,0.022576111887531947,0.009036028259052142,2.0137645054931874,3.367772868341168,1.3540083628479804,0.9242406963012609,0.9171491118466965,18.760455820349097,81.45446795431978,20.774220325842286,90.1978651271284,22.128228688690264,96.07672179551768
701,0.755868504280187,0.9541995028427097,0.6213970575469936,0.9291732817938992,0.738942294685234,0.9614196529497073,0.9808174446725162,0.987134377516919,0.24413149571981296,0.04580049715729029,0.019182555327483808,0.012865622483080985,2.661794182980648,3.2934874674209302,0.6316932844402823,0.8947594565422733,0.9258115176552737,19.833099856252268,81.23941483983901,22.494894039232914,92.14253151936634,23.1265873236732,94.7300439686624
702,0.7512348310406767,0.9036391197203263,0.49481147955605354,0.9355252310848937,0.8513066683907532,0.9428391420399826,0.9455511477501769,0.9834607184176721,0.24876516895932332,0.09636088027967371,0.0544488522498231,0.01653928158232787,4.191202802985061,7.982159869734584,3.790957066749523,0.9008761484521198,0.9079191738162795,15.240428867964962,61.264319806994315,19.431631670950022,78.11234889610841,23.222588737699546,93.3514480135954
703,0.6415870344615451,0.9322391505241816,0.33401659080541557,0.9057015739707504,0.8187597379203884,0.9811350731196362,0.9492639358804885,0.9867509440144013,0.3584129655384549,0.0677608494758184,0.05073606411951148,0.013249055985598668,1.7024785356306915,5.451179349021973,3.7487008133912814,0.8721570712310929,0.9447967370781681,29.065211606263652,81.09419692057759,30.767690141894345,85.84424421050474,34.51639095528562,96.30341051817302
704,0.7243647431635223,0.942939905871949,0.6409466960027786,0.9599694082567256,0.7813527226959637,0.9654943372309504,0.9778675228514245,0.9864814001881783,0.2756352568364777,0.05706009412805102,0.02213247714857547,0.013518599811821685,3.492761697947555,4.354149431622933,0.8613877336753784,0.9244149857286987,0.929735287703878,21.85751627084267,79.2986953908069,25.350277968790223,91.97037512450532,26.211665702465602,95.09547509742498
705,0.7992488815419891,0.9697964912220866,0.4609903604527662,0.969637434663774,0.8572556970123993,0.9683357620913604,0.9829819617099675,0.9954299567589397,0.20075111845801086,0.030203508777913446,0.017018038290032456,0.004570043241060251,1.318547048788099,2.5633465536853195,1.2447995048972205,0.9337249370836341,0.9324714746064952,17.05476096800974,84.95474943805566,18.37330801679784,91.52281769548797,19.61810752169506,97.72352788060998
706,0.8389623571221415,0.9639723528845479,0.3001624222557717,0.8796173784847501,0.7597653774173037,0.9816105476789839,0.9711231971874897,0.9909361362267797,0.1610376428778585,0.036027647115452144,0.02887680281251026,0.009063863773220326,0.7150844302941883,2.6963783342231817,1.9812939039289934,0.8470389570593889,0.9452546014686511,12.500999576240634,77.62781019914836,13.216084006534823,82.06829018578449,15.197377910463816,94.37158690897198
707,0.6334485105432544,0.9470097301799704,0.6225987428151246,0.9606365476727644,0.8560620875886809,0.9908282107201983,0.9784899075350522,0.9919368903073991,0.36655148945674565,0.052990269820029634,0.02151009246494784,0.008063109692600934,3.1480177355081795,4.49271601274287,1.3446982772346905,0.9250574162774768,0.9541308695824131,31.3561219636716,85.54356718108966,34.50413969917978,94.13176781880568,35.84883797641447,97.80027910824998
708,0.811120537592586,0.968660794503573,0.36549281697032093,0.9460158366224245,0.8261871769424474,0.9478413389832102,0.9787611442200954,0.9941021538182222,0.18887946240741404,0.03133920549642699,0.021238855779904586,0.005897846181777799,1.0100349716522405,2.5441359314649192,1.5341009598126787,0.9109782130438161,0.9127361042060542,15.754025691098706,83.40782788293406,16.764060662750946,88.7553387175085,18.298161622563626,96.8774550146399
709,0.7496423067555565,0.9129315894049911,0.580256511509294,0.9619845639008262,0.8765561487396708,0.9732274133711868,0.960048647518328,0.9880475929387517,0.25035769324444346,0.08706841059500892,0.03995135248167203,0.011952407061248338,4.7117058113336885,7.511600353376058,2.7998945420423693,0.9263555059785733,0.9371819536166983,16.328928264943453,65.22239462000582,21.040634076277144,84.04229086634679,23.84052861831951,95.22586787473782
710,0.7703820535507511,0.9324891562592595,0.389747389392689,0.9657224134944181,0.6194360300641858,0.9515065480669925,0.9562518811788362,0.9718584100711781,0.22961794644924893,0.06751084374074046,0.043748118821163806,0.028141589928821875,2.376272491957665,3.936925381191858,1.560652889234193,0.9299549166983285,0.916265564805252,16.210710270850846,70.59862054133387,18.586982762808514,80.94743050459552,20.147635652042705,87.7441679258978
711,0.6909863484302945,0.9600846896752645,0.7352188885174116,0.9520114230955762,0.824459704688771,0.9893772150113629,0.9885690632243161,0.9926776057111715,0.3090136515697055,0.0399153103247355,0.011430936775683853,0.0073223942888285265,2.8484373549051645,3.259291603590697,0.41085424868553266,0.9167517407587029,0.9527336144553864,26.909834124497,87.08299451432758,29.758271479402165,96.30083113881287,30.1691257280877,97.63039779905102
712,0.7687405905428728,0.9261469938272235,0.5900608783177037,0.9530581214778793,0.6880016541647848,0.9747661636093944,0.9668379090037583,0.9751117426428701,0.2312594094571272,0.07385300617277646,0.03316209099624168,0.02488825735712985,4.069091517653478,4.896474881564661,0.8273833639111827,0.9177596725342541,0.9386637131053427,15.740640328435074,68.06486432437771,19.809731846088553,85.66021980507152,20.637115209999735,89.23794823503437
713,0.8485077500558107,0.9139764240144247,0.4495290595287714,0.9346149792373357,0.7946895400605858,0.963740024747348,0.9474766205823596,0.9803432443387231,0.1514922499441893,0.0860235759855753,0.0525233794176404,0.019656755661276892,3.3500196567934903,6.6366820324298414,3.286662375636351,0.8999996096359528,0.9280459497567054,6.546867395861399,43.21585690537507,9.89688705265489,65.3293290996798,13.183549428291242,87.02458002404838
714,0.6585894921248057,0.9131041853917994,0.3663172648904576,0.9552824481409752,0.7344461022142348,0.9700842993175197,0.9406209494634987,0.9746105759065004,0.34141050787519434,0.08689581460820062,0.05937905053650128,0.025389424093499646,2.751676407169934,6.1506390514700975,3.398962644300163,0.9199016167283465,0.9341552511946486,25.45146932669937,74.5479964430485,28.203145733869306,82.60772613413299,31.60210837816947,92.5633735611966
715,0.7438872163182985,0.933884433865469,0.6665905240949157,0.971860942005426,0.7431502829484798,0.9691512785218708,0.97628831131597,0.9815827401181594,0.25611278368170154,0.06611556613453096,0.023711688684029952,0.01841725988184062,4.2403877450501,4.769830625269034,0.5294428802189333,0.9358660923015213,0.9332567867247644,18.999721754717058,74.18498007631678,23.240109499767158,90.74170045588237,23.76955237998609,92.80892596726851
716,0.730966203410726,0.9471369279417332,0.6217590633697887,0.9536339615106842,0.820763599974335,0.9690813496566507,0.978342058636295,0.9897824830055688,0.26903379658927395,0.05286307205826679,0.021657941363705024,0.010217516994431186,3.1205130694561767,4.2645555063835605,1.1440424369273838,0.9183141851584367,0.9331894478175154,21.617072453100718,80.35076903777583,24.73758552255689,91.94973210121643,25.881627959484277,96.20214369942897
717,0.6823284629252631,0.9247676627670804,0.4766701342581481,0.9742192035512649,0.7067344824888802,0.9781592623162275,0.9581288701798589,0.9761900905656834,0.31767153707473694,0.07523233723291955,0.04187112982014107,0.0238099094343166,3.336120741277848,5.142242779860295,1.8061220385824472,0.938137010827144,0.9419311414897005,24.243919984181737,76.31757068143628,27.580040725459586,86.81936373472129,29.386162764042034,92.50486535445731
718,0.7715613044942097,0.9507856686763193,0.598179391155037,0.951304571852269,0.7601390394836172,0.9828938826054148,0.9786041936858936,0.9875258667674562,0.22843869550579032,0.04921433132368069,0.021395806314106425,0.01247413323254376,2.781852500957427,3.6740198091136933,0.8921673081562664,0.9160710691910738,0.9464904054718808,17.922436418210964,78.45621941820569,20.70428891916839,90.63389577377266,21.596456227324655,94.5393956987346
719,0.8326941901008271,0.9841993300572602,0.35161085253849816,0.9731829317919587,0.8531578926893209,0.9636408231579725,0.9894168972445454,0.9975595681003111,0.16730580989917287,0.015800669942739765,0.010583102755454599,0.0024404318996888996,0.5217567187285166,1.3360238043050865,0.8142670855765699,0.9371391195033676,0.9279504223002698,15.150513995643312,90.55581515533618,15.672270714371827,93.67439614808804,16.486537799948398,98.5413346367591
720,0.86235174587954,0.8878792150524611,0.4386784344203392,0.9556059723315808,0.8765121737912819,0.9786119492563914,0.9309458871444154,0.984315161685975,0.13764825412046,0.11212078494753885,0.0690541128555846,0.015684838314025007,4.306667209195425,9.643594663351385,5.33692745415596,0.9202131585415222,0.9423670622468954,2.5527469172921147,18.545436217869728,6.85941412648754,49.83291775342582,12.1963415806435,88.60513094463316
721,0.6965127595459696,0.9241169404629057,0.5077747493458935,0.9681191373854373,0.7353972492788535,0.965005421019064,0.9599235157220273,0.9779802399111268,0.3034872404540304,0.07588305953709429,0.040076484277972724,0.022019760088873186,3.5806575259121565,5.38632994482211,1.8056724189099538,0.9322628730378285,0.9292644794998393,22.760418091693612,74.99629327955606,26.341075617605767,86.79467241587602,28.146748036515724,92.74441981286243
722,0.7385304870052065,0.9801460689805481,0.47843081632371776,0.9272166418095759,0.8656532526786548,0.9641118993492849,0.9887340991614871,0.9971853053391363,0.2614695129947935,0.019853931019451876,0.011265900838512866,0.0028146946608637036,0.858803018093901,1.7039236358588172,0.8451206177649162,0.8928752847055175,0.9284040512252373,24.161558197534163,92.40678930707796,25.02036121562806,95.69131379430182,25.865481833392977,98.92350942615641
723,0.7780769614449297,0.9395861535906659,0.419906440328772,0.9587341821340645,0.6522802194434997,0.9758943818262608,0.9625523914342253,0.9776030436723,0.22192303855507034,0.060413846409334115,0.03744760856577467,0.0223969563277,2.2966237843559445,3.8016890081634114,1.5050652238074669,0.9232255087216916,0.9397501454623252,16.150919214573623,72.77711822860502,18.447542998929567,83.12585804088023,19.952608222737034,89.90778223228853
724,0.8117045364651257,0.9438057664045744,0.53622023229111,0.9589941649471792,0.7015468511833799,0.9824331785689275,0.9720117042470188,0.9822336955987753,0.18829546353487425,0.056194233595425636,0.02798829575298123,0.01776630440122473,2.8205937842444406,3.8427929194200905,1.0221991351756499,0.923475862541728,0.9460467645478561,13.21012299394486,70.15635292508368,16.0307167781893,85.13596916911517,17.052915913364952,90.5646667913833
725,0.7365025527327519,0.9771859853935227,0.6690317397756821,0.9619185271875783,0.7740143879271688,0.9849886101516779,0.9920311099508118,0.9946721251619299,0.2634974472672481,0.02281401460647725,0.007968890049188215,0.005327874838070068,1.4845124557289036,1.7486139768407183,0.26410152111181473,0.9262919150695198,0.9485075505164305,24.068343266077086,91.34184606223586,25.55285572180599,96.97572400346411,25.816957242917805,97.97801652603246
726,0.7262522640274285,0.9338592965377536,0.24854437029533719,0.9561085747267832,0.7805580108946787,0.9691713819387806,0.9472700569818406,0.9842167203484479,0.2737477359725715,0.06614070346224643,0.052729943018159364,0.01578327965155213,1.3410760444087066,5.03574238106943,3.6946663366607235,0.9206971460331986,0.9332761455706776,20.76070325103251,75.83881261071927,22.101779295441215,80.73776105186028,25.79644563210194,94.23437070795224
727,0.7741122532758035,0.916537791306074,0.47359661696727445,0.9647362334174627,0.7751427267280359,0.9578069833329861,0.952664230915116,0.9790693888362448,0.22588774672419654,0.08346220869392595,0.047335769084884016,0.020930611163755164,3.612643960904194,6.253159753017079,2.6405157921128852,0.9290052618094085,0.9223326506169495,14.242553803027057,63.05146697672305,17.85519776393125,79.04456095058585,20.495713556044137,90.73406527477078
728,0.6951691408986013,0.9695362816039589,0.5111257886246091,0.9526525572981843,0.8083365764736173,0.9850479994398825,0.9841315469657664,0.9939234978968999,0.30483085910139873,0.030463718396041117,0.015868453034233565,0.006076502103100068,1.4595265361807552,2.438721629294105,0.9791950931133497,0.9173691292501034,0.9485647402013683,27.43671407053576,90.00635352803711,28.896240606716518,94.79434166179512,29.875435699829865,98.00659876725972
729,0.7830024907713866,0.9567423319317293,0.49098112221397067,0.9389531673171319,0.7809771709970347,0.9710309967305505,0.9760755745651327,0.9899047331032833,0.21699750922861338,0.043257668068270694,0.02392442543486728,0.010095266896716693,1.9333242633403414,3.3162401171554,1.3829158538150588,0.904177124083164,0.9350668857405301,17.37398411603427,80.06536193800389,19.30730837937461,88.97479260480259,20.690224233189667,95.34774987390246
730,0.8045351119977915,0.9129712611620762,0.41884248250498807,0.9378193905215599,0.8785263060643522,0.9758861786280321,0.9442230414279859,0.9882735694711927,0.19546488800220851,0.08702873883792384,0.055776958572014146,0.011726430528807286,3.125178026590969,7.5302308309116555,4.405052804320686,0.9030853390207614,0.939742246086253,10.843614916428468,55.47602450372544,13.968792943019437,71.46446139657372,18.373845747340123,94.00074834480002
731,0.7665301389250814,0.9518143808203425,0.44766637870089065,0.9773419969644742,0.8619661301527134,0.9697302165573333,0.97218562559637,0.9928454623648569,0.23346986107491863,0.04818561917965747,0.027814374403629993,0.007154537635143066,2.0371244776027475,4.103108154451441,2.0659836768486928,0.9411441452250492,0.9338142826107653,18.528424189526117,79.3610965638965,20.565548667128862,88.08652462653217,22.631532343977558,96.93556264512992
732,0.6832559486149661,0.9526441573264166,0.41951315890973667,0.9674577194149082,0.790423931083653,0.9822953441941303,0.9710372927041414,0.9895055256863198,0.3167440513850339,0.04735584267358339,0.028962707295858592,0.010494474313680224,1.83931353777248,3.686136835990317,1.8468232982178368,0.9316259520291709,0.9459140351499032,26.938820871145055,85.04917694065306,28.778134408917534,90.85611642295642,30.62495770713537,96.68676514435211
733,0.7349185636985444,0.9056599045970858,0.5592003709614163,0.9760540880801198,0.7077127720045822,0.9654200739019033,0.9550702677135522,0.9694268813419493,0.26508143630145564,0.09434009540291421,0.04492973228644781,0.03057311865805068,4.9410363116466405,6.376697674486353,1.435661362839713,0.939903936669745,0.9296637748684995,17.07413408985414,64.41090077102614,22.015170401500782,83.05059271093097,23.450831764340496,88.46651840859865
734,0.6774013820102813,0.9659376206787703,0.44546985532352196,0.9178602149728811,0.8100603870653514,0.9843781559510576,0.9791397647174119,0.9932417469993748,0.3225986179897187,0.034062379321229685,0.02086023528258807,0.0067582530006251584,1.3202144038641617,2.7304126320604527,1.410198228196291,0.8838653921961076,0.947919705730648,28.8536238668489,89.44125069924655,30.17383827071306,93.53368733797461,31.584036498909352,97.9050582910927
735,0.783424684966664,0.9633264621842943,0.441752426919138,0.9199495570187008,0.6810018940247544,0.9459107666679819,0.9774200289715723,0.9873241522630241,0.21657531503333605,0.036673537815705703,0.02257997102842768,0.012675847736975943,1.4093566787278022,2.399769007872976,0.9904123291451739,0.8858773512031933,0.9108770345691677,17.990177721763033,83.06661227293573,19.399534400490836,89.5740791027121,20.38994672963601,94.14714103727619
736,0.739298056111365,0.9634910390624664,0.3979587217992794,0.959919243789963,0.8226883336613455,0.9706678196616093,0.9767863753847239,0.9931257909864392,0.260701943888635,0.03650896093753364,0.023213624615276096,0.006874209013560839,1.3295336322257545,2.96347519239728,1.6339415601715257,0.9243666792051495,0.9347171596741423,22.419298295110135,85.99589999485032,23.74883192733589,91.0957224679566,25.382773487507414,97.36319226814155
737,0.7048655494057965,0.961878320482163,0.3050405917895294,0.9521574284600393,0.7576601648653489,0.963144456385001,0.9718862985957324,0.9901263914525426,0.2951344505942035,0.03812167951783696,0.02811370140426761,0.009873608547457446,1.000797811356935,2.8248070970379513,1.8240092856810164,0.9168923385170747,0.9274724394818528,25.701277107636656,87.08328375725524,26.70207491899359,90.47427321762491,28.526084204674607,96.6545387949192
738,0.8069550415200242,0.9744385181990799,0.46082764586446534,0.9404404328019166,0.7653054019438833,0.9676206724868339,0.9851835197973756,0.993677700248038,0.19304495847997583,0.025561481800920105,0.014816480202624382,0.006322299751961968,1.0745001598295723,1.9239182048958137,0.8494180450662414,0.9056093056611048,0.9317828698021363,16.748347667905573,86.75879339082996,17.822847827735146,92.32485514292192,18.672265872801386,96.72495992553063
739,0.7265453501300343,0.904826255798631,0.38689780270983576,0.9446647762526676,0.6493111961045046,0.9773973191268538,0.9360960747069145,0.9636324427481867,0.2734546498699657,0.09517374420136904,0.06390392529308553,0.03636755725181329,3.126981890828351,5.880618694955575,2.753636804127224,0.9096771919470132,0.9411974184184517,17.828090566859668,65.19578502445415,20.95507245768802,76.63088730673499,23.70870926181524,86.70069890232001
740,0.7469983221566324,0.9613237335446859,0.32294628543643683,0.9450957834540463,0.6222391833260401,0.9799518259147831,0.9719855571027749,0.9847277426135888,0.2530016778433676,0.03867626645531408,0.0280144428972251,0.015272257386411248,1.0661823558088979,2.340400906890283,1.2742185510813853,0.9100922359187112,0.9436573138438652,21.432541138805348,84.71303953989649,22.498723494614246,88.92717110177873,23.772942045695633,93.96357466219403
741,0.7835687223754193,0.9232914625617469,0.4165330206312216,0.9620433574396278,0.7806449013666142,0.9401583587252946,0.9520292181096496,0.9809842422649061,0.2164312776245807,0.07670853743825312,0.04797078189035042,0.019015757735093897,2.87377555479027,5.7692779703159225,2.8955024155256526,0.9264121219789008,0.9053376787725059,13.972274018632758,64.55755458260941,16.846049573423027,77.83555943630292,19.74155198894868,91.21395117018234
742,0.8314707933208063,0.9825405488327515,0.3678925760582323,0.915044792833458,0.665937293639965,0.9352578641291401,0.9878736515255372,0.9936929115215638,0.1685292066791937,0.017459451167248452,0.012126348474462811,0.006307088478436196,0.5333102692785641,1.1152362688812256,0.5819259996026616,0.8811542449507372,0.9006186839762089,15.106975551194523,89.64010362875341,15.640285820473087,92.80460122407975,16.22221182007575,96.25756947254717
743,0.7602580378162673,0.9022610461820323,0.5680860414349073,0.9252764533812801,0.7583468964235694,0.9777056677424405,0.9518675752049738,0.9739237767058594,0.23974196218373267,0.09773895381796771,0.04813242479502622,0.02607622329414061,4.960652902294149,7.16627305238271,2.205620150088561,0.8910069551078993,0.9414943467149427,14.200300836576496,59.23160345911291,19.160953738870646,79.92323731873911,21.366573888959206,89.12321270059665
744,0.6419416755004859,0.9721589402388836,0.4672033327641774,0.936844867336691,0.7790414081826166,0.9566534434358542,0.9839739712964898,0.9934288480511715,0.35805832449951414,0.027841059761116393,0.01602602870351022,0.006571151948828513,1.1815031057606173,2.126990781228788,0.9454876754681707,0.9021469092871839,0.9212218344197114,33.02172647383978,92.22443444094422,34.20322957960039,95.52418485845538,35.14871725506856,98.16478168521469
745,0.7914056034026831,0.9356680241757959,0.4587892052732717,0.9644505098358458,0.7728581383261194,0.9869652671319968,0.9628507065105795,0.9844230584116559,0.20859439659731693,0.06433197582420414,0.03714929348942053,0.015576941588344106,2.7182682334783603,4.875503423586003,2.1572351901076425,0.9287301205826662,0.9504109979789599,14.42624207731128,69.15929820090305,17.14451031078964,82.19065607925425,19.301745500897283,92.53242568235677
746,0.704041278575631,0.9623831039416547,0.30510505791703174,0.9469126053886413,0.7995130421516711,0.9770599288508811,0.972115548289773,0.9920433447905951,0.29595872142436896,0.037616896058345284,0.02788445171022702,0.007956655209404917,0.9732444348118263,2.9660240848940367,1.9927796500822104,0.9118417681520249,0.9408725240786262,25.83418253660237,87.28981667534399,26.807426971414195,90.57826321994273,28.800206621496404,97.31156589300302
747,0.6925473416061149,0.9263952274597651,0.5099103596394098,0.9482038823657202,0.6805724080578441,0.9631901879191773,0.9605538016391938,0.9743271059489171,0.30745265839388514,0.0736047725402349,0.039446198360806206,0.025672894051082862,3.415857417942869,4.7931878489152036,1.3773304309723344,0.9130852200558787,0.927516477255504,23.384788585365023,76.05980285721323,26.800646003307893,87.16999275047064,28.17797643428023,91.64980579930693
748,0.836734866276076,0.9264470369064121,0.47100887050840007,0.9433323294414543,0.8107936133323519,0.9778054477907795,0.957376791123349,0.9848699006211484,0.16326513372392404,0.07355296309358794,0.04262320887665105,0.01513009937885157,3.092975421693689,5.842286371473637,2.7493109497799484,0.9083940950176966,0.9415904312059358,8.97121706303361,54.94876253373021,12.064192484727299,73.89325699587181,14.813503434507247,90.7328043448419
749,0.7857182849704342,0.9523412385180261,0.5895054093451985,0.9460874285017504,0.8538422210515667,0.9783867403215238,0.9787481241124069,0.9925796073561628,0.21428171502956583,0.0476587614819739,0.02125187588759314,0.007420392643837204,2.640688559438076,4.0238368838136696,1.3831483243755938,0.9110471533720559,0.9421501943836895,16.662295354759195,77.75882955043639,19.30298391419727,90.08227282264338,20.686132238572863,96.53708547049226
750,0.704253353832832,0.9683131324180319,0.5086552163507372,0.9701349519859652,0.6799800570392318,0.99002020511399,0.9836965752013368,0.9895328919549091,0.29574664616716795,0.03168686758196815,0.016303424798663202,0.010467108045090878,1.5383442783304946,2.121975953687727,0.5836316753572324,0.9342040278383368,0.9533527901097681,26.40597785851998,89.28580662109776,27.944322136850474,94.48736781635459,28.527953812207706,96.4607855471083
751,0.7838998676396979,0.9713114019939224,0.310375768677657,0.9732735392824718,0.915779358564116,0.9853820915695798,0.9795009702650153,0.9974819186883342,0.21610013236030212,0.028688598006077592,0.02049902973498474,0.002518081311665754,0.8189568271092851,2.617051669441184,1.7980948423318988,0.9372263711608988,0.9488864585484842,18.741153435422454,86.72439591187046,19.560110262531737,90.51410588642914,21.358205104863636,98.834761791137
752,0.6969313523665969,0.9547237719288861,0.537152873582242,0.9425761493692975,0.7053714765571599,0.9784449485766823,0.977242939226415,0.9859209614978202,0.30306864763340313,0.045276228071113866,0.02275706077358497,0.014079038502179841,2.2519167297528897,3.1197189568934025,0.8678022271405128,0.907665921614879,0.9422062467775458,25.779241956228926,85.06073510913582,28.031158685981815,92.49112009728164,28.89896091312233,95.35450512214972
753,0.7239388239617541,0.9695401576460958,0.6407474636952406,0.9350786825885632,0.8130504737143608,0.9608914549295353,0.9880737774397303,0.9939247327840743,0.27606117603824587,0.0304598423539042,0.01192622256026965,0.0060752672159256615,1.8533619793634548,2.4384575137978537,0.5850955344343989,0.9004461387889867,0.9253028825247377,24.560133368434165,88.9662708856662,26.41349534779762,95.6798624379484,26.998590882232023,97.79930401546794
754,0.7579934939078128,0.9508932510340533,0.5542682200570866,0.9570999185666226,0.8180130507018728,0.9747577948079307,0.9765142557932717,0.990450389170781,0.2420065060921872,0.04910674896594669,0.023485744206728332,0.009549610829219013,2.5621004759218358,3.9557138136727676,1.3936133377509319,0.9216517734345254,0.9386556542594887,19.289975712624052,79.70850050318874,21.852076188545887,90.29540792685056,23.24568952629682,96.05398590995678
755,0.7660779916312658,0.9382668117749613,0.2737854741819847,0.9491885101604263,0.6996418964361372,0.9932969494080108,0.9520735447717539,0.9804927085664905,0.23392200836873422,0.061733188225038704,0.04792645522824612,0.019507291433509488,1.3806732996792581,4.222589679152922,2.8419163794736635,0.9140333801544845,0.9565081735040104,17.21888201436955,73.60949974073073,18.59955531404881,79.51178020295592,21.441471693522473,91.660771224758
756,0.8305790778805252,0.9549934554460202,0.48228939674620813,0.9595759448200021,0.7223099352943514,0.9892414494849787,0.9752041765536693,0.98694353472045,0.1694209221194748,0.04500654455397979,0.02479582344633069,0.013056465279549956,2.02107211076491,3.1950079274429832,1.1739358166780733,0.9240360950118538,0.9526028772818314,12.441437756549501,73.43507284050703,14.46250986731441,85.36436755500316,15.636445683992484,92.29347525901045
757,0.6719216590122357,0.9709446124870952,0.4475800349043724,0.9292837856403549,0.7238707724810804,0.9603166049426675,0.9825218508951772,0.9914688178385717,0.32807834098776434,0.029055387512904818,0.017478149104822815,0.008531182161428341,1.1577238408082002,2.0524205351476477,0.8946966943394474,0.894865867653675,0.9247493232781242,29.902295347485953,91.1437654112045,31.060019188294152,94.67256843222252,31.9547158826336,97.39965090784627
758,0.6996545849440555,0.9626040294893986,0.558982031555775,0.9286967890519533,0.7058187302490705,0.9679451123228677,0.9818857469855893,0.9883307291827965,0.3003454150559445,0.037395970510601395,0.01811425301441072,0.011669270817203481,1.9281717496190676,2.5726699693397914,0.6444982197207239,0.8943006116796587,0.9320952933479466,26.29494445453431,87.54901235844211,28.223116204153374,93.96885981727517,28.867614423874098,96.11471651230971
759,0.7494042820521399,0.9615562061662979,0.5325713374962346,0.9640582294844976,0.626198040127905,0.982065836155792,0.9809837254000551,0.9850102875592981,0.25059571794786006,0.03844379383370211,0.019016274599944927,0.014989712440701908,1.9427519233757184,2.3454081393000203,0.4026562159243019,0.9283523691332198,0.9456930274092812,21.215192411415796,84.65903801209369,23.157944334791512,92.41157241006746,23.560600550715815,94.01836848472378
760,0.75004030579772,0.894364998678016,0.4881333241389143,0.927060579221514,0.9442750795573102,0.9554986758409392,0.9387783731646314,0.9931588184122235,0.24995969420228004,0.105635001321984,0.06122162683536858,0.006841181587776468,4.4413374486615425,9.879381973420752,5.438044524759212,0.8927250022133097,0.9201098359949784,14.432469288029603,57.73918604793187,18.873806736691144,75.50740049080676,24.311851261450357,97.26308611089904
761,0.8512772320493922,0.8972674700726762,0.49042986802998806,0.962624153575637,0.7277487933213946,0.9808901102187896,0.9428550072482218,0.9692001232499394,0.1487227679506078,0.10273252992732385,0.0571449927517782,0.030799876750060573,4.5587537175545645,7.193265317726327,2.634511600171763,0.9269714071469096,0.9445608468773529,4.599023802328395,30.92346831425148,9.15777751988296,61.57616379843295,11.792289120054722,79.2904091454985
762,0.7890162231144401,0.9816703827398319,0.4259494642514627,0.9560103963778861,0.8038038327228247,0.9479512711304087,0.9889125138037648,0.9961503865604876,0.21098377688555991,0.01832961726016813,0.01108748619623523,0.0038496134395124004,0.72421310639329,1.448000382065573,0.723787275672283,0.9206026039194458,0.9128419647922453,19.26541596253918,91.31230963311917,19.98962906893247,94.7448631549291,20.713416344604752,98.17539836648176
763,0.8062910359822968,0.9653171214054337,0.6174278043739765,0.961494962558065,0.754255066427505,0.9759327009117603,0.9859055917604029,0.9910340071820825,0.1937089640177032,0.03468287859456631,0.014094408239597067,0.008965992817917545,2.0588470354969246,2.571688577664877,0.5128415421679522,0.9258840380188773,0.9397870453224358,15.90260854231369,82.09536725858663,17.961455577810614,92.72392565255319,18.474297119978566,95.37141047478931
764,0.7430449687414575,0.9675497285918123,0.5335504082014447,0.935526708888347,0.6922804348754883,0.9769355551940256,0.9835528271898578,0.9895462924038686,0.25695503125854247,0.03245027140818768,0.016447172810142185,0.0104537075961314,1.6003098598045495,2.199656381205628,0.5993465214010785,0.9008775715221119,0.9407527568535061,22.450475985035478,87.3712255217385,24.05078584484003,93.59920187996109,24.650132366241106,95.93169764182858
765,0.8090232268182815,0.9402728265749212,0.5041407165939943,0.9281547165020092,0.8548081988935824,0.9783013254676521,0.9671781814516885,0.9906607397055408,0.19097677318171846,0.05972717342507883,0.032821818548311454,0.009339260294459195,2.6905354876767373,5.038791313061964,2.348255825385226,0.8937786158908236,0.9420679430429242,13.124959975663963,68.72542538550113,15.815495463340701,82.81371184490546,18.163751288725926,95.10974023758759
766,0.7156794669623426,0.9424244706199423,0.5941320019015823,0.9143784048312574,0.6836899012463755,0.9729841857979342,0.973598409541132,0.980525885243831,0.28432053303765736,0.05757552938005772,0.02640159045886803,0.019474114756169003,3.1173938921189692,3.810141462388872,0.6927475702699026,0.8805125379856552,0.9369477344720848,22.674500365759965,79.74978142980899,25.791894257878933,90.7141456943698,26.484641828148835,93.15064777485145
767,0.7977263383183224,0.9569321772025491,0.7371072490000855,0.9504971756057973,0.6602357416412603,0.9889814111437565,0.9877050486854,0.9847735832675168,0.2022736616816776,0.043067822797450916,0.012294951314600011,0.01522641673248315,3.0772871482850905,2.7841406064967766,-0.2931465417883139,0.9152935765092862,0.952352469990284,15.920583888422668,78.70814102073868,18.997871036707757,93.92162518224995,18.704724494919446,92.4723680750659
768,0.7143228738711561,0.8941426735342891,0.39934211716528195,0.9714962324750033,0.6598237666624894,0.9781171493581536,0.9317943675910508,0.9604538949627512,0.2856771261288439,0.10585732646571089,0.06820563240894917,0.03954610503724876,3.765169405676172,6.631122142846213,2.865952737170041,0.9355148905314846,0.9418905882708145,17.9819799663133,62.94511643260934,21.747149371989472,76.1249234990597,24.613102109159513,86.15706284464197
769,0.6738562402314803,0.8880596454023645,0.2707438763917428,0.9433953613032936,0.7779549296352188,0.9720039246009905,0.9112127362307547,0.9720109086850673,0.3261437597685197,0.11194035459763552,0.08878726376924528,0.027989091314932657,2.3153090828390233,8.395126328270287,6.079817245431263,0.9084547923661346,0.9360037792453982,21.42034051708842,65.67760343564902,23.735649599927445,72.77664799343026,29.815466845358706,91.41817358860465
770,0.8322328178080819,0.9054841264104972,0.6214707203404533,0.922436326901319,0.696144915630646,0.9772373275148111,0.9589255386206585,0.9685646018970107,0.1677671821919181,0.09451587358950275,0.041074461379341454,0.03143539810298934,5.34414122101613,6.308047548651341,0.9639063276352111,0.8882720184975664,0.9410433524216699,7.3251308602415355,43.662477753616415,12.669272081257665,75.5169867892553,13.633178408892876,81.26248668405918
771,0.619831256069118,0.9619717472865918,0.415402358648377,0.9640227697868209,0.8069135631396938,0.9755520080583057,0.9765887007537619,0.99223644613702,0.38016874393088196,0.03802825271340815,0.023411299246238082,0.007763553862979999,1.4616953467170068,3.026469885042815,1.5647745383258083,0.9283182227576793,0.9394204522042943,34.21404912174738,89.99700703424423,35.67574446846439,93.84186637644927,37.240519006790194,97.95786634569004
772,0.7688682645818691,0.9660002786381775,0.4919627365457638,0.9796555074889075,0.7799669762185628,0.9861393748829702,0.9820747656646077,0.9922079741171319,0.23113173541813092,0.0339997213618225,0.01792523433539228,0.007792025882868092,1.6074487026430218,2.6207695478954407,1.013320845252419,0.9433719701745035,0.9496156943317491,19.71320140563084,85.28989482975369,21.320650108273863,92.2445810814493,22.333970953526283,96.62875118867954
773,0.7714961415626649,0.9532255354964487,0.44370663612969513,0.9654568596800773,0.7484971122440255,0.9800886895139468,0.9725036281079238,0.9875646987058665,0.22850385843733512,0.04677446450355127,0.02749637189207621,0.012435301294133505,1.9278092611475062,3.4339163209417767,1.5061070597942705,0.9296991982104448,0.9437891084208376,18.172939393378385,79.53012048749335,20.10074865452589,87.9667800447156,21.60685571432016,94.55794690769139
774,0.8495544096121107,0.9727854794877867,0.4851189180875989,0.9751399259466565,0.6497740616735618,0.9615551885595369,0.9854435538836765,0.9899131676954588,0.1504455903878893,0.02721452051221329,0.014556446116323452,0.010086832304541216,1.265807439588984,1.7127688207672076,0.4469613811782236,0.9390236323930766,0.9259420334277022,12.3231069875676,81.91072238006649,13.588914427156585,90.32444481836058,14.035875808334808,93.29536194544842
775,0.8471704117390618,0.9210090194032649,0.5241717350308157,0.9641819343958294,0.6402567955617902,0.9884786713230479,0.9593929544142404,0.9697315323276512,0.15282958826093818,0.07899098059673515,0.04060704558575956,0.03026846767234881,3.838393501097559,4.872251292438634,1.0338577913410751,0.928471492381169,0.9518683501629349,7.383860766420303,48.31434050462301,11.222254267517862,73.42985344145015,12.256112058858937,80.19462852921579
776,0.7930286784941556,0.9403077362601423,0.5713908389607948,0.9333766236203327,0.82968493325734,0.9868587773217864,0.9716747667858886,0.9891628792880303,0.2069713215058444,0.0596922637398577,0.0283252332141114,0.010837120711969739,3.13670305257463,4.8855143027887955,1.7488112502141662,0.8988071190418018,0.9503084522357943,14.727905776598671,71.15916190438386,17.8646088291733,86.31441640898468,19.613420079387467,94.76395056420233
777,0.5535386154937563,0.9169206678188829,0.4890943956631111,0.9507166954084915,0.8011014569615775,0.9563182350033919,0.9535695232339336,0.9815038053379047,0.44646138450624373,0.08307933218111707,0.046430476766066375,0.01849619466209529,3.6648855415050696,6.458313751902178,2.7934282103971086,0.9155049659489176,0.9208990411143773,36.338205232512664,81.3915973331048,40.003090774017735,89.60033759304507,42.796518984414845,95.85715690001928
778,0.816550830507362,0.9482769939519944,0.48802924539988224,0.9520703206356079,0.8474619314250745,0.9698502273757503,0.9715049331755748,0.9914942558202547,0.183449169492638,0.051723006048005615,0.028495066824425153,0.008505744179745256,2.3227939223580463,4.3217261868260355,1.9989322644679897,0.9168084569083631,0.9339298485840558,13.17261634446324,71.80526562695542,15.495410266821285,84.46705051691788,17.494342531289277,95.36343271366698
779,0.773064936319736,0.9351502728189606,0.5279029370746448,0.9573993942135897,0.6984084926946491,0.9783874080101229,0.9669354673033077,0.9790709664692395,0.22693506368026395,0.06484972718103943,0.033064532696692295,0.020929033530760477,3.1785194484347135,4.392069365027895,1.2135499165931818,0.9219401573908641,0.9421508373430812,16.20853364992245,71.42366361136317,19.387053098357164,85.42995861438231,20.600603014950348,90.77752323006018
780,0.8898657739875842,0.9397532982592892,0.719770235953402,0.8426900306852436,0.841017329825414,0.9792761169704813,0.9791260599355309,0.9896992867221043,0.11013422601241585,0.060246701740710784,0.020873940064469076,0.010300713277895723,3.9372761676241708,4.994598846281506,1.0573226786573353,0.8114792888080123,0.9430066311567598,4.988752427170507,45.29702171428621,8.926028594794676,81.04681821424352,9.983351273452012,90.64712791758805
781,0.7160472135220001,0.9671360857621139,0.5401473344334743,0.9314766137725111,0.8858641734430079,0.9536526326097002,0.9835011630373813,0.9959495728399447,0.28395278647799993,0.03286391423788615,0.016498836962618668,0.0040504271600553254,1.6365077275267481,2.8813487077830824,1.2448409802563343,0.8969774799290847,0.9183321647352668,25.10888722401138,88.4262751404863,26.745394951538128,94.18958441392265,27.99023593179446,98.57355611462924
782,0.6871803056224626,0.9681558491508876,0.47446684234337244,0.9064668792266994,0.7144527245914764,0.9911213882064727,0.981287625393327,0.9906127264324738,0.3128196943775374,0.03184415084911241,0.018712374606672966,0.009387273567526222,1.3131776242439441,2.2456877281586185,0.9325101039146744,0.8728940318479328,0.95441318864327,28.0975543528425,89.82028579994706,29.410731977086446,94.0181596801609,30.343242081001122,96.99914240175784
783,0.8443658003960203,0.9658735661050376,0.4709552502971869,0.9910307868045742,0.6921578146044107,0.9716407177657996,0.9814876844351639,0.9889297230693472,0.15563419960397973,0.034126433894962394,0.018512315564836124,0.011070276930652767,1.561411833012627,2.3056156964309626,0.7442038634183357,0.9543259428488492,0.9356540245152144,12.150776570901733,78.07266398914949,13.712188403914361,88.10523932918228,14.456392267332696,92.88698951848518
784,0.7256029252556713,0.9773844930658272,0.46538851661131037,0.9438725298650554,0.7934082350886048,0.9687002964236122,0.9870636729136417,0.9950894900515831,0.27439707474432873,0.022615506934172802,0.012936327086358279,0.004910509948416908,0.9679179847814523,1.7704996985755894,0.8025817137941371,0.9089142880182015,0.9328225076671821,25.17815678101559,91.75810931831363,26.146074765797046,95.28554482644839,26.948656479591182,98.21043648042082
785,0.7896336299365422,0.8957607190968875,0.6333621837221259,0.9457461842494379,0.7467958445531151,0.9585382035814928,0.956834300013419,0.9701769706250074,0.21036637006345782,0.10423928090311252,0.04316569998658104,0.029823029374992593,6.107358091653148,7.4416251528119925,1.3342670611588447,0.910718547795755,0.92303678863403,10.61270891603453,50.44869535388744,16.72006700768768,79.48070313065728,18.054334068846522,85.82329040236024
786,0.8720618427011261,0.9216066721226475,0.4703862357268267,0.9496792690618215,0.7303415259879013,0.962926585901769,0.9547114986111196,0.9767335307486592,0.12793815729887392,0.07839332787735254,0.04528850138888041,0.023266469251340793,3.3104826488472128,5.512685862601174,2.2022032137539616,0.9145059628002725,0.9272626382757776,4.954482942152138,38.725608112191765,8.264965590999351,64.60125552450877,10.467168804753314,81.8142845398434
787,0.6586908170913907,0.8795801211005289,0.5700579619315272,0.934817872028655,0.8662639200913652,0.9313257612639753,0.9407639165657261,0.9807196623208477,0.34130918290860934,0.12041987889947114,0.05923608343427389,0.01928033767915227,6.1183795465197255,10.113954122031888,3.995574575512162,0.9001949878794455,0.8968322145504947,22.08893040091382,64.71824230650267,28.207309947433544,82.64445072076035,32.20288452294571,94.35106389026899
788,0.8072713840550335,0.9648654471274628,0.5733525827771252,0.979258839557195,0.8116569157742063,0.9782620260428304,0.9843827949763797,0.9930380953843825,0.19272861594496649,0.035134552872537195,0.015617205023620295,0.00696190461561752,1.95173478489169,2.8172648256919675,0.8655300408002775,0.9429899936476691,0.9420300991523551,15.75940630724293,81.76993452670783,17.711141092134618,91.89678971799404,18.576671132934898,96.38771617723572
789,0.760740817325353,0.9287302440807784,0.5925055220568073,0.971921134726768,0.770209107432553,0.9704214229347684,0.9688288067146692,0.9821529175254955,0.23925918267464696,0.07126975591922158,0.0311711932853308,0.017847082474504505,4.009856263389078,5.342267344471708,1.3324110810826295,0.9359240556628136,0.9344798887519992,16.798942675542538,70.21232158260078,20.808798938931616,86.97178810991824,22.141210020014245,92.5406906957575
790,0.7697175122378984,0.9705803125878413,0.5152538876610705,0.9625582199917657,0.5496235951714638,0.9705125026013334,0.9849646157070213,0.9861287785672257,0.23028248776210158,0.029419687412158724,0.015035384292978682,0.013871221432774306,1.4384303119180042,1.5548465979384418,0.11641628602043763,0.9269079155476262,0.9345675950975803,20.086280034994285,87.22452249927429,21.52471034691229,93.47089549053712,21.64112663293273,93.97643235159754
791,0.7653041395781777,0.93549172650466,0.4635804298916912,0.9441080833234741,0.689968196366935,0.9558041103123344,0.9622977026466719,0.9781220872221843,0.23469586042182233,0.06450827349534005,0.037702297353328085,0.0218779127778157,2.6805976142011967,4.263036071752435,1.5824384575512385,0.9091411172744565,0.9204039580785441,17.018758692648227,72.51409829751645,19.699356306849424,83.9356785903402,21.281794764400665,90.6781854871687
792,0.8444100642735296,0.8491512023669853,0.6157511332903639,0.9522031791319727,0.8529978724380064,0.9645032031487077,0.9331083558609655,0.9736382405410369,0.1555899357264704,0.15084879763301473,0.06689164413903448,0.02636175945896313,8.395715349398024,12.44870381740516,4.052988468007134,0.9169363947196774,0.9287808622913482,0.4741138093455666,3.047201010347267,8.869829158743592,57.00773072068681,12.922817626750726,83.05689931943444
793,0.8198097731159206,0.9727142903825857,0.3814514517752992,0.8998963504433956,0.8355498251829616,0.9466906822642982,0.9810836519115641,0.9951508556293658,0.18019022688407937,0.027285709617414278,0.018916348088435897,0.0048491443706342174,0.8369361528978381,2.243656524678006,1.406720371780168,0.866566855982529,0.9116280644026574,15.29045172666651,84.85727550863909,16.12738787956435,89.50201217039077,17.534108251344517,97.30887492929692
794,0.6165509349888763,0.9158683185679053,0.3972180861831344,0.9582916220308635,0.796171965578006,0.969090821894314,0.9453747957680926,0.9810453807219786,0.38344906501112375,0.08413168143209471,0.05462520423190742,0.018954619278021445,2.9506477200187287,6.517706215407326,3.5670584953885975,0.9227993397334241,0.9331985692315615,29.931738357902905,78.05922895400616,32.88238607792163,85.75424763903838,36.44944457331023,95.05680910254102
795,0.7434403276855709,0.9498264095683914,0.6530785000405858,0.9611578530417424,0.7739597917831402,0.9617570590796299,0.9812903795465474,0.9877371157501182,0.2565596723144291,0.05017359043160863,0.01870962045345259,0.012262884249881756,3.1463969978156037,3.791070618172687,0.6446736203570835,0.9255594140401964,0.9261364272618658,20.63860818828205,80.4436956209868,23.785005186097653,92.70749752497234,24.429678806454735,95.22026040208968
796,0.8262290238482838,0.8969644479200618,0.5264405697841018,0.9668777965005261,0.7693152048403441,0.9652616607994472,0.9467348517779369,0.9732807705618078,0.17377097615171622,0.1030355520799382,0.053265148222063075,0.02671922943819216,4.977040385787513,7.631632264174604,2.6545918783870914,0.9310675077412472,0.9295112289179861,7.073542407177802,40.7061211476537,12.050582792965315,69.34750013974815,14.705174671352406,84.62388252059763
797,0.8459292499501864,0.9106212351317088,0.4148677674195198,0.9710418489164203,0.6254379252812973,0.9527731991640245,0.9441584414695133,0.9628474745322021,0.15407075004981363,0.08937876486829122,0.05584155853048667,0.0371525254677979,3.353720633780455,5.222623940049331,1.8689033062688765,0.9350773359935899,0.9174853028986902,6.469198518152242,41.98849240404582,9.822919151932696,63.75589882412322,11.691822458201573,75.88606178928455
798,0.7085172284945765,0.9513502234067098,0.5102801812886382,0.9607923785081575,0.7363335965414275,0.9821687809213728,0.9745970787580099,0.9864578497347628,0.29148277150542345,0.04864977659329017,0.025402921241990062,0.013542150265237196,2.324685535130011,3.5107626328052977,1.1860770976752866,0.9252074756004479,0.9457921594057663,24.283299491213327,83.30955330840712,26.60798502634334,91.28493217256327,27.794062124018627,95.35404778975582
799,0.7009880511613253,0.9566618822339517,0.37885312930251086,0.9854652778650432,0.7210004234865062,0.982025188218366,0.9722388457366287,0.9872931294117079,0.29901194883867466,0.043338117766048345,0.027761154263371335,0.012706870588292118,1.557696350267701,3.0631247177756227,1.5054283675079216,0.9489665638700415,0.9456538849510191,25.567383107262632,85.50622544203728,27.125079457530333,90.71570404754988,28.630507825038254,95.75038033174124
800,0.7373297177777285,0.8935758470489218,0.41444567863405557,0.9470827028389042,0.7454012279431043,0.9619791222297428,0.9314146835983321,0.9694422494282904,0.2626702822222715,0.10642415295107821,0.06858531640166787,0.03055775057170962,3.7838836549410337,7.586640237936859,3.8027565829958254,0.9120055656967225,0.9263502658508633,15.62461292711933,59.48374819918831,19.408496582060366,73.8891983434841,23.21125316505619,88.36649874771457
801,0.7502501027065807,0.9618774604998359,0.41132553365011576,0.9456225864359178,0.7491339783539253,0.9701462068443493,0.9759212351867259,0.9898553177617838,0.24974989729341934,0.03812253950016409,0.02407876481327409,0.010144682238216185,1.4043774686889998,2.7977857261947903,1.3934082575057904,0.9105995276790319,0.934214865850114,21.162735779325526,84.73571364260634,22.567113248014525,90.35884896281455,23.960521505520315,95.93806349946256
802,0.6742723110161957,0.9553453533161493,0.4855549952153992,0.9255473524162606,0.7251619287907571,0.9329961171852861,0.9746774468874279,0.9864179821062451,0.32572768898380433,0.04465464668385066,0.025322553112572144,0.013582017893754905,1.933209357127852,3.1072628790095758,1.1740535218817238,0.891267820845288,0.8984407054376828,28.107304229995368,86.29080419194239,30.04051358712322,92.22585184834219,31.214567109004943,95.83025381227868
803,0.6158537128911956,0.9389359809664547,0.5297276422497723,0.9427738059242501,0.8364719163743306,0.9820389534966059,0.9685785519816273,0.98928640863056,0.3841462871088044,0.0610640190335453,0.031421448018372655,0.010713591369439945,2.9642571015172647,5.035042766410536,2.070785664893271,0.9078562575566852,0.9456671404041389,32.308226807525905,84.10396739920859,35.272483909043174,91.82044729499808,37.343269573936446,97.21106470920921
804,0.7686762661349176,0.9693977567625695,0.628466726279315,0.9634316273560166,0.8059418714140014,0.9936056238118828,0.9879725668104866,0.9938722699624177,0.23132373386508243,0.03060224323743055,0.012027433189513381,0.0061277300375822685,1.8574810047917167,2.447451319984828,0.5899703151931113,0.9277489744909789,0.9568054155225537,20.072149062765188,86.77081563309062,21.929630067556904,94.80060563239556,22.519600382750017,97.3510154210306
805,0.8224250162856853,0.9349449751352465,0.6048397696906602,0.9666814052839536,0.6775549596410283,0.9687169325210316,0.9723430567937543,0.9773634774010908,0.17757498371431468,0.06505502486475345,0.027656943206245677,0.022636522598909248,3.7398081658507776,4.24185022658442,0.5020420607336429,0.9308783902734368,0.9328385276128452,11.251995884956123,63.36475808472271,14.9918040508069,84.42520301691788,15.493846111540543,87.25241465581254
806,0.8248341442339495,0.9276822076048282,0.6409109114005934,0.9440127983492187,0.6021331112297972,0.9817444448174706,0.9712008729603558,0.9693749319047168,0.17516585576605048,0.07231779239517178,0.028799127039644157,0.030625068095283203,4.351866535552762,4.169272429988857,-0.18259410556390465,0.9090493613733217,0.9453835394538606,10.28480633708787,58.71467525511444,14.636672872640633,83.55893794843902,14.454078767076728,82.5165309978072
807,0.5597928207002264,0.955914260335466,0.4432779963667068,0.9387360017967786,0.5893835153579506,0.9599886633935533,0.9733771079010329,0.9806551319033314,0.4402071792997736,0.044085739664533996,0.026622892098967066,0.019344868096668577,1.746284756556693,2.474087156786542,0.7278024002298489,0.9039680017302312,0.9244335277123105,39.61214396352396,89.98522928802296,41.35842872008065,93.95219038878115,42.0862311203105,95.60550826830222
808,0.7042784798421297,0.9625808185291463,0.5339147378467392,0.9442562207555608,0.7199759207951979,0.9587759470641976,0.9811731249613752,0.9887738127109511,0.29572152015787034,0.03741918147085366,0.01882687503862479,0.011226187289048895,1.8592306432228867,2.6192994181804763,0.7600687749575896,0.9092837681349845,0.9232657268025606,25.83023386870167,87.3464800766351,27.689464511924555,93.63357965001191,28.449533286882144,96.20379765292164
809,0.7246568513524093,0.9858013205307868,0.4804256521194754,0.9488388941063661,0.7884556596911334,0.9796882493806267,0.9921746832925731,0.996899558972991,0.2753431486475907,0.01419867946921316,0.007825316707426921,0.0031004410270090155,0.6373362761786239,1.1098238442204145,0.4724875680417906,0.9136967128431673,0.9434034994035664,26.114446917837753,94.84327845491957,26.751783194016376,97.15797660270005,27.22427076205817,98.87397197197842
810,0.727582479485161,0.9380346122839616,0.6665156822384258,0.9680262251265481,0.7683624680357325,0.9930563176037543,0.9777491779707951,0.9848251471718091,0.27241752051483903,0.061965387716038434,0.02225082202920492,0.015174852828190866,3.9714565686833514,4.679053488784756,0.7075969201014054,0.9321734019737129,0.9562764539888005,21.04521327988006,77.25352334206306,25.01666984856341,91.83208848419392,25.724266768664815,94.42956062462059
811,0.7303008869547055,0.9076863747487812,0.5682696718812406,0.9429111775860004,0.8623298824192953,0.9811154926712596,0.9555056346485657,0.9859299513208519,0.2696991130452945,0.09231362525121878,0.04449436535143425,0.014070048679148073,4.781925989978452,7.82435765720707,3.042431667228618,0.9079885413791114,0.9447778818315833,17.73854877940757,65.77162445628242,22.520474769386023,83.50222036363847,25.56290643661464,94.78305711862498
812,0.7785341096496169,0.9399912710777958,0.5246461994211653,0.9286159191365045,0.7275574365373013,0.9771305820167149,0.9683549327861847,0.9825115775386382,0.2214658903503831,0.06000872892220421,0.031645067213815326,0.01748842246136184,2.8363661708388888,4.252030646084237,1.4156644752453484,0.8942227369462635,0.9409405604605402,16.14571614281789,72.90385041811004,18.98208231365678,85.71108753417992,20.397746788902126,92.10333364036636
813,0.7132968252199456,0.9531155508979483,0.6604340410699101,0.9235840650500445,0.5446541943872385,0.9698414154700973,0.9822357565359652,0.9774260384644495,0.28670317478005436,0.046884449102051695,0.017764243464034823,0.02257396153555047,2.912020563801687,2.4310487566501227,-0.4809718071515645,0.8893772478259687,0.9339213630452788,23.981872567800266,83.647042228249,26.893893131601953,93.80395997440114,26.412921324450387,92.12636499303916
814,0.768866062235131,0.9539705372591101,0.42331358805670677,0.9417038492595255,0.594211532405623,0.9754787814330258,0.9713001406522573,0.9803233054297186,0.231133937764869,0.046029462740889926,0.028699859347742662,0.019676694570281428,1.7329603393147264,2.63527681706085,0.9023164777461234,0.9068259289165801,0.939349937676247,18.51044750239791,80.08537249613453,20.243407841712635,87.58301804344335,21.145724319458758,91.48688645182933
815,0.6996343922623539,0.9589921352953116,0.6029799967723612,0.8835715007221397,0.7123514735210628,0.9898659900342917,0.9811480046240061,0.987726328609152,0.3003656077376461,0.041007864704688424,0.018851995375993913,0.012273671390848007,2.215586932869451,2.8734193313840417,0.6578323985145906,0.8508466303250234,0.9532042866996882,25.935774303295766,86.34735014652321,28.15136123616522,93.72365048116289,28.809193634679808,95.91375607770367
816,0.8215375124549724,0.9623377552053272,0.3364488826659168,0.9535233873110227,0.6200173289254761,0.9701646242645282,0.973487416193055,0.9849030055107824,0.17846248754502758,0.03766224479467284,0.02651258380694499,0.015096994489217641,1.114966098772785,2.25652503054552,1.1415589317727348,0.9182077062995033,0.9342326011436197,14.080024275035473,78.89626816662502,15.19499037380826,85.14388980471,16.336549305580995,91.54052221455865
817,0.690526062047704,0.9745436960137842,0.5780496303510086,0.9695286319064694,0.6307983483567281,0.971765384554372,0.9887595050212088,0.9901733054672174,0.30947393795229605,0.02545630398621579,0.011240494978791205,0.00982669453278262,1.4215809007424585,1.5629609453433169,0.1413800446008584,0.9336201640580816,0.9357740740153211,28.401763396608025,91.77433028620983,29.823344297350484,96.36787024679155,29.964724341951342,96.82471015239501
818,0.7223656208579093,0.9511269074100732,0.4227252281075816,0.944293421653933,0.8651276250641885,0.9686386477232711,0.9695438894101099,0.9928961076238202,0.27763437914209066,0.04887309258992678,0.030456110589890062,0.00710389237617981,1.841698200003672,4.176920021374697,2.335221821371025,0.9093195912223059,0.9327631422520388,22.876128655216387,82.39659917444374,24.71782685522006,89.03013715952558,27.053048676591086,97.44127784241586
819,0.6749925328203734,0.9478732221407473,0.5348459956297185,0.9434620621242678,0.759605636002292,0.9816763961864424,0.9736023916665306,0.9867120800252599,0.3250074671796266,0.05212677785925268,0.02639760833346938,0.013287919974740103,2.57291695257833,3.883885788451258,1.3109688358729277,0.9085190227863319,0.9453180111425,27.28806893203739,83.96135993071107,29.860985884615722,91.87784558842772,31.17195472048865,95.91150317558824
820,0.8765660803204197,0.9679824578348916,0.545104185673471,0.9433359852806685,0.6634909282043155,0.9649624626865512,0.984300217946954,0.9885968176695428,0.12343391967958028,0.03201754216510844,0.015699782053046007,0.011403182330457229,1.631776011206243,2.061435983465121,0.42965997225887786,0.9083976154554585,0.9292231122166789,9.141637751447185,74.06098562840575,10.773413762653428,87.28082030142058,11.203073734912305,90.76171091377596
821,0.6528797400237152,0.9247904870357476,0.33426479592023006,0.9256007951926616,0.655454588932248,0.9778137830758385,0.9447389602144999,0.9721420305245607,0.3471202599762848,0.07520951296425238,0.05526103978550012,0.02785796947543928,1.9948473178752257,4.735154348881309,2.740307031006084,0.8913192842595999,0.9415984577767333,27.191074701203245,78.33329781171786,29.18592201907847,84.0801456563568,31.926229050084554,91.9745481069464
822,0.7633178114290481,0.9648400881223151,0.5260976382050385,0.9605233121107521,0.7270836544825529,0.9582650796546476,0.9823382211032137,0.9897280662610416,0.2366821885709519,0.03515991187768486,0.01766177889678633,0.010271933738958405,1.7498132980898529,2.488797813872645,0.7389845157827923,0.9249483746251687,0.9227737804081791,20.152227669326706,85.1446735007925,21.902040967416557,92.53776593691936,22.64102548319935,95.66003094657074
823,0.6847085830528319,0.9577469907993049,0.488902205553666,0.9228057834748962,0.7850960800332503,0.9721460795984657,0.976148460227912,0.990341611210747,0.3152914169471681,0.04225300920069508,0.023851539772087982,0.009658388789252959,1.8401469428607098,3.259462041144212,1.4193150982835023,0.8886277914943445,0.9361406692429669,27.303840774647302,86.59874423166578,29.14398771750801,92.43508116934098,30.563302815791516,96.93667880883945
824,0.7419731668011207,0.867995032162076,0.4689657605394012,0.921174769898928,0.8039420279906577,0.9745301863260245,0.9193960783091129,0.9703124837296887,0.2580268331988793,0.13200496783792404,0.08060392169088715,0.029687516270311298,5.140104614703689,10.231745156761274,5.0916405420575845,0.8870571858285973,0.9384364757213569,12.602186536095527,48.84060459860057,17.74229115079922,68.76141884485321,22.8339316928568,88.49440738303794
825,0.8746122163671813,0.8930916729745396,0.6292419137190249,0.9389667600459031,0.7284199705759264,0.9500291420340756,0.9548665445948276,0.9669125281861272,0.12538778363281866,0.10690832702546038,0.04513345540517244,0.03308747181387284,6.177487162028794,7.382085521158754,1.2045983591299603,0.9041902133775362,0.914842877514295,1.847945660735828,14.73784452676259,8.025432822764621,64.00490215431216,9.230031181894581,73.61188557988626
826,0.719523707541143,0.9497578267272735,0.44811163467688714,0.9330874713394569,0.7506391279451581,0.9623141669590725,0.9696607911767432,0.9864775872796056,0.28047629245885697,0.05024217327272651,0.030339208823256802,0.01352241272039445,1.9902964449469707,3.671976055233206,1.6816796102862352,0.8985286761046621,0.9266729015161438,23.023411918613046,82.08683777432043,25.013708363560017,89.18296852925377,26.695387973846252,95.17876801570384
827,0.7024936784611628,0.9489181904272392,0.6339082288132927,0.9369232640040622,0.8460566647323186,0.9846669443240379,0.9793992415661302,0.9916541748987201,0.29750632153883716,0.05108180957276076,0.02060075843386977,0.008345825101279902,3.048105113889099,4.2735984471480855,1.2254933332589868,0.9022224023742821,0.9481977982379624,24.642451196607638,82.8300086840029,27.69055631049674,93.07552245366978,28.916049643755727,97.19474024682518
828,0.8763901220719525,0.9207769503465536,0.5800908368503837,0.932557304323284,0.6946738314022162,0.9939389378449327,0.9627033831573681,0.9742503106726736,0.12360987792804745,0.0792230496534464,0.03729661684263186,0.025749689327326353,4.192643281081454,5.347336032612004,1.1546927515305505,0.8980181449039031,0.9571263845914166,4.438682827460106,35.90880358318803,8.63132610854156,69.8271550236932,9.78601886007211,79.1685828358191
829,0.820325962053881,0.9378783470641234,0.5475908649724717,0.9408550687087233,0.6323274774175972,0.981497239582047,0.9691334070576838,0.9757883593890101,0.17967403794611903,0.06212165293587657,0.030866592942316196,0.024211640610989904,3.1255059993560375,3.7910012324886666,0.6654952331326291,0.9060085846824742,0.945145489967897,11.755238501024245,65.4253593641026,14.880744500380283,82.82078296054519,15.546239733512913,86.5246860994739
830,0.7659722595312699,0.9587452760970848,0.3743387637874685,0.9598953131092101,0.6532160543652402,0.9447189395110037,0.972718209404779,0.9844503496851879,0.2340277404687301,0.04125472390291518,0.027281790595220956,0.015549650314812147,1.3972933307694224,2.5705073588103033,1.173214028040881,0.924343634845906,0.9097293491587443,19.277301656581493,82.37186590773948,20.674594987350915,88.3424971156929,21.847809015391796,93.3556379753665
831,0.7708408004574061,0.9570392625422537,0.5207700558166676,0.9736112026074696,0.7757414610243871,0.9789396828031314,0.9783823263638418,0.9898213114087052,0.2291591995425939,0.04296073745774631,0.021617673636158186,0.010178688591294782,2.1343063821588126,3.278204886645153,1.1438985044863403,0.9375515284368225,0.9426826575141265,18.61984620848476,81.25288552958085,20.75415259064357,90.5665259438384,21.89805109512991,95.55824570359312
832,0.7411116823819949,0.9194015761994327,0.19643183838725026,0.9275216811973069,0.7873605772655934,0.9628436146615408,0.9294123996805163,0.9810075202777573,0.2588883176180051,0.08059842380056725,0.07058760031948375,0.018992479722242717,1.0010823481083508,6.160594407832454,5.159512059724102,0.8931690263381473,0.9271827400444467,17.82898938174379,68.8674929243073,18.830071729852136,72.73434314497067,23.98958378957624,92.66383284615164
833,0.7582753408235757,0.950197101181452,0.6481530373150208,0.9355689561497864,0.8531057345967089,0.9616000616603188,0.9806695652437094,0.9920569393378794,0.24172465917642427,0.04980289881854805,0.019330434756290593,0.007943060662120582,3.0472464062257454,4.1859838156427465,1.138737409417001,0.9009182540701647,0.9259852445617883,19.19217603578762,79.39684805504304,22.239422442013367,92.00311841491433,23.378159851430368,96.71400481474119
834,0.6209633635772924,0.9760942139699562,0.5197139422769907,0.9264639631101729,0.7369542644967713,0.9819537776332887,0.9874627165384028,0.9934820423962645,0.3790366364227076,0.023905786030043785,0.012537283461597215,0.006517957603735525,1.136850256844657,1.738782842630826,0.601932585786169,0.8921504829949812,0.9455851192024262,35.51308503926638,93.69301441262694,36.64993529611104,96.69232938010366,37.251867881897205,98.2803884961488
835,0.6930005243158023,0.9518698835345322,0.45485214683100283,0.9779878962971684,0.6833437497172277,0.9735531826692057,0.9725874882496455,0.9838198226011491,0.3069994756841977,0.04813011646546783,0.02741251175035453,0.016180177398850915,2.0717604715113302,3.1949939066616917,1.1232334351503614,0.9417661223602362,0.9374956573851609,25.88693592187299,84.32241085812862,27.95869639338432,91.0708278282035,29.08192982853468,94.72957490797313
836,0.7797871314290137,0.9554576766101395,0.3662935591524262,0.9626200673584914,0.7436017034449964,0.9548586749832748,0.9702239813484393,0.9876366926325006,0.22021286857098632,0.04454232338986053,0.029776018651560654,0.012363307367499354,1.4766304738299874,3.2179016022361173,1.74127112840613,0.9269674722711397,0.9194935388727831,17.567054518112577,79.77306063950473,19.043684991942566,86.4785292318363,20.784956120348696,94.38574709655808
837,0.7389249109961425,0.9238508806988003,0.555444999487873,0.9263443063201899,0.7364332538921552,0.9963078488615931,0.9619488277538083,0.9786601205073189,0.26107508900385745,0.07614911930119972,0.0380511722461917,0.021339879492681124,3.809794705500802,5.480923980851859,1.6711292753510576,0.8920352579379607,0.9594075581630155,18.492596970265772,70.83248363842381,22.302391675766575,85.42519993333049,23.97352095111763,91.82615255476718
838,0.48426508988244477,0.9355392519027963,0.47913858663963854,0.9481844822555391,0.7545353392366692,0.9664538808718082,0.9635306353881605,0.9828008613348048,0.5157349101175552,0.0644607480972037,0.03646936461183947,0.01719913866519518,2.799138348536423,4.726160943200853,1.9270225946644293,0.9130665384682969,0.9306592926913708,45.12741620203515,87.5011858160793,47.92655455057157,92.92866084951923,49.853577145236,96.6651203306608
839,0.7474703110583067,0.9267332163824775,0.30033730387798546,0.9531786461745482,0.8577072677937118,0.9827865635300037,0.9451510840109033,0.9886829573315143,0.25252968894169325,0.07326678361752248,0.05484891598909669,0.011317042668485655,1.8417867628425788,6.1949740949036824,4.353187332061104,0.9178757333532686,0.9463870611770405,17.926290532417077,70.98686339631175,19.768077295259655,78.2802108461153,24.12126462732076,95.51852983468464
840,0.7782119452472849,0.92915635984681,0.3681245185907007,0.9448990298177862,0.7271441977701537,0.9708528344264703,0.9514866925760906,0.9790210435271501,0.22178805475271512,0.07084364015319,0.04851330742390936,0.020978956472849863,2.2330332729280644,4.986468368034014,2.7534350951059494,0.9099027694541644,0.9348953220403047,15.094441459952513,68.05795504533467,17.327474732880578,78.12627579154352,20.080909827986527,90.54098901032313
841,0.8077559995569537,0.9343880886191979,0.6218516550704233,0.947370864184214,0.7877055895367637,0.9828878906225551,0.9727358173006064,0.9850599302602061,0.19224400044304635,0.06561191138080213,0.02726418269939357,0.014940069739793893,3.8347728681408566,5.067184164100825,1.2324112959599676,0.9122830543996134,0.9464846354143123,12.66320890622442,65.87050247103024,16.49798177436528,85.81792792671791,17.730393070325245,92.22858986217362
842,0.7531366195161532,0.936214697915788,0.4072731370429345,0.9622326979997488,0.6985642911688963,0.9831288770451118,0.9597222479663522,0.9795378792694505,0.24686338048384682,0.06378530208421196,0.04027775203364781,0.020462120730549538,2.350755005056415,4.332318135366242,1.981563130309827,0.926594449925684,0.9467166964138113,18.307807839963488,74.16169949581256,20.6585628450199,83.68419327536377,22.640125975329727,91.71115590718874
843,0.7105111640097302,0.9610040915323507,0.5140763647664468,0.9414913850729228,0.859244077565354,0.9594902532119685,0.979486307183098,0.9940824447725376,0.28948883599026975,0.03899590846764933,0.020513692816901963,0.005917555227462401,1.848221565074737,3.307835324018693,1.4596137589439562,0.9066213337739256,0.9239535771670807,25.04929275226204,86.52939125121908,26.89751431733678,92.91382248067367,28.357128076280734,97.95586064408324
844,0.6317802276853609,0.952168671337205,0.554793472274385,0.9436636840439874,0.6156310574484177,0.9675823823181438,0.9768489729417051,0.9804350950548981,0.3682197723146391,0.04783132866279505,0.02315102705829486,0.01956490494510188,2.4680301604500188,2.8266423717693168,0.358612211319298,0.9087131772275433,0.9317459977878421,32.0388443651844,87.01011399737551,34.50687452563442,93.71271485157712,34.86548673695372,94.68662293115973
845,0.8104834277657477,0.937909648323424,0.6561648719521893,0.9710657814441858,0.744986515433382,0.9563316980655577,0.977096483846785,0.982653254465621,0.18951657223425233,0.06209035167657595,0.022903516153214953,0.017346745534378982,3.9186835523360997,4.474360614219696,0.5556770618835971,0.9351003821314381,0.9209120055446111,12.742622055767638,67.2375080740543,16.66130560810374,87.91476867526656,17.216982669987335,90.84684503847109
846,0.7354841895300678,0.8488510583325206,0.49809834706668044,0.9380798437381848,0.7563164547589429,0.9799582843425474,0.9130175633224137,0.9575990171577107,0.2645158104699322,0.1511489416674794,0.08698243667758632,0.042400982842289325,6.416650498989307,10.874795882519006,4.458145383529699,0.9033361458219556,0.9436635330706011,11.336686880245283,42.85825811358802,17.75333737923459,67.1163562877185,22.21148276276429,83.97034084013323
847,0.7098801414988615,0.8996077884373279,0.6715184885964336,0.9608033180915466,0.7646203381339677,0.9814383413698594,0.9632495985491096,0.973933540223467,0.29011985850113853,0.10039221156267208,0.03675040145089037,0.02606645977653299,6.364181011178172,7.432575178613909,1.0683941674357378,0.9252180100140819,0.9450887731709757,18.972764693846646,65.39629790206929,25.336945705024817,87.33268324314099,26.405339872460555,91.01527902598549
848,0.7818048314673597,0.9590097876989173,0.6069753137767323,0.9214305710659512,0.7405903390057623,0.993258878243805,0.9820952625639512,0.9889602395464875,0.21819516853264032,0.040990212301082685,0.017904737436048812,0.011039760453512515,2.3085474865033873,2.995045184757017,0.6864976982536297,0.8873035128783233,0.9564715123829233,17.720495623155763,81.2139688624907,20.02904310965915,91.79416411625522,20.71554080791278,94.94041938336454
849,0.7869782134756085,0.9518437424450686,0.4742304593319495,0.9786894258594148,0.7235731232814997,0.9670355816266976,0.9735399076939413,0.9857442802876565,0.21302178652439152,0.04815625755493136,0.026460092306058725,0.014255719712343518,2.1696165248872634,3.390053784258784,1.2204372593715207,0.9424416693461031,0.9312194489738569,16.486552896946016,77.39374064003667,18.65616942183328,87.57869195551555,19.8766066812048,93.30785834400501
850,0.9114542232010755,0.9411522791388681,0.5920029596623634,0.933308594326257,0.690373885681694,0.9601110751941551,0.9733933693735274,0.9802341417113181,0.0885457767989245,0.05884772086113188,0.026606630626472616,0.019765858288681937,3.2241090234659264,3.9081862572449944,0.6840772337790679,0.8987416093512104,0.9245514057425196,2.9698055937792622,33.53977683795456,6.193914617245189,69.95155320971132,6.877991851024257,77.67724333869978
851,0.7285276280853075,0.9420901175425818,0.5635262982230872,0.9443442126209333,0.8371445385378308,0.9906446952491806,0.9723737943650095,0.9899958996289535,0.27147237191469253,0.05790988245741824,0.02762620563499052,0.010004100371046487,3.028367682242772,4.790578208637175,1.7622105263944032,0.9093685010423801,0.9539541509806924,21.35624894572743,78.66822246073136,24.384616627970203,89.82356641298594,26.146827154364605,96.3148734803149
852,0.7039718912847307,0.9683266886005721,0.6165494141382659,0.9544111363315656,0.7216921874781338,0.9628628869034244,0.9870289431097631,0.9906341795567296,0.2960281087152693,0.03167331139942786,0.01297105689023692,0.00936582044327039,1.870225450919094,2.230749095615747,0.3605236446966531,0.9190625757266927,0.9272012984995938,26.435479731584145,89.30057299731209,28.30570518250324,95.61830227996595,28.66622882719989,96.83617191491813
853,0.8306450484355776,0.9427099605453793,0.5210501625225281,0.9410215418797987,0.798805374990059,0.9567705694514267,0.9699971876700632,0.9873818773721621,0.16935495156442237,0.057290039454620745,0.030002812329936845,0.012618122627837902,2.72872271246839,4.467191682678284,1.7384689702098943,0.9061688921805469,0.9213346224347071,11.206491210980163,66.17161829317538,13.935213923448552,82.28406547739833,15.673682893658448,92.54930398475064
854,0.7308664160893898,0.9735045311438261,0.5176287258347821,0.9417984225419949,0.8727360940756237,0.966123620254755,0.9862518287949947,0.9964276668176082,0.26913358391061015,0.02649546885617393,0.013748171205005266,0.003572333182391807,1.2747297651168665,2.2923135673782125,1.017583802261346,0.9069169994848839,0.9303412639490233,24.263811505443623,90.15527216217872,25.53854127056049,94.89169244312089,26.556125072821835,98.67265425203185
855,0.7162138573481139,0.9256215411299721,0.4973102559421817,0.9640633360993013,0.7393832592853034,0.9565163206228655,0.9597855273946873,0.9785751480636884,0.28378614265188606,0.07437845887002792,0.040214472605312745,0.021424851936311606,3.4163986264715174,5.295360693371631,1.878962066900114,0.928357286614142,0.921089790229426,20.940768378185815,73.79066568403016,24.35716700465733,85.82930363353121,26.236129071557446,92.45035302425144
856,0.8492355915700031,0.9750796894204338,0.44702634420953113,0.8652287514470254,0.6167204975952141,0.934190207577239,0.9839287196683506,0.9896231989264862,0.15076440842999694,0.02492031057956623,0.016071280331649396,0.010376801073513797,0.8849030247916834,1.4543509506052432,0.5694479258135599,0.8331832421341725,0.8995905702595635,12.584409785043071,83.47069388652346,13.469312809834754,89.340136376344,14.038760735648314,93.11720771395991
857,0.5410329169803474,0.943671213626731,0.46616163617366413,0.966727844993586,0.6520109452791721,0.9802206624679766,0.9680897034001339,0.9792487414986746,0.4589670830196526,0.05632878637326899,0.031910296599866106,0.02075125850132542,2.4418489773402885,3.557752787194357,1.1159038098540686,0.9309231099938235,0.9439161934876811,40.263829664638365,87.7270531030965,42.70567864197865,93.0473670595458,43.82158245183272,95.4787044062511
858,0.7453155228743821,0.9619417058461676,0.3565304549775871,0.9373539167776298,0.8607159730283691,0.9772088271666661,0.9735584450647419,0.9943924607733076,0.2546844771256179,0.03805829415383244,0.026441554935258127,0.005607539226692437,1.1616739218574312,3.245075492714,2.083401570856569,0.902637105045125,0.9410159076419747,21.662618297178547,85.05668873762535,22.82429221903598,89.61791655554399,24.907693789892548,97.79824067411592
859,0.6854413208245868,0.8955894308618895,0.5799276630392908,0.9274432181491874,0.7134290182021851,0.9780607143911006,0.9498438193909813,0.96696953471678,0.31455867917541325,0.10441056913811053,0.05015618060901872,0.033030465283219956,5.425438852909181,7.138010385489057,1.7125715325798763,0.893093469328847,0.9418362434877265,21.014811003730273,66.8072839662815,26.440249856639454,84.05506383085708,28.15282138921933,89.4994265077008
860,0.7814250093920762,0.933610496497066,0.4305905629051308,0.9343682079281287,0.8480489147780169,0.9463749386080514,0.9584647849299381,0.9887113042120126,0.21857499060792385,0.06638950350293404,0.04153521507006186,0.011288695787987413,2.4854288432872185,5.510080771494663,3.0246519282074447,0.8997619780048646,0.9113240149559013,15.21854871049898,69.62621235014832,17.7039775537862,80.99727011103158,20.728629481993643,94.8353213894279
861,0.6226252596019903,0.9165391233746202,0.49632230073615446,0.9625324963016572,0.7996751504920343,0.9950184505918221,0.9545166180383537,0.981996963169771,0.37737474039800967,0.08346087662537982,0.04548338196164625,0.01800303683022897,3.797749466373357,6.545783979515085,2.7480345131417283,0.9268831445867809,0.9581659153847175,29.391386377262986,77.88382006242513,33.18913584363634,87.9474227889032,35.93717035677807,95.22940067179867
862,0.8527390728299453,0.926082557755953,0.5656380992792288,0.9548145506000159,0.7063017127892819,0.9837140303948803,0.9649619357557917,0.9767243515102838,0.14726092717005468,0.07391744224404695,0.0350380642442083,0.023275648489716194,3.887937799983865,5.064179375433076,1.1762415754492106,0.9194510487259412,0.9472801774172921,7.334348492600773,49.805122333171106,11.222286292584638,76.2068154007024,12.398527868033849,84.19428090192734
863,0.7652618107077044,0.9167004201402689,0.6437777691408524,0.9645714719182965,0.7786917811544235,0.9703006514369377,0.9675311474025734,0.9796952520060259,0.23473818929229562,0.08329957985973113,0.0324688525974266,0.02030474799397408,5.083072726230453,6.299483186575705,1.216410460345252,0.9288466025879891,0.9343635902726066,15.143860943256449,64.51383555830081,20.2269336694869,86.16805697644858,21.443344129832155,91.35004489248631
864,0.733406041061845,0.9490745279518877,0.5750803145444969,0.9477718660829993,0.693944849477989,0.9742330921900411,0.9765083381811884,0.9834227753510999,0.26659395893815496,0.050925472048112264,0.02349166181881157,0.016577224648900102,2.7433810229300692,3.434824739921216,0.6914437169911469,0.9126692043762216,0.9381503850718913,21.56684868900427,80.89773967461653,24.31022971193434,91.18822425220024,25.001673428925486,93.78184535203751
865,0.6681548677224363,0.9588061303190935,0.40002927962175416,0.9373266144019,0.7445780627119521,0.9533762571018961,0.9732355177468502,0.9886204460494262,0.33184513227756374,0.04119386968090655,0.026764482253149757,0.011379553950573773,1.442938742775679,2.9814315730332774,1.5384928302575984,0.9026108138684963,0.9180660253573814,29.065126259665718,87.5864173754247,30.5080650024414,91.93464672226584,32.046557832698994,96.57082390437006
866,0.7320558151376708,0.9689022533407379,0.4988112253516594,0.9526269852805835,0.7635242068980277,0.9696353707458626,0.9833943785882092,0.9922332207801242,0.2679441848623292,0.031097746659262127,0.016605621411790783,0.007766779219875786,1.4492125247471344,2.333096743938634,0.8838842191914997,0.9173445043442656,0.9337229496071269,23.684643820306704,88.39394604692008,25.13385634505384,93.80258189953896,26.01774056424534,97.1013443624961
867,0.8388169466867653,0.8653752574349581,0.35001399136315114,0.9507416715414658,0.7182807922422304,0.9459851424660116,0.9038682152832767,0.9557223758935434,0.16118305331323468,0.13462474256504187,0.09613178471672335,0.04427762410645664,3.849295784831852,9.034711845858522,5.185416061026671,0.9155290170399301,0.9109486557080111,2.6558310748192815,16.47711108721882,6.505126859651133,40.358627820565054,11.690542920677805,72.52960333217548
868,0.7727172202049194,0.9249180464575805,0.4308975550786132,0.9732638882692247,0.8366601549273921,0.9641854367467649,0.9546839772571573,0.986434613084295,0.2272827797950806,0.07508195354241953,0.04531602274284274,0.013565386915704969,2.976593079957679,6.151656662671456,3.1750635827137774,0.9372170775925868,0.9284748650154032,15.220082625266107,66.96540159790644,18.196675705223786,80.0618318802243,21.371739287937565,94.03149375067676
869,0.6891828002328655,0.974879036129152,0.55525143148061,0.9492736078545198,0.7816566819132191,0.9865425174058643,0.9880711944783477,0.9943292580481101,0.3108171997671345,0.025120963870847945,0.01192880552165232,0.005670741951889879,1.3192158349195626,1.9450221918958066,0.625806356976244,0.9141153260821301,0.9500039056500915,28.569623589628655,91.91776906501035,29.88883942454822,96.16211537502126,30.514645781524464,98.17553791870642
870,0.8114105989048842,0.9696719028907413,0.4447258091366302,0.9525323404069034,0.6409814211838478,0.9800527385866974,0.9820938952849728,0.9886723398435594,0.1885894010951158,0.030328097109258656,0.017906104715027182,0.0113276601564406,1.2421992394231474,1.9000436952818056,0.6578444558586583,0.9172533648362773,0.9437544890094123,15.826130398585715,83.91845091338799,17.068329638008862,90.50524334291927,17.72617409386752,93.99347996723981
871,0.8776443431059239,0.9533067708475605,0.464546246788495,0.9111508761584767,0.9309929467967318,0.9650265238915248,0.9720212278690012,0.9965097461534692,0.12235565689407613,0.04669322915243945,0.027978772130998752,0.0034902538465307886,1.87144570214407,4.320297530590866,2.4488518284467964,0.8774045474118664,0.9292848007844312,7.566242774163667,61.83811166747933,9.437688476307738,77.13324186128958,11.886540304754533,97.14745199762008
872,0.8276475142295585,0.9552897845115945,0.5851131491362991,0.9488569873051341,0.8138727622688073,0.9593062418013325,0.9799459242462122,0.9910009151464897,0.1723524857704415,0.04471021548840548,0.020054075753787814,0.008999084853510309,2.4656139734617666,3.571113063489517,1.1054990900277506,0.9137141359234624,0.9237763809938757,12.764227028203601,74.05885079722285,15.229841001665367,88.36449868178977,16.33534009169312,94.77867417270889
873,0.7477007745683809,0.9804930207884106,0.5336469038855958,0.9358328221114883,0.6524394865146108,0.9734874003968309,0.9901830272900205,0.9929470355748553,0.2522992254316191,0.019506979211589393,0.009816972709979499,0.007052964425144692,0.9690006501609894,1.24540147864447,0.2764008284834807,0.9011723472184702,0.9374323114932446,23.27922462200297,92.26831585462936,24.24822527216396,96.10899609652579,24.52462610064744,97.20452394846679
874,0.8028020379056819,0.9352354319568397,0.5218986725006237,0.9351173285634928,0.7956625392005452,0.9770557162229221,0.9658052123697146,0.9857241952185899,0.19719796209431806,0.06476456804316033,0.034194787630285384,0.014275804781410106,3.0569780412874947,5.048876326175023,1.9918982848875277,0.9004833534315115,0.9408684674739249,13.243339405115773,67.15758755550222,16.300317446403266,82.65966480225069,18.292215731290796,92.76067326974601
875,0.7913383958560894,0.9650848233052385,0.442580246771706,0.9087459274375425,0.6234263069406215,0.9541592447117028,0.9782901747794187,0.9859226561141643,0.20866160414391055,0.03491517669476152,0.02170982522058129,0.014077343885835703,1.3205351474180227,2.0837832808925816,0.7632481334745589,0.8750886708657816,0.9188200134260841,17.374642744914905,83.26708124476936,18.695177892332925,89.59567798318642,19.458426025807483,93.25350538562581
876,0.8960130074699297,0.9276092870018515,0.5003359193577342,0.8856993182397797,0.7298321290545946,0.9792477766625265,0.9578305189189847,0.9789230660741144,0.10398699253007027,0.07239071299814848,0.04216948108101526,0.02107693392588561,3.0221231917133218,5.131377907226287,2.109254715512965,0.8528956397864544,0.9429793404898402,3.159627953192179,30.384838298679504,6.181751144905501,59.447350043496094,8.291005860418466,79.73118232091313
877,0.6753417525073387,0.9299587957803378,0.28421064144091746,0.9694101128712102,0.8554823673847745,0.9764258632440055,0.9473178707343719,0.9889755478681772,0.32465824749266126,0.0700412042196622,0.0526821292656281,0.011024452131822793,1.7359074954034104,5.90167520878394,4.16576771338053,0.9335060346167209,0.9402619423831163,25.461704327299906,78.42617436624786,27.197611822703315,83.77305068560781,31.363379536083848,96.60429013679315
878,0.6657199785872704,0.9677087241136442,0.47165587983567686,0.9829887810496709,0.751567185355434,0.9311327062214669,0.982380698502259,0.9911755326653855,0.3342800214127296,0.03229127588635583,0.017619301497741047,0.008824467334614505,1.4671974388614784,2.3466808551741325,0.8794834163126541,0.9465817891589423,0.8966463096947459,30.198874552637378,90.34005210664793,31.666071991498857,94.72917902084647,32.54555540781151,97.36015712296515
879,0.7802738352052526,0.9482363011784611,0.6691212436392963,0.9257301641126772,0.6268821821851522,0.9855216677805086,0.9808618031831758,0.9797509693483608,0.21972616479474738,0.05176369882153886,0.01913819681682416,0.020249030651639188,3.26255020047147,3.1514668169899673,-0.11108338348150282,0.8914438617381335,0.9490208652701194,16.796246597320852,76.44172287360823,20.058796797792322,91.28997821688569,19.94771341431082,90.78442448101055
880,0.7516743266568048,0.9008161891917464,0.5571141780996693,0.957923654702022,0.8299321416449031,0.9769894084053787,0.9515602620568652,0.9811941934360212,0.24832567334319522,0.09918381080825356,0.04843973794313483,0.01880580656397879,5.074407286511873,8.037800424427477,2.963393137915604,0.9224450008241692,0.9408046155014758,14.914186253494165,60.058978408093196,19.98859354000604,80.49346356701938,22.951986677921642,92.42695839266347
881,0.7663101666458728,0.9106969385001871,0.44219131983638704,0.9253322039721448,0.7658117002649936,0.9691813620698723,0.9441866709346044,0.9768536709034685,0.23368983335412719,0.08930306149981293,0.0558133290653956,0.02314632909653147,3.348973243441733,6.615673240328146,3.266699996886413,0.8910606408620653,0.9332857560672844,14.438677185431425,61.78564543521006,17.787650428873157,76.11649241889886,21.054350425759573,90.09527767455072
882,0.6810667674928519,0.9673358469215891,0.3506381865060977,0.9678572235632444,0.7962865879554288,0.9815261621808901,0.9778466044243141,0.9930404875062466,0.3189332325071481,0.03266415307841086,0.022153395575685852,0.0069595124937533726,1.051075750272501,2.570464058465749,1.519388308193248,0.9320106597275687,0.9451733413593756,28.626907942873725,89.75830996925703,29.677983693146224,93.05390805419145,31.197372001339474,97.81787791788132
883,0.791741800704976,0.941618892557259,0.6446460810111029,0.9766464184101717,0.885098094081341,0.9720277465424413,0.9779386281948967,0.992724306566616,0.20825819929502398,0.058381107442741054,0.022061371805103258,0.007275693433383967,3.6319735637637796,5.110541400935709,1.478567837171929,0.9404743288394246,0.9360267188927212,14.987709185228294,71.9669584965359,18.619682748992073,89.40672113761508,20.098250586164003,96.5064072108503
884,0.7312505052693762,0.9493510644521997,0.5264863462366735,0.8915295761976616,0.8047717925464076,0.9793573552617366,0.9724446998781179,0.9894767364750937,0.2687494947306238,0.050648935547800256,0.02755530012188212,0.01052326352490629,2.3093635425918135,4.012567202289397,1.703203659697583,0.8585099622644148,0.943084860622413,21.810055918282355,81.15384901520753,24.11941946087417,89.74684579425845,25.822623120571752,96.08435969881391
885,0.7512240117600024,0.9027366508106338,0.30375237432437396,0.9755109680987115,0.4942509478801098,0.9763599075602916,0.9285923383696256,0.9471399649030872,0.24877598823999758,0.09726334918936619,0.07140766163037437,0.05286003509691284,2.5855687558991813,4.440331409245335,1.8547626533461536,0.9393809322432036,0.940198429502503,15.15126390506314,60.90324075186271,17.73683266096232,71.29640117779918,19.591595314308474,78.75195453111093
886,0.74567539156598,0.913290734477405,0.4100565221704824,0.9610286597290721,0.839237997907179,0.9595854107569788,0.9449281929049492,0.9843432082657656,0.25432460843402005,0.08670926552259495,0.05507180709505077,0.0156567917342344,3.1637458427544174,7.105247378836054,3.9415015360816374,0.9254350056650323,0.9240452103585721,16.76153429114251,65.9060654584316,19.925280133896926,78.34585987012808,23.866781669978565,93.84377633346627
887,0.6887849495642758,0.9259029933975665,0.5670690292755105,0.984821756136862,0.7085270830715963,0.9785701870026456,0.9660155448635983,0.976718507438695,0.31121505043572417,0.07409700660243346,0.03398445513640169,0.02328149256130496,4.011255146603176,5.081551404112849,1.070296257509673,0.9483468762799411,0.9423268467432884,23.71180438332907,76.19105936596185,27.723059529932247,89.0800733805062,28.79335578744192,92.51916238346791
888,0.6478991013470347,0.9194180336342417,0.4960790392355449,0.9385214421325971,0.825380419273197,0.9282293364297296,0.9550559819546035,0.9837796460432883,0.35210089865296534,0.08058196636575832,0.044944018045396494,0.01622035395671173,3.5637948320361823,6.436161240904658,2.8723664088684764,0.9037613887202787,0.8938504721175173,27.151893228720702,77.11395606371887,30.715688060756886,87.2354719293989,33.58805446962536,95.39326539103818
889,0.7481456881364675,0.9448602722060174,0.4870218893531186,0.9668275321146445,0.7338784267011931,0.976624334476401,0.969966658155973,0.984346992669984,0.25185431186353247,0.055139727793982574,0.03003334184402695,0.015653007330015956,2.5106385949955623,3.948672046396662,1.4380334514010995,0.9310191049992872,0.9404530628291268,19.67145840695499,78.10649840140117,22.182097001950552,88.07511309939353,23.62013045335165,93.78489603207684
890,0.7818462857940878,0.9318861324944276,0.46243337808119367,0.9557120732471241,0.6839109934333119,0.9868979005206093,0.9605106401039105,0.9771250576470867,0.21815371420591223,0.06811386750557236,0.03948935989608948,0.02287494235291332,2.8624507609482874,4.523892515265904,1.6614417543176163,0.9203153297935269,0.9503461264272534,15.003984670033987,68.7771222445103,17.866435430982275,81.89837837974373,19.527877185299893,89.5143007598202
891,0.7457025981457437,0.957481222557821,0.5707115521507391,0.9394116292298765,0.8126803029707806,0.949163188767346,0.9801107267256455,0.9913123249435344,0.2542974018542563,0.04251877744217902,0.019889273274354524,0.008687675056465616,2.26295041678245,3.3831102385713407,1.1201598217888908,0.9046186059250663,0.9140089965907775,21.17786244120773,83.27990096157274,23.440812857990178,92.17873516232244,24.56097267977907,96.58365559651108
892,0.8203933324474643,0.9586032756868574,0.6177639894883891,0.9251606205413083,0.7235299163701697,0.9602343432289454,0.982470836296195,0.9877190655157247,0.17960666755253574,0.04139672431314256,0.017529163703804973,0.012280934484275252,2.386756060933759,2.911578982886731,0.5248229219529721,0.8908954123731117,0.92467010829454,13.820994323939317,76.951454599516,16.207750384873076,90.24024890463623,16.732573306826048,93.1623170500154
893,0.7038388928049611,0.9375321819379747,0.49874137235203375,0.9586805085320622,0.7576805783998843,0.9857909687499439,0.9663344601828954,0.9838854537661742,0.29616110719503885,0.06246781806202528,0.03366553981710463,0.0161145462338258,2.8802278244920654,4.635327182819948,1.7550993583278829,0.9231738230308747,0.9492801921295755,23.369328913301356,78.90748766653999,26.249556737793423,88.63269382804746,28.004656096121305,94.55885805315637
894,0.7020447318254687,0.9433202723999686,0.528809976843504,0.9475275598443024,0.808761929736126,0.9505137957264546,0.9709874151717742,0.9880555576110487,0.29795526817453133,0.05667972760003137,0.029012584828225774,0.011944442388951315,2.7667142771805597,4.473528521108006,1.7068142439274459,0.9124339465167356,0.9153095810699191,24.127554057449995,80.97710171486867,26.894268334630556,90.26277165496155,28.601082578558,95.99119610734498
895,0.822713726190157,0.9765736402339984,0.5708620695991492,0.9589981164749831,0.7106613823866584,0.9833239664184751,0.9893795749201345,0.9929910185706905,0.17728627380984296,0.023426359766001603,0.010620425079865492,0.007008981429309502,1.2805934686136111,1.6417378336692101,0.361144365055599,0.9234796677166504,0.9469045602548278,15.385991404384136,86.78614014352364,16.666584872997745,94.00944875672837,17.027729238053347,96.04651771471754
896,0.7952110657923674,0.9410857751711289,0.4163291097298475,0.9452766923513911,0.8412824223468413,0.9880238368113301,0.9627840648049625,0.990043587570481,0.20478893420763256,0.0589142248288711,0.03721593519503752,0.009956412429518946,2.169828963383358,4.895781239935215,2.7259522765518573,0.9102664444865247,0.9514303613738734,14.587470937876146,71.23173424539686,16.757299901259504,81.82717472551285,19.483252177811362,95.1382078001225
897,0.8432862279979633,0.9423666042371539,0.3536125840223502,0.9542430431058975,0.6050947266253139,0.9877580878138085,0.9602205117927882,0.9761325803557809,0.15671377200203673,0.057633395762846096,0.03977948820721178,0.023867419644219123,1.7853907555634319,3.3765976118626972,1.5912068562992654,0.9189007081760494,0.9511744549318155,9.908037623919064,63.223783700326564,11.693428379482496,74.61646944041729,13.28463523578176,84.77005604593008
898,0.6333303746661986,0.8866951095060325,0.6874125620664626,0.9436356384736475,0.6199588149581616,0.9426116416307423,0.9593896657012084,0.9510046518508622,0.36666962533380143,0.11330489049396752,0.04061033429879157,0.04899534814913775,7.269455619517595,6.430954234482977,-0.8385013850346179,0.9086861703820309,0.9077000993481221,25.33647348398339,69.09891557261683,32.60592910350098,88.92454365102603,31.76742771846637,86.63774014426902
899,0.5930497205012408,0.9834612344001835,0.3588357019466308,0.9384068454480093,0.5756221482513776,0.9598948930278649,0.9886404174501523,0.9926199741108866,0.40695027949875917,0.016538765599816485,0.011359582549847702,0.007380025889113351,0.5179183049968783,0.9158739710703134,0.39795566607343513,0.9036510363573422,0.9243432303231292,39.04115138989427,95.93592474732115,39.55906969489115,97.20860677038007,39.95702536096458,98.1865042829794
900,0.6939145246434233,0.9517429973766703,0.43241190390729195,0.947144441800269,0.665061754873641,0.9498545793925423,0.9705111230147513,0.9824348432555912,0.3060854753565767,0.04825700262332966,0.029488876985248713,0.01756515674440884,1.8768125638080946,3.069184587892082,1.1923720240839875,0.9120650180298886,0.9146747801557814,25.782847273324705,84.23414160142283,27.6596598371328,90.36580322836443,28.852031861216787,94.26135568048561
901,0.6762024188399393,0.9353126668295537,0.5156130760876242,0.9604518817754795,0.682949498566557,0.9883876199725309,0.9662954026360795,0.9782962896494075,0.32379758116006074,0.06468733317044628,0.03370459736392051,0.021703710350592487,3.0982735806525774,4.29836228198538,1.200088701332802,0.9248795898578691,0.9517806710846594,25.911024798961446,80.02229265002761,29.009298379614023,89.59084337715927,30.209387080946826,93.29713635511568
902,0.8139495617565452,0.9033429888761614,0.5720224636107031,0.9257752990145582,0.7813879658215552,0.9926237991693425,0.9528666616341535,0.976977388890571,0.1860504382434548,0.09665701112383862,0.047133338365846544,0.023022611109429048,4.952367275799208,7.363440001440957,2.4110727256417497,0.8914873249769819,0.9558599547556631,8.939342711961618,48.04795299790755,13.891709987760825,74.66636530886824,16.302782713402575,87.6256076971434
903,0.7193378341131329,0.9527037941324725,0.5312655854301009,0.8667388635745488,0.511311003706016,0.9818455140991648,0.9738542594959075,0.9758866697768357,0.2806621658868671,0.047296205867527474,0.026145740504092463,0.02411333022316431,2.115046536343501,2.3182875644363166,0.2032410280928154,0.8346374241828988,0.9454808654288253,23.336596001933962,83.14835000361529,25.451642538277465,90.68426610994244,25.65488356637028,91.40841440207362
904,0.841036350595397,0.9691529544168861,0.5491531849653989,0.9293625122628466,0.6776623178081074,0.9804790197885322,0.9847941546578632,0.9896444488587166,0.15896364940460295,0.030847045583113908,0.015205845342136759,0.010355551141283392,1.564120024097715,2.0491494441830516,0.48502942008533667,0.8949416784753337,0.9441649820185866,12.811660382148904,80.59490600608927,14.37578040624662,90.43438836545957,14.860809826331955,93.48558542781949
905,0.763797429517484,0.9667830309207547,0.44932495772050673,0.9359386535651633,0.8132434394713207,0.9978579371449704,0.980185314445411,0.9936106837230704,0.23620257048251603,0.03321696907924532,0.019814685554588984,0.006389316276929624,1.3402283524656333,2.6827652802315693,1.342536927765936,0.9012742589886756,0.9609002357692307,20.29856014032707,85.93708399896347,21.638788492792706,91.61114736638496,22.98132542055864,97.29498444327787
906,0.6856140142652564,0.9756915162835915,0.4951760674171982,0.9539798277806504,0.7806149862971344,0.9678630311200059,0.9869875888610945,0.9943844445674608,0.31438598573474363,0.02430848371640848,0.0130124111389055,0.005615555432539221,1.129607257750298,1.869292828386926,0.7396855706366279,0.9186472415665522,0.9320162521896352,29.007750201833517,92.26794932999391,30.137357459583814,95.86100789178164,30.87704303022044,98.21380224076616
907,0.6739813563019856,0.9541629479206377,0.4493169116643619,0.9390572701548624,0.8653962360566576,0.9857168648299077,0.9726007674167537,0.9934828230772186,0.32601864369801437,0.045837052079362284,0.02739923258324628,0.00651717692278142,1.8437819496116004,3.9319875156580864,2.088205566046486,0.9042773712602378,0.9492088327991703,28.018159161865206,85.94035863733598,29.86194111147681,91.5958080579509,31.950146677523293,98.0009802970599
908,0.7172530209283454,0.9408069906904226,0.5701921469968638,0.9301687214512601,0.7888285026324059,0.9705324704676939,0.9717488245363795,0.9864951407049954,0.2827469790716546,0.05919300930957738,0.028251175463620548,0.013504859295004557,3.0941833845956834,4.568815001457283,1.4746316168615992,0.8957180280641763,0.9345868234133348,22.35539697620772,79.06502502558072,25.449580360803402,90.00831925547786,26.924211977665003,95.22369457691637
909,0.8348305150267401,0.9362009508721116,0.3949051370470054,0.9809466254448712,0.8930025213852211,0.969753569540789,0.9596595796352675,0.9925371611982337,0.1651694849732599,0.06379904912788836,0.04034042036473251,0.007462838801766347,2.3458628763155853,5.633621032612202,3.2877581562966163,0.944615268946913,0.9338367706689078,10.137043584537153,61.37358596340171,12.482906460852739,75.57634791241044,15.770664617149354,95.4817084990157
910,0.7487234899051337,0.9562202809320396,0.46567720344706337,0.9587346999108436,0.6810593426808249,0.9808049483647214,0.9751184377429714,0.9853302047444833,0.2512765100948663,0.04377971906796041,0.024881562257028644,0.014669795255516704,1.8898156810931765,2.9109923812443705,1.021176700151194,0.923226007321553,0.944478839166028,20.74967910269059,82.57707453377479,22.639494783783764,90.09793543867872,23.66067148393496,94.1618915154551
911,0.6923853166783001,0.8639190144551602,0.6365016571054907,0.9744513189701288,0.7520210127779394,0.9714170380521271,0.9445029353860042,0.9613443862360678,0.30761468332169994,0.13608098554483983,0.05549706461399584,0.03865561376393223,8.058392093084398,9.74253717809076,1.684145085006361,0.9383605293786426,0.9354386292353816,17.153369777686013,55.76251950153892,25.21176187077041,81.95890260675313,26.895906955776773,87.43375532451205
912,0.6604827549040045,0.9269208233880264,0.44846188287035693,0.9622554472071727,0.6223301733243134,0.956535027760942,0.956764430691194,0.9698109463538291,0.33951724509599546,0.0730791766119736,0.04323556930880601,0.03018905364617086,2.9843607303167596,4.289012296580275,1.304651566263515,0.92661635656987,0.9211078045105368,26.643806848402185,78.4755626797952,29.628167578718944,87.2655748910246,30.93281914498246,91.1082414568853
913,0.7251788579644276,0.9797288123709202,0.5547892582795612,0.9387934530915258,0.6956893207716753,0.9605716963064056,0.9902830882709139,0.9934878666012066,0.2748211420355724,0.020271187629079757,0.009716911729086064,0.006512133398793418,1.0554275899993693,1.3759054230286338,0.3204778330292646,0.9040233251992471,0.9249949668135757,25.454995440649263,92.62386165819227,26.51042303064863,96.46427794560714,26.830900863677897,97.63041032776492
914,0.7903915401735083,0.9442146658443961,0.4328273617429282,0.9412437959223579,0.7987135184588314,0.9810432593412315,0.9656228418389048,0.9880231429812587,0.20960845982649168,0.05578533415560394,0.03437715816109521,0.011976857018741294,2.1408175994508727,4.380847713686265,2.240030114235392,0.9063829145919001,0.9447083238100747,15.382312567088775,73.38593384933911,17.523130166539648,83.59934604283066,19.76316028077504,94.2860812828569
915,0.8227918832914516,0.9155907315330561,0.5261016803536016,0.9531758045200046,0.7694973382824234,0.9928052995868947,0.956173420684544,0.9790442632666864,0.1772081167085484,0.08440926846694385,0.04382657931545597,0.020955736733313635,4.058268915148789,6.345353173363022,2.2870842582142337,0.9178729969451895,0.9560347329355281,9.279884824160456,52.36715448775377,13.338153739309245,75.26830027343674,15.625237997523477,88.17450513975089
916,0.8434083334451898,0.9261385500932472,0.4346912279098847,0.9575833415773707,0.7155141559724503,0.974500075754507,0.9550354252708165,0.977247699903701,0.15659166655481016,0.07386144990675281,0.04496457472918347,0.022752300096299027,2.8896875177569337,5.110914981045378,2.2212274632884443,0.9221172918893199,0.9384074803561919,8.273021664805736,52.831813127871754,11.162709182562669,71.2854612774397,13.383936645851113,85.4702995396404
917,0.5407871503190618,0.9378288924111776,0.36531097394770395,0.9570567992957802,0.7188732772246861,0.9875682323631589,0.9578882658704383,0.9814783053906178,0.45921284968093823,0.06217110758882238,0.042111734129561706,0.018521694609382244,2.0059373459260676,4.364941297944014,2.359003952017946,0.9216102511737143,0.9509916311645233,39.70417420921159,86.46137458217493,41.71011155513765,90.82958280483201,44.0691155071556,95.96664278400503
918,0.8094300790251755,0.9293315700747072,0.4937120822741807,0.9310275375187981,0.8703570325884761,0.9672970089191905,0.960290675401241,0.9899111863105775,0.1905699209748245,0.07066842992529276,0.03970932459875898,0.010088813689422493,3.0959105326533787,6.057961623587027,2.9620510909336484,0.8965450361292129,0.9314711937740352,11.990149104953174,62.917322123133744,15.086059637606553,79.16285823301315,18.048110728540202,94.70597792253098
919,0.7696152879849568,0.9184678966402066,0.6129725687733317,0.9293477736099894,0.6407628619607384,0.9675103409883423,0.9643497387157977,0.9680914789537834,0.23038471201504318,0.08153210335979344,0.035650261284202345,0.031908521046216554,4.5881842075591095,4.962358231357689,0.3741740237985791,0.8949274856985083,0.9316766246554407,14.885260865524973,64.6104541196858,19.473445073084083,84.5257695389638,19.847619096882664,86.14989650696394
920,0.7206097972710668,0.9761019507227462,0.6369988466540998,0.8856227643699135,0.7520447463860065,0.9869358109820829,0.9900644939716962,0.9938865202381804,0.2793902027289332,0.023898049277253808,0.009935506028303842,0.00611347976181964,1.3962543248949966,1.7784569515434168,0.3822026266484202,0.8528219212451018,0.9503826327975613,25.54921534516794,91.44635386501369,26.945469670062938,96.44386026021702,27.32767229671136,97.81184891162738
921,0.8361206686155803,0.9312521421208346,0.5811088666670556,0.9455123529876572,0.7379621967348573,0.9833469107161447,0.9683299173878368,0.9807074971402185,0.16387933138441968,0.06874785787916537,0.0316700826121632,0.019292502859781457,3.7077775267002178,4.945535501938392,1.237757975238174,0.9104933769510772,0.9469266547636948,9.513147350525431,58.04970810022394,13.220924877225649,80.67475480609988,14.458682852463822,88.22761681000144
922,0.8000745315092652,0.9309433723261303,0.4812143773513413,0.9574656605368598,0.6700667887701747,0.9914228582273261,0.9613603629258659,0.9759087995098025,0.19992546849073478,0.06905662767386966,0.03863963707413409,0.02409120049019753,3.041699059973557,4.4965427183672135,1.4548436583936564,0.9220039694058649,0.9547034931077955,13.086884081686511,65.45881412949147,16.12858314166007,80.67297910274759,17.583426800053726,87.94990919762982
923,0.8332361946908216,0.9388326338619197,0.584910789400141,0.9162591417525624,0.8088965946798303,0.9728023195396565,0.9713303952155719,0.9873627616950832,0.16676380530917845,0.06116736613808027,0.02866960478442815,0.012637238304916809,3.249776135365212,4.853012783316347,1.603236647951134,0.882323617983949,0.9367726040011506,10.559643917109817,63.32095803122472,13.80942005247503,82.80825702479325,15.412656700426163,92.42207367390813
924,0.747955945652196,0.9147129290046105,0.47119528130325006,0.9571999479908511,0.8542826969164982,0.9761232904145307,0.9510133596310087,0.9862721787950133,0.25204405434780397,0.08528707099538946,0.04898664036899125,0.013727821204986723,3.6300430626398206,7.1559249790402735,3.525881916400453,0.9217480980652639,0.9399705759547332,16.67569833524145,66.161839756117,20.30574139788127,80.56425473088409,23.831623314281725,94.5534040703681
925,0.6624519893490726,0.9493915768447581,0.4198617640104252,0.9231177180837152,0.7353078411098521,0.949805194933616,0.9675853657113008,0.9853620652860838,0.33754801065092743,0.050608423155241944,0.03241463428869917,0.014637934713916168,1.819378886654277,3.5970488441325776,1.7776699574783006,0.8889281729695035,0.9146272247508894,28.693958749568548,85.00704446231258,30.513337636222825,90.39702997325008,32.291007593701124,95.66345104932232
926,0.8571524494095706,0.9714790629139475,0.5521357001664576,0.9186893305486162,0.7865250677449315,0.9741009631204851,0.9858896935905275,0.9936072457891976,0.14284755059042942,0.028520937086052522,0.014110306409472528,0.0063927542108024316,1.4410630676579994,2.212818287525009,0.7717552198670097,0.8846637997875563,0.9380231496715782,11.432661350437689,80.03400340561151,12.873724418095689,90.12212225470397,13.645479637962698,95.52477155934466
927,0.8506547241935167,0.9185321366489893,0.6656269503319093,0.9469739919849237,0.8759922315075787,0.970662314319644,0.9696336316418672,0.9887958394104057,0.14934527580648327,0.08146786335101075,0.030366368358132778,0.01120416058959428,5.110149499287797,7.026370276141646,1.9162207768538497,0.9119008811706673,0.9347118582337313,6.787741245547252,45.44998968927939,11.897890744835049,79.66700440027275,13.814111521688899,92.497813855115
928,0.8296639715040841,0.9196773297527668,0.46211863643144163,0.9442067792167868,0.6355865611643587,0.9863060530859138,0.9526047537654995,0.9687397488788565,0.1703360284959159,0.08032267024723316,0.04739524623450053,0.0312602511211435,3.292742401273263,4.906241912608966,1.6134995113357031,0.9092361577643131,0.9497761992679169,9.001335824868272,52.84457964853922,12.294078226141536,72.17544247508569,13.90757773747724,81.6478924645745
929,0.7724611988676658,0.9381796838688474,0.48725502177113295,0.9640664847001809,0.6553002453009946,0.9734847538272237,0.9661405470629014,0.9771997112261172,0.22753880113233416,0.061820316131152575,0.03385945293709858,0.02280028877388285,2.7960863194053998,3.9020027357269726,1.105916416321573,0.9283603186001741,0.9374297629447338,16.571848500118158,72.83086848330605,19.36793481952356,85.11926195945532,20.47385123584513,89.97960406734215
930,0.7124799352175489,0.9028261363342185,0.46607206546470403,0.9412810349778685,0.7680477655775243,0.9854425979754071,0.9424597812786203,0.9752914647952459,0.28752006478245107,0.09717386366578151,0.05754021872137971,0.024708535204754134,3.9633644944401802,7.246532846102738,3.2831683516625576,0.9064187744231326,0.9489447239763179,19.034620111666957,66.20275397499404,22.997984606107135,79.98740756930584,26.28115295776969,91.4063266424729
931,0.8455202525343363,0.971740380369269,0.43087314376099817,0.9552452283769995,0.6378891480482438,0.9804160796361301,0.9829686169316282,0.9893730835119425,0.15447974746566373,0.02825961963073098,0.01703138306837182,0.01062691648805747,1.1228236562359162,1.7632703142673511,0.640446658031435,0.9198657754741476,0.94410437298294,12.622012783493275,81.70658607723821,13.744836439729191,88.97500588408369,14.385283097760626,93.12083514998008
932,0.8013070779692627,0.9221727109438109,0.5445243166236775,0.9422001010232799,0.7106822762736966,0.9674764157150497,0.9608009874470239,0.9753833126195034,0.1986929220307373,0.07782728905618908,0.03919901255297609,0.024616687380496605,3.862827650321299,5.321060167569247,1.4582325172479482,0.9073038009853805,0.9316439558737515,12.086563297454822,60.83036664781174,15.94939094777612,80.27156068150626,17.40762346502407,87.61068732146963
933,0.568222244945332,0.9773492157129517,0.4439411456997475,0.9629742762804383,0.6845480293571706,0.9560548472118461,0.9867941573206153,0.992411157305046,0.431777755054668,0.022650784287048253,0.013205842679384738,0.007588842694953968,0.9444941607663515,1.5061941592094286,0.561699998443077,0.9273085623441257,0.9206454084262221,40.91269707676197,94.7540640938808,41.857191237528326,96.94151851854602,42.4188912359714,98.24241925247095
934,0.700747618272118,0.9606889484488894,0.5414936174701562,0.9522788483320158,0.7622795070588022,0.9666764170018605,0.9806785467384179,0.9900374846628265,0.29925238172788204,0.03931105155111059,0.019321453261582078,0.009962515337173516,1.998959828952851,2.934853621393707,0.9358937924408561,0.9170092613567559,0.9308735867425323,25.994133017677147,86.86357938936735,27.993092846629995,93.54342540232426,28.928986639070853,96.67086514745513
935,0.7966441883073692,0.9419601347804005,0.3920974273252168,0.9314785802916595,0.6821401158226524,0.9712764889361846,0.96134255487184,0.9802341031507895,0.20335581169263084,0.058039865219599474,0.03865744512816005,0.019765896849210485,1.9382420091439423,3.827396837038899,1.8891548278949566,0.8969793736141906,0.9353032856422517,14.531594647303137,71.45895918267345,16.46983665644708,80.99024325570288,18.358991484342035,90.28014164695409
936,0.7922369311422146,0.9784683902344563,0.5970988244435295,0.9654463100667322,0.801433648530452,0.9883407385509763,0.9909002378646468,0.995598377034745,0.2077630688577854,0.02153160976554369,0.00909976213535324,0.0044016229652550365,1.2431847630190451,1.7129986800288655,0.46981391700982034,0.9296890393235199,0.9517355260120511,18.62314590922417,89.63645950942217,19.866330672243215,95.62012527761512,20.336144589253035,97.88142185738123
937,0.7371580381124851,0.9194555081819712,0.3378968693506136,0.9580364666247123,0.7543880651467334,0.9946719430525898,0.9429150908326939,0.9788270826375794,0.26284196188751485,0.08054449181802881,0.05708490916730613,0.02117291736242055,2.3459582650722677,5.937157445560826,3.591199180488558,0.9225536345275007,0.9578322414580493,18.229747006948603,69.35630397839657,20.575705272020873,78.28166067648816,24.16690445250943,91.94462055815819
938,0.7560114545530257,0.9106700832669191,0.5158615375168268,0.9540736977999081,0.5715438862265316,0.968515300440589,0.9525838032985192,0.9584101712733724,0.24398854544697435,0.08932991673308088,0.047416196701480784,0.04158982872662764,4.19137200316001,4.7740088006453245,0.5826367974853142,0.91873763491843,0.9326443633872338,15.465862871389346,63.38765962581026,19.657234874549356,80.56622018274801,20.23987167203467,82.95418801303265
939,0.7948045711145757,0.9399174650240497,0.4879938614834783,0.9336111633607611,0.8535985997654354,0.9802098624282276,0.9661309017773516,0.990542900018551,0.2051954288854243,0.060082534975950286,0.033869098222648386,0.009457099981448946,2.62134367533019,5.062543499450134,2.441199824119944,0.8990329721251773,0.9439057934494043,14.511289390947402,70.7193599280914,17.13263306627759,83.49422382037565,19.573832890397536,95.39117414417183
940,0.6984597743373884,0.903907691978961,0.5352869996738373,0.96125466323362,0.8261488714536376,0.9554230887018279,0.9511183919096566,0.9810230875968501,0.3015402256626116,0.09609230802103896,0.048881608090343365,0.018976912403149915,4.72106999306956,7.711539561788905,2.990469568719345,0.9256526386694117,0.9200370483795379,20.544791764157267,68.13283938821645,25.265861757226826,83.78935746203354,28.25633132594617,93.70667301138693
941,0.6569387342311017,0.9527647927902834,0.45499158418774915,0.9479047038892399,0.8001837773443204,0.9606354152479125,0.9722851639724038,0.989793033987002,0.3430612657688983,0.047235207209716634,0.027714836027596168,0.010206966012997976,1.9520371182120466,3.702824119671866,1.7507870014598192,0.9127971222637125,0.9250563257942861,29.582605855918164,86.23126189899375,31.53464297413021,91.92131587182269,33.285429975590034,97.02473959276013
942,0.6268166736201883,0.9468112903524718,0.5001781190467763,0.9567144625880926,0.8262214455981118,0.9746518710896169,0.9714880822831177,0.9900831361886185,0.37318332637981166,0.0531887096475282,0.02851191771688233,0.00991686381138146,2.467679193064587,4.327184583614674,1.859505390550087,0.9212805936033484,0.9385536536418533,31.999461673228346,85.74729740379806,34.46714086629294,92.35980932120638,36.32664625684302,97.34262945036069
943,0.7597532081189857,0.8632804947987719,0.5294832564154268,0.9411457392996352,0.752456314545887,0.9809664802606676,0.9266324124614048,0.9615711269617051,0.24024679188101428,0.1367195052012281,0.07336758753859518,0.0384288730382949,6.335191766263293,9.82906321629332,3.4938714500300283,0.906288489695945,0.9446343883991614,10.352728667978617,43.09205790812789,16.68792043424191,69.46157450671326,20.181791884271938,84.00441781660612
944,0.7096414648198487,0.9326691128707345,0.4512181896378752,0.9421425065712843,0.8093089842177927,0.9666048610878083,0.959646506507978,0.9859580814218066,0.2903585351801513,0.0673308871292655,0.040353493492022,0.014041918578193369,2.6977393637243496,5.328896855107212,2.631157491382863,0.9072483396612366,0.930804681047519,22.302764805088582,76.81112177829027,25.00050416881293,86.10218450544775,27.631661660195796,95.16393807074377
945,0.7698734314708404,0.979493425858278,0.4952249936741872,0.9768479221002677,0.734947505894822,0.9884784423087155,0.9892973988710917,0.9944175472069515,0.23012656852915958,0.020506574141721967,0.010702601128908307,0.005582452793048476,0.980397301281366,1.4924121348673491,0.5120148335859831,0.9406683694298874,0.9518681296306148,20.96199943874376,91.08900190326197,21.942396740025128,95.34925445709578,22.45441157361111,97.57418153465356
946,0.7643294504195793,0.9318984908679324,0.6730716665814162,0.9699369049564033,0.6750805675563264,0.9833430826087369,0.9759602831284645,0.9764225651278975,0.23567054958042066,0.06810150913206758,0.0240397168715355,0.02357743487210251,4.406179226053208,4.452407425996507,0.046228199943298964,0.9340133158839439,0.9469229684380429,16.75690404483531,71.103088929307,21.163083270888517,89.79943955053572,21.209311470831814,89.99559558286815
947,0.7896617512214924,0.9653903171667008,0.5943868522416551,0.9444568959759625,0.7355098812664876,0.9780108949855056,0.9848368698725254,0.9903978140341836,0.2103382487785076,0.03460968283329924,0.015163130127474611,0.009602185965816412,1.9446552705824627,2.5007496867482826,0.5560944161658199,0.9094770109398157,0.9417882692453017,17.572856594520836,83.54570172838879,19.517511865103298,92.79107332331085,20.073606281269118,95.43488356417392
948,0.6190056358224132,0.9094490291808562,0.5429223052319797,0.9280371777618337,0.7097735807965383,0.9809384762553551,0.9532536324209745,0.9713845158925173,0.3809943641775868,0.09055097081914376,0.046746367579025505,0.028615484107482714,4.380460324011826,6.193548671166105,1.8130883471542791,0.8936654304373213,0.9446074215792308,29.044339335844306,76.2329894263379,33.42479965985613,87.73043069024602,35.23788800701041,92.48926314979697
949,0.6475358586654547,0.9514964644146551,0.5083695664997024,0.9657420127619945,0.7395996172317532,0.9830972615716826,0.9747060012712315,0.9866774743994328,0.3524641413345453,0.048503535585344926,0.025293998728768474,0.013322525600567237,2.320953685657645,3.518100998477769,1.1971473128201238,0.9299737900671057,0.9466862518838425,30.396060574920035,86.23873186029802,32.717014260577685,92.82366749905478,33.914161573397806,96.22017560421216
950,0.8113970036607331,0.9220975782910596,0.5389315209963542,0.9045501519576896,0.8466562449292135,0.9813763807816374,0.9587146270381648,0.9869710628400871,0.18860299633926692,0.07790242170894035,0.04128537296183521,0.013028937159912934,3.661704874710514,6.487348454902742,2.8256435801922275,0.8710482944777751,0.9450291074193544,11.070057463032656,58.695024352207945,14.73176233774317,78.10990611858077,17.557405917935398,93.09187159652758
951,0.7578607002819259,0.9354048961825638,0.5293516539882667,0.9736197211884322,0.7476507563566412,0.9827385270709875,0.9676967355777202,0.9825766986720612,0.24213929971807413,0.06459510381743616,0.03230326442227982,0.01742330132793879,3.229183939515634,4.717180248949737,1.487996309434103,0.9375597315147866,0.9463408038461361,17.754419590063797,73.32316402473904,20.98360352957943,86.65922282756623,22.471599839013535,92.80443061154263
952,0.7950104294389417,0.9575127156003126,0.438355592540804,0.9360764087949072,0.6322480051995628,0.9690602826887607,0.9740669632045782,0.9834397673950503,0.20498957056105827,0.04248728439968741,0.025933036795421804,0.016560232604949654,1.6554247604265604,2.5927051794737754,0.937280419047215,0.9014069121728735,0.9331691611076954,16.250228616137086,79.27344094462984,17.905653376563645,87.34909452981297,18.84293379561086,91.9214267537494
953,0.7721704168082165,0.9755566690361083,0.2752100840437244,0.9604555883800165,0.6209437664383975,0.9639656208658037,0.981442997709386,0.9902435459358111,0.22782958319178348,0.02444333096389173,0.018557002290613966,0.009756454064188902,0.5886328673277763,1.4686876899702828,0.8800548226425065,0.9248831591807566,0.9282631904633665,20.338625222789176,89.27122166425784,20.92725809011695,91.85487589862596,21.807312912759457,95.71765267376358
954,0.861267861904441,0.9504522272062342,0.5359696336586288,0.9733302878806961,0.712749034678908,0.9906716573008664,0.9757496281049192,0.9851094719767303,0.13873213809555895,0.049547772793765765,0.024250371895080836,0.014890528023269733,2.529740089868493,3.465724477049603,0.9359843871811102,0.9372810179591887,0.9539801144378712,8.918436530179319,64.28529576929236,11.448176620047812,82.52000421245066,12.384161007228922,89.26670616651701
955,0.8127427603817805,0.9633015120875833,0.46644312822969475,0.9782264589355089,0.7750107107102058,0.9880125292740655,0.9796438585121365,0.9913992974720678,0.1872572396182195,0.0366984879124167,0.020356141487863466,0.008600702527932214,1.6342346424553233,2.8097785384484486,1.1755438959931253,0.9419958493453048,0.9514194726342852,15.05587517058028,80.40209927945234,16.690109813035605,89.12931669324742,17.865653709028727,95.40701200900573
956,0.7668619632150508,0.9845989346564235,0.4790288754244608,0.9494345257712501,0.6854816941159148,0.9730301968074616,0.9914900230745898,0.9949693890594478,0.23313803678494915,0.015401065343576548,0.008509976925410223,0.005030610940552238,0.6891088418166325,1.037045440302431,0.3479365984857985,0.9142702840760185,0.9369920413701481,21.77369714413726,93.3940143118805,22.462805985953892,96.34981187850528,22.81074258443969,97.84221785088096
957,0.8015582253467688,0.9558662654650403,0.6184472184653925,0.9456306031661643,0.8523586114198927,0.9438387402070652,0.9817109856855075,0.9928293508545505,0.1984417746532312,0.04413373453495972,0.01828901431449248,0.007170649145449515,2.5844720220467243,3.696308538951021,1.1118365169042965,0.9106072474933433,0.9088817498290257,15.43080401182715,77.75985695951289,18.015276033873874,90.78368738313706,19.12711255077817,96.3865223650716
958,0.6441068538754098,0.9683745301421974,0.5114423915900943,0.9167101856245611,0.725979846634407,0.9759500476583396,0.9828926229294891,0.9909137558752266,0.3558931461245902,0.03162546985780257,0.01710737707051091,0.009086244124773435,1.4518092787291659,2.2539225733029133,0.8021132945737475,0.8827579565273551,0.9398037495969196,32.42676762667877,91.11377383852984,33.87857690540793,95.19311420947624,34.680690199981676,97.44691792361954
959,0.767448379833569,0.921546702111747,0.4806151144921692,0.9441601585224815,0.635595724919718,0.9565701034957147,0.9552636306351205,0.9685877190314774,0.23255162016643105,0.07845329788825295,0.04473636936487946,0.031412280968522555,3.371692852337349,4.704101691973039,1.3324088396356903,0.9091912637623896,0.9211415811440216,15.40983222781781,66.26413618098812,18.78152508015516,80.76282189181791,20.11393391979085,86.49234051947623
960,0.8090895831271532,0.9665581726294501,0.60721451812842,0.9348148638621913,0.6396005292518593,0.940969659755375,0.9856707425084904,0.9869216426309593,0.19091041687284682,0.033441827370549904,0.014329257491509595,0.013078357369040727,1.9112569879040309,2.0363470001509176,0.12509001224688676,0.9001920911265545,0.9061189316162871,15.746858950229692,82.48297399464411,17.658115938133722,92.49425058819426,17.78320595038061,93.14947943476999
961,0.7174538810113265,0.9528785950959686,0.38502080855747534,0.9434042117565945,0.7714664395904134,0.9708279780203783,0.9687705596350866,0.988493004029868,0.28254611898867354,0.04712140490403138,0.031229440364913374,0.01150699597013205,1.5891964539118009,3.5614408933899333,1.9722444394781324,0.9084633150248688,0.9348713862418457,23.542471408464216,83.32257931105387,25.131667862376016,88.94713525823893,27.103912301854148,95.92739195593293
962,0.6439937381676208,0.947114240789187,0.43654085395560055,0.9453164070056738,0.8140192159698681,0.95337554111479,0.9677891372804146,0.9892245520913776,0.35600626183237916,0.052885759210812955,0.0322108627195854,0.010775447908622393,2.0674896491227557,4.211031130219056,2.1435414810963005,0.9103046882276858,0.9180653358883162,30.31205026215662,85.14471095575462,32.37953991127937,90.95216400020753,34.52308139237567,96.9732420286203
963,0.8343584543862815,0.9397744245388492,0.37557987574275586,0.9275353972241013,0.8166712322274896,0.9566658680340392,0.9586419398309374,0.9878681602630073,0.16564154561371847,0.060225575461150815,0.04135806016906263,0.012131839736992722,1.8867515292088188,4.80937357241581,2.9226220432069905,0.8931822343639493,0.9212337988475933,10.541597015256766,63.64102059177905,12.428348544465583,75.0315900423249,15.350970587672574,92.67584729903174
964,0.7167072306252261,0.9616753618489442,0.6974104033358386,0.9678893458065713,0.8231214130096692,0.9785236654445677,0.9876944656527521,0.9928478567738606,0.2832927693747739,0.0383246381510558,0.012305534347247904,0.00715214322613944,2.6019103803807897,3.117249492491636,0.5153391121108464,0.9320415922581797,0.9422820482058799,24.496813122371808,86.47172032112287,27.0987235027526,95.65624834887026,27.614062614863442,97.47535270952231
965,0.8575170699118047,0.9212161452989104,0.4020513994656571,0.927260968411453,0.5590816158270069,0.9873914568829967,0.9477334574522611,0.9632152444428416,0.14248293008819535,0.07878385470108962,0.05226654254773888,0.03678475555715843,2.6517312153350736,4.1999099143931184,1.5481786990580448,0.8929179695813991,0.9508214029243671,6.369907538710573,44.70646087055952,9.021638754045647,63.317330352915626,10.569817453103692,74.18304386750813
966,0.843931110153844,0.96416442060819,0.5865495640268368,0.945049128786766,0.6515823219135333,0.9691325483274996,0.9839997276272588,0.9868139232144169,0.15606888984615597,0.035835579391810035,0.016000272372741153,0.013186076785583145,1.9835307019068882,2.264950260622689,0.2814195587158008,0.9100473092020709,0.9332387502412959,12.023331045434594,77.03861453289329,14.006861747341482,89.74794247046076,14.288281306057282,91.55111771565669
967,0.8251859659450858,0.9065188086375338,0.42042947170716793,0.9528713799402148,0.8208563879716253,0.966222506066823,0.9409799210827419,0.9812394063178814,0.17481403405491425,0.09348119136246624,0.059020078917258134,0.018760593682118576,3.446111244520811,7.472059768034766,4.025948523513955,0.9175798473498363,0.9304364873236073,8.1332842692448,46.52535085764279,11.579395513765611,66.23836339208431,15.605344037279567,89.26825653126606
968,0.7365040897204399,0.9251963160292331,0.5031236893654625,0.9406096720318716,0.8757537062605745,0.9919153566167581,0.959039573374984,0.989974136917981,0.2634959102795601,0.07480368397076687,0.04096042662501598,0.010025863082019026,3.384325734575089,6.477782088874784,3.093456354299695,0.9057722767714319,0.9551777508161374,18.869222630879324,71.61106451656015,22.253548365454414,84.4550047924621,25.347004719754107,96.19505931937162
969,0.687984602733971,0.9216765896368483,0.573142097132737,0.9452581358171013,0.8011983818398671,0.9754105150931417,0.9630434176302256,0.9829749666060892,0.312015397266029,0.07832341036315171,0.03695658236977439,0.017025033393910816,4.136682799337732,6.12983769692409,1.9931548975863578,0.9102485752312827,0.9392841997193215,23.36919869028773,74.89758164198159,27.505881489625462,88.15552607544407,29.49903638721182,94.54352780565024
970,0.761154826700741,0.9635902400923705,0.528066312066867,0.9464420634992964,0.5486514640817739,0.9216171736132254,0.9815070668674859,0.9818313032546787,0.23884517329925903,0.03640975990762951,0.0184929331325141,0.01816869674532129,1.7916826775115413,1.8241063162308224,0.03242363871928111,0.9113886537400632,0.8874832042201429,20.243541339162952,84.75591555622093,22.035224016674494,92.25735530801641,22.067647655393774,92.39310700972091
971,0.7581725495274287,0.9600487203177483,0.5193594818526027,0.9648349722534056,0.7734455628595924,0.9593674903314162,0.979690755226725,0.9902685405167454,0.24182745047257126,0.03995127968225165,0.020309244773275004,0.0097314594832546,1.9642034908976647,3.021982019899705,1.0577785290020403,0.9291003436514276,0.9238353610598823,20.18761707903196,83.4794273337538,22.151820569929626,91.6017620275997,23.209599098931665,95.97586648486856
972,0.7674674748948944,0.9183761768119535,0.6154691891030524,0.9173673716058866,0.6986907056224618,0.9610194228171582,0.964083115755783,0.9728893374997343,0.23253252510510558,0.08162382318804651,0.03591688424421702,0.027110662500265725,4.5706938943829485,5.451316068778079,0.8806221743951292,0.88339080228715,0.9254261108609672,15.090870191705907,64.89788981083304,19.661564086088855,84.5540385251558,20.542186260483987,88.34113099317543
973,0.6543583981905912,0.9541518156011788,0.35908322510292984,0.9541305046847435,0.7217816475042802,0.9715097051177523,0.9687318562195485,0.986426001289564,0.34564160180940884,0.04584818439882121,0.03126814378045151,0.013573998710435964,1.4580040618369705,3.227418568838525,1.7694145070015543,0.9187923378445677,0.935527864187465,29.97934174105876,86.73533968167915,31.437345802895734,90.95359365980107,33.20676030989729,96.07281107384729
974,0.8124879674832716,0.9645628502557914,0.42254648041808135,0.9456682316395744,0.7166197459594295,0.9615380062793429,0.9780582527816523,0.9892884011493231,0.18751203251672843,0.03543714974420864,0.02194174721834774,0.010711598850676851,1.34954025258609,2.472555089353179,1.123014836767089,0.91064348231959,0.9259254875282561,15.20748827725198,81.10139959095841,16.55702852983807,88.2984857431001,17.680043366605158,94.28751386942528
975,0.887491369312671,0.970212093424787,0.45839825374545884,0.9671496592306295,0.6636447594792321,0.9847240117501999,0.9830972964735085,0.9896217009646062,0.11250863068732897,0.02978790657521302,0.01690270352649148,0.010378299035393779,1.2885203048721539,1.940960753981924,0.6524404491097702,0.9313293014813468,0.948252752055748,8.272072411211596,73.523891995454,9.560592716083748,84.97652720219702,10.213033165193519,90.7755529758104
976,0.8188859327908106,0.9526097085096035,0.5367808665494024,0.9520941695536389,0.8306999696734984,0.9769540013614746,0.9763683177044826,0.9914526931908766,0.18111406720918943,0.04739029149039653,0.023631682295517376,0.008547306809123412,2.3758609194879154,3.884298468127312,1.5084375486393964,0.9168314225331337,0.940770519829568,13.37237757187929,73.8340084673489,15.748238491367205,86.9520448302768,17.256676040006603,95.28070517059774
977,0.759268066375172,0.9293721863906932,0.5944929852111562,0.9380145783377936,0.793639980127493,0.9459502210868067,0.968191999891183,0.9836919332971414,0.24073193362482803,0.07062781360930681,0.031808000108817014,0.01630806670285856,3.8819813500489797,5.431974690644825,1.5499933405958455,0.903273297658616,0.9109150277132212,17.010412001552123,70.66121949596528,20.8923933516011,86.78696273075734,22.442386692196948,93.22563215552695
978,0.7344641553739862,0.9620615724767442,0.46719425365044015,0.9830084006075953,0.6877395637239666,0.9671653672708332,0.9790731779118353,0.9874281786655493,0.26553584462601376,0.037938427523255824,0.020926822088164654,0.012571821334450672,1.701160543509117,2.536660618880515,0.8355000753713981,0.9466006820665732,0.9313444277422838,22.759741710275794,85.71250236415761,24.460902253784912,92.11902177740319,25.296402329156308,95.26548991826053
979,0.8098166048406655,0.9733154169000825,0.4901255161065894,0.9400801439734879,0.9106740766677738,0.9895931955016553,0.9853480682145432,0.9975313802463336,0.19018339515933447,0.026684583099917503,0.014651931785456762,0.0024686197536664123,1.203265131446074,2.421596334625109,1.218331203179035,0.9052623608633587,0.9529415956682605,16.349881205941696,85.96902580398182,17.55314633738777,92.29589324915487,18.771477540566806,98.70197934388635
980,0.7420873576454927,0.9552924229060348,0.5287523851569552,0.9500012095605407,0.7450371160878356,0.9583990133518135,0.9773116515043352,0.9877029271244602,0.2579126423545073,0.04470757709396522,0.022688348495664812,0.012297072875539827,2.201922859830041,3.2410504218425396,1.0391275620124985,0.9148159795768169,0.9229027535980426,21.320506526054206,82.66561240045242,23.522429385884248,91.20308787946924,24.561556947896747,95.23207828694291
981,0.7450980867450626,0.9273320048272198,0.39080036298148046,0.9641642850703971,0.7523755148330689,0.9734780239394424,0.9528231617670595,0.9804564404113024,0.2549019132549374,0.07266799517278022,0.0471768382329405,0.01954355958869758,2.549115693983972,5.312443558408264,2.763327864424292,0.9284544967344563,0.9374232823120556,18.223391808215716,71.4917811934577,20.772507502199687,81.49216001146405,23.53583536662398,92.33290980866381
982,0.777964775558676,0.9326973264910408,0.6050688108496824,0.9188278454915695,0.7910877725704103,0.9579898391843469,0.9699175175322323,0.9845077786643404,0.22203522444132395,0.06730267350895924,0.03008248246776768,0.01549222133565964,3.7220191041191564,5.18104521732996,1.459026113210804,0.8847971845474373,0.9225087340293711,15.473255093236471,69.68828991962717,19.195274197355626,86.45148194685775,20.65430031056643,93.0226290109416
983,0.7975904936753112,0.9624754328791989,0.4519234832478523,0.9508386993417748,0.6991379992946466,0.975879020912906,0.9780209686141249,0.9881229554886515,0.2024095063246888,0.0375245671208011,0.021979031385875092,0.011877044511348522,1.5545535734926008,2.5647522609452578,1.010198687452657,0.9156224512180053,0.9397353534716872,16.48849392038877,81.46106484711876,18.04304749388137,89.14130478110147,19.05324618133403,94.13217060452865
984,0.7510242240256595,0.9297964001669382,0.5284508150246553,0.932709870997568,0.6302868915625632,0.9754134778398976,0.9632309527185463,0.9721776847890172,0.2489757759743405,0.07020359983306179,0.03676904728145369,0.027822315210982773,3.34345525516081,4.238128462207902,0.894673207047092,0.898165060960621,0.9392870527347161,17.877217614127872,71.80304005145585,21.22067286928868,85.23187762441471,22.115346076335772,88.82529229917928
985,0.7029013894576508,0.971644912837563,0.5180073133775663,0.9582781740438142,0.732689331851237,0.9367995956551721,0.9855341507340267,0.991741682626432,0.2970986105423492,0.028355087162436954,0.014465849265973274,0.00825831737356797,1.388923789646368,2.0096769788868984,0.6207531892405305,0.9227863898199692,0.9021033143346101,26.874352337991226,90.45600142300391,28.263276127637592,95.13096030992334,28.884029316878124,97.22034466654269
986,0.7704768109908076,0.9425083795084019,0.5678632768503877,0.9469993835859681,0.7724267518732887,0.9756087301940547,0.972918830391562,0.9859709271763751,0.22952318900919244,0.05749162049159806,0.027081169608437983,0.014029072823624866,3.041045088316008,4.346254766797319,1.3052096784813116,0.9119253323420433,0.9394750735202008,17.203156851759438,74.95171588553717,20.244201940075445,88.20111827247513,21.549411618556757,93.88773183041519
987,0.7682453275793675,0.8939085035530506,0.5958947296720644,0.9316964380568845,0.7137212715361496,0.9876080364791096,0.9510437566483005,0.9667415240520876,0.23175467242063252,0.10609149644694937,0.04895624335169946,0.033258475947912425,5.713525309524991,7.2833020499036945,1.5697767403787033,0.8971891625732962,0.9510299610539573,12.566317597368315,54.22249944786688,18.279842906893307,78.87583329373211,19.84961964727201,85.64927489895496
988,0.8506465706024015,0.9756962070599916,0.38642189819156164,0.9564725269895774,0.8480203625035142,0.9726822139846109,0.9842720562708782,0.9961230797090499,0.14935342939759855,0.024303792940008395,0.015727943729121785,0.0038769202909501033,0.857584921088661,2.042687264905829,1.1851023438171682,0.921047618582556,0.9366569467999956,12.504963645759016,83.72732849989772,13.362548566847677,89.46931195851424,14.547650910664844,97.4041973414422
989,0.7891860628007165,0.9532904475580326,0.4248124183859918,0.9547544449185952,0.7017495724531398,0.9766048920847237,0.9713276026030311,0.9852567890231647,0.21081393719928354,0.046709552441967395,0.02867239739696892,0.014743210976835286,1.8037155044998476,3.196634146513211,1.3929186420133632,0.9193931691808693,0.9404343405260301,16.410438475731613,77.84323320245538,18.214153980231462,86.39919268247206,19.607072622244825,93.00652927756933
990,0.7154372732682501,0.8678883969095138,0.4736812102600073,0.9231771845031325,0.6818767843936928,0.9733075275421772,0.920145837685415,0.9526047202616342,0.28456272673174987,0.1321116030904862,0.07985416231458498,0.04739527973836577,5.225744077590122,8.471632335212043,3.2458882576219206,0.8889854369289423,0.9372591005961706,15.245112364126367,53.573820223115696,20.47085644171649,71.93794028061113,23.71674469933841,83.34452291671913
991,0.8211067584071716,0.9240223263446199,0.39131499487612553,0.9616529444492549,0.7631688647265388,0.9907515426944369,0.9505298178399643,0.9807236756042018,0.17889324159282838,0.0759776736553801,0.049470182160035736,0.019276324395798183,2.650749149534437,5.670134925958193,3.0193857764237553,0.926036168728912,0.9540570411131614,10.291556793744828,57.52904191410999,12.942305943279264,72.34653376529852,15.961691719703019,89.22467711794711
992,0.788820407252246,0.9054854360935644,0.3830873406184852,0.9505701252751761,0.7818623699827253,0.9922791061963009,0.9365560026527985,0.9775683539797075,0.211179592747754,0.09451456390643564,0.06344399734720152,0.02243164602029246,3.1070566559234125,7.208291788614318,4.101235132690906,0.9153638243390585,0.9555280281890304,11.666502884131836,55.2444615141721,14.773559540055247,69.95732564794604,18.874794672746155,89.37792912258988
993,0.8416556765002211,0.9799420189808555,0.5763425714709448,0.939370685639082,0.7936312537808072,0.9601802414813116,0.9908531000062681,0.9956200251206093,0.1583443234997789,0.020057981019144466,0.00914689999373186,0.00437997487939068,1.0911081025412606,1.5678006139753786,0.47669251143411806,0.9045791787635604,0.9246180103153371,13.828634248063443,87.33268072020752,14.919742350604704,94.2234114923958,15.396434862038822,97.23389207608898
994,0.7385600658577383,0.9498367527964712,0.5016931534061637,0.9199004323031907,0.7462766562490627,0.965102583894467,0.9721873314302745,0.9863058453986739,0.26143993414226174,0.05016324720352883,0.02781266856972553,0.013694154601326058,2.2350578633803297,3.646909260220277,1.411851396839947,0.885830045921591,0.9293580437502275,21.127668693873293,80.81270660960593,23.362726557253623,89.36173669834565,24.77457795409357,94.76202644930501
995,0.7854949603124287,0.9638225504150801,0.5245574342613759,0.9604357188811118,0.7088958133072222,0.9444223114462823,0.9817578919998385,0.9885626014893928,0.2145050396875713,0.03617744958491986,0.01824210800016146,0.01143739851060721,1.7935341584758402,2.4740051074312652,0.680470948955425,0.9248640255892188,0.9094437073186422,17.832759010265143,83.13445239439937,19.626293168740983,91.49572055429034,20.306764117696407,94.66800475771296
996,0.7287615695323418,0.9668348359085717,0.6850244717645326,0.9649113106687021,0.7454469469314637,0.9731369833275054,0.9889265408278439,0.9911068692213488,0.27123843046765816,0.033165164091428334,0.011073459172156075,0.00889313077865117,2.209170491927226,2.4272033312777164,0.21803283935049045,0.9291738547180093,0.937094872833894,23.80732663762298,87.77268986763922,26.01649712955021,95.91744460655384,26.2345299689007,96.72128659522251
997,0.7187546094665496,0.9731521269808692,0.4330155512206571,0.9451247314792687,0.6538506350908008,0.9619433608477864,0.9837189575240608,0.9901700127154712,0.28124539053345043,0.02684787301913083,0.0162810424759392,0.009829987284528774,1.056683054319163,1.7017885734602056,0.6451055191410426,0.9101201117948513,0.926315828964535,25.43975175143196,90.4539331406615,26.49643480575112,94.21109002175707,27.141540324892166,96.50483612695525
998,0.7227517021048679,0.9417141281169376,0.38865345327565676,0.9733541083740098,0.9122735187303571,0.9567553147375137,0.9625805093098908,0.9943569183033342,0.27724829789513206,0.058285871883062446,0.03741949069010919,0.00564308169666583,2.0866381192953254,5.2642790186396615,3.177640899344336,0.9373039562120093,0.9213199327101984,21.89624260120696,78.97701362801195,23.982880720502287,86.50325683721134,27.160521619846623,97.9646108778636
999,0.6937278090456708,0.9146067790162211,0.5438748909406691,0.9598076349249335,0.754309564002689,0.9452867938418281,0.95751511964395,0.976308065850843,0.3062721909543292,0.08539322098377888,0.042484880356050025,0.023691934149157046,4.290834062772886,6.170128683462184,1.879294620689298,0.9242592040017877,0.9102761718476863,22.087896997055033,72.11851956989703,26.37873105982792,86.12839114655849,28.258025680517218,92.26441875923042
1000,0.8163871704451119,0.9451427889999544,0.35619436994341347,0.9671049781062995,0.8342596978288106,0.9890375363831766,0.9627991264877778,0.9903673020219589,0.1836128295548881,0.05485721100004559,0.03720087351222223,0.009632697978041116,1.765633748782336,4.522451302200448,2.7568175534181116,0.9312862752134735,0.9524065165171329,12.875561855484252,70.12343247853119,14.641195604266589,79.73950208032625,17.3980131576847,94.75379906655076
