scenario,calibration_run,epoch,metric,value,generating_mean,simulated
S1,action,1,map50,0.5361023484451282,0.5343860396815756,True
S1,action,2,map50,0.5882937363209219,0.599042339795829,True
S1,action,3,map50,0.6261204240430961,0.641301349260212,True
S1,action,4,map50,0.6633879073146015,0.6689216102054732,True
S1,action,5,map50,0.695856855608687,0.6869740639745873,True
S1,action,6,map50,0.7071855931815909,0.698773050513196,True
S1,action,7,map50,0.7076420147434002,0.7064848045560983,True
S1,action,8,map50,0.7164042360968359,0.7115251654568941,True
S1,action,9,map50,0.7171596082880777,0.7148195181902587,True
S1,action,10,map50,0.7192567672154583,0.71697268939078,True
S1,action,11,map50,0.7188040613615071,0.7183799904887469,True
S1,action,12,map50,0.7275957870186821,0.7192997949055342,True
S1,action,13,map50,0.7176356253394504,0.7199009741175478,True
S1,action,14,map50,0.7133922119849389,0.7202939016120902,True
S1,action,15,map50,0.721620174997225,0.7205507169059028,True
S1,action,16,map50,0.7244411167831514,0.7207185699985271,True
S1,action,17,map50,0.7163291418617679,0.720828277875676,True
S1,action,18,map50,0.7237267262082088,0.7208999823532066,True
S1,action,19,map50,0.7192800295580035,0.7209468480134633,True
S1,action,20,map50,0.7286868481853281,0.7209774791565513,True
S1,action,21,map50,0.7242133857553631,0.7209974995066698,True
S1,action,22,map50,0.7264858449852287,0.7210105846996618,True
S1,action,23,map50,0.7334721027451541,0.721019137111314,True
S1,action,24,map50,0.6969312312627529,0.7210247269214999,True
S1,action,25,map50,0.7199566239272286,0.7210283803913262,True
S1,action,26,map50,0.7256026637777213,0.7210307682795242,True
S1,action,27,map50,0.735949703467676,0.7210323289903874,True
S1,action,28,map50,0.7204542355672595,0.7210333490626002,True
S1,action,29,map50,0.7204475424299692,0.7210340157763037,True
S1,action,30,map50,0.7242355014187466,0.7210344515367888,True
S1,action,31,map50,0.7214375763188068,0.7210347363474945,True
S1,action,32,map50,0.7152726687290671,0.7210349224982375,True
S1,action,33,map50,0.7275032976178286,0.7210350441653605,True
S1,action,34,map50,0.7218735806562926,0.7210351236863366,True
S1,action,35,map50,0.7147192635136295,0.7210351756608182,True
S1,action,36,map50,0.7285099119062609,0.7210352096310594,True
S1,action,37,map50,0.7144499999127816,0.7210352318338261,True
S1,action,38,map50,0.7232931213555627,0.7210352463454348,True
S1,action,39,map50,0.7199385638790535,0.721035255830144,True
S1,action,40,map50,0.7175122372461872,0.7210352620292989,True
S1,action,41,map50,0.7240709914325596,0.7210352660810332,True
S1,action,42,map50,0.7218831505879523,0.7210352687292249,True
S1,action,43,map50,0.7127031320762397,0.7210352704600687,True
S1,action,44,map50,0.7066786414164086,0.7210352715913388,True
S1,action,45,map50,0.7149038259797316,0.721035272330731,True
S1,action,46,map50,0.7150204551851651,0.7210352728139937,True
S1,action,47,map50,0.7180932679363156,0.7210352731298516,True
S1,action,48,map50,0.7232422725733368,0.7210352733362946,True
S1,action,49,map50,0.7212470639889745,0.7210352734712246,True
S1,action,50,map50,0.7218634537628795,0.7210352735594142,True
S1,action,51,map50,0.7179139323154723,0.7210352736170544,True
S1,action,52,map50,0.7184639891765362,0.7210352736547277,True
S1,action,53,map50,0.7309607984200781,0.7210352736793508,True
S1,action,54,map50,0.7315748265573924,0.7210352736954443,True
S1,action,55,map50,0.7180691382779424,0.721035273705963,True
S1,action,56,map50,0.7205923827564431,0.7210352737128379,True
S1,action,57,map50,0.7301739384967121,0.7210352737173313,True
S1,action,58,map50,0.7068715499464401,0.7210352737202682,True
S1,action,59,map50,0.7333436138613133,0.7210352737221877,True
S1,action,60,map50,0.7191713558032033,0.7210352737234423,True
S1,action,61,map50,0.7226718326632209,0.7210352737242622,True
S1,action,62,map50,0.7226782462677953,0.7210352737247983,True
S1,action,63,map50,0.7144089980538495,0.7210352737251485,True
S1,action,64,map50,0.7230111516718623,0.7210352737253775,True
S1,action,65,map50,0.7300720319635499,0.7210352737255271,True
S1,action,66,map50,0.7063447107098253,0.7210352737256249,True
S1,action,67,map50,0.7259278518568049,0.7210352737256889,True
S1,action,68,map50,0.7058264550190094,0.7210352737257306,True
S1,action,69,map50,0.7096879476609227,0.7210352737257579,True
S1,action,70,map50,0.7345571111048057,0.7210352737257758,True
S1,action,71,map50,0.7223387543290066,0.7210352737257875,True
S1,action,72,map50,0.7246919641761026,0.721035273725795,True
S1,action,73,map50,0.7172191419029633,0.7210352737258,True
S1,action,74,map50,0.7199208480735422,0.7210352737258033,True
S1,action,75,map50,0.7243774551309162,0.7210352737258054,True
S1,action,76,map50,0.7213030809432602,0.7210352737258068,True
S1,action,77,map50,0.7185749890693409,0.7210352737258078,True
S1,action,78,map50,0.7242804158753272,0.7210352737258083,True
S1,action,79,map50,0.7239842683642476,0.7210352737258087,True
S1,action,80,map50,0.7216879556678422,0.721035273725809,True
S1,action,81,map50,0.7190610751728733,0.7210352737258091,True
S1,action,82,map50,0.717510905699376,0.7210352737258092,True
S1,action,83,map50,0.729536177071033,0.7210352737258093,True
S1,action,84,map50,0.7138086645644969,0.7210352737258093,True
S1,action,85,map50,0.7186520247057472,0.7210352737258093,True
S1,action,86,map50,0.718698959655496,0.7210352737258094,True
S1,action,87,map50,0.720937014702535,0.7210352737258094,True
S1,action,88,map50,0.7288164242791302,0.7210352737258094,True
S1,action,89,map50,0.7199356040587782,0.7210352737258094,True
S1,action,90,map50,0.7051977701512803,0.7210352737258094,True
S1,action,91,map50,0.7250570397810617,0.7210352737258094,True
S1,action,92,map50,0.7229432607464807,0.7210352737258094,True
S1,action,93,map50,0.7143978564126924,0.7210352737258094,True
S1,action,94,map50,0.7249951572331823,0.7210352737258094,True
S1,action,95,map50,0.7201060978290309,0.7210352737258094,True
S1,action,96,map50,0.722636808401849,0.7210352737258094,True
S1,action,97,map50,0.727556988163724,0.7210352737258094,True
S1,action,98,map50,0.7178340983719017,0.7210352737258094,True
S1,action,99,map50,0.7213537743609535,0.7210352737258094,True
S1,action,100,map50,0.7246335546259886,0.7210352737258094,True
S1,action,101,map50,0.7221913873439666,0.7210352737258094,True
S1,action,102,map50,0.7092557219103971,0.7210352737258094,True
S1,action,103,map50,0.7131753046656559,0.7210352737258094,True
S1,action,104,map50,0.7230060855852871,0.7210352737258094,True
S1,action,105,map50,0.7249918671114775,0.7210352737258094,True
S1,action,106,map50,0.7186302839939772,0.7210352737258094,True
S1,action,107,map50,0.7139892396447493,0.7210352737258094,True
S1,action,108,map50,0.7185432296504289,0.7210352737258094,True
S1,action,109,map50,0.7355240499745554,0.7210352737258094,True
S1,action,110,map50,0.7227948392508863,0.7210352737258094,True
S1,action,111,map50,0.733459604089878,0.7210352737258094,True
S1,action,112,map50,0.7253448050971621,0.7210352737258094,True
S1,action,113,map50,0.7122749823720482,0.7210352737258094,True
S1,action,114,map50,0.7307759486003589,0.7210352737258094,True
S1,action,115,map50,0.7148523231094532,0.7210352737258094,True
S1,action,116,map50,0.7191713331947349,0.7210352737258094,True
S1,action,117,map50,0.7199019294235938,0.7210352737258094,True
S1,action,118,map50,0.7252920773891777,0.7210352737258094,True
S1,action,119,map50,0.717391110826481,0.7210352737258094,True
S1,action,120,map50,0.7212604472465431,0.7210352737258094,True
S1,action,121,map50,0.715430573005602,0.7210352737258094,True
S1,action,122,map50,0.7157238293484043,0.7210352737258094,True
S1,action,123,map50,0.7216047177142092,0.7210352737258094,True
S1,action,124,map50,0.7185041524828301,0.7210352737258094,True
S1,action,125,map50,0.7209787109493829,0.7210352737258094,True
S1,action,126,map50,0.7296646262648764,0.7210352737258094,True
S1,action,127,map50,0.7316485814680154,0.7210352737258094,True
S1,action,128,map50,0.7288209250312546,0.7210352737258094,True
S1,action,129,map50,0.7397044287366181,0.7210352737258094,True
S1,action,130,map50,0.7237160140400652,0.7210352737258094,True
S1,action,131,map50,0.7244373151209068,0.7210352737258094,True
S1,action,132,map50,0.7095867506352291,0.7210352737258094,True
S1,action,133,map50,0.7162573808567224,0.7210352737258094,True
S1,action,134,map50,0.7238669611950648,0.7210352737258094,True
S1,action,135,map50,0.724690639212991,0.7210352737258094,True
S1,action,136,map50,0.7165373535473433,0.7210352737258094,True
S1,action,137,map50,0.7266200496471955,0.7210352737258094,True
S1,action,138,map50,0.7200147215351781,0.7210352737258094,True
S1,action,139,map50,0.7242665232777982,0.7210352737258094,True
S1,action,140,map50,0.7095503432366104,0.7210352737258094,True
S1,action,141,map50,0.7233382500593483,0.7210352737258094,True
S1,action,142,map50,0.7139985369658052,0.7210352737258094,True
S1,action,143,map50,0.7174074275464475,0.7210352737258094,True
S1,action,144,map50,0.7115543977463047,0.7210352737258094,True
S1,action,145,map50,0.7225578229920828,0.7210352737258094,True
S1,action,146,map50,0.7242745770880817,0.7210352737258094,True
S1,action,147,map50,0.71162815230341,0.7210352737258094,True
S1,action,148,map50,0.732025466194438,0.7210352737258094,True
S1,action,149,map50,0.7238908488132174,0.7210352737258094,True
S1,action,150,map50,0.7269882316591733,0.7210352737258094,True
S1,action,151,map50,0.7207949120419411,0.7210352737258094,True
S1,action,152,map50,0.7216088046346042,0.7210352737258094,True
S1,action,153,map50,0.7168623546781328,0.7210352737258094,True
S1,action,154,map50,0.732162080909567,0.7210352737258094,True
S1,action,155,map50,0.7165373405213946,0.7210352737258094,True
S1,action,156,map50,0.7223655376024043,0.7210352737258094,True
S1,action,157,map50,0.7237457537004847,0.7210352737258094,True
S1,action,158,map50,0.7257176709238815,0.7210352737258094,True
S1,action,159,map50,0.7149027896015214,0.7210352737258094,True
S1,action,160,map50,0.7214452756868627,0.7210352737258094,True
S1,action,161,map50,0.7212221992874847,0.7210352737258094,True
S1,action,162,map50,0.7267441789036265,0.7210352737258094,True
S1,action,163,map50,0.7207557326622193,0.7210352737258094,True
S1,action,164,map50,0.7179041120791196,0.7210352737258094,True
S1,action,165,map50,0.7120362875517092,0.7210352737258094,True
S1,action,166,map50,0.7179674639982662,0.7210352737258094,True
S1,action,167,map50,0.7239137202528296,0.7210352737258094,True
S1,action,168,map50,0.7247543660332768,0.7210352737258094,True
S1,action,169,map50,0.7286304027502913,0.7210352737258094,True
S1,action,170,map50,0.7181994125507833,0.7210352737258094,True
S1,action,171,map50,0.7280023833097039,0.7210352737258094,True
S1,action,172,map50,0.732806584563393,0.7210352737258094,True
S1,action,173,map50,0.7243108531086474,0.7210352737258094,True
S1,action,174,map50,0.7252777497239298,0.7210352737258094,True
S1,action,175,map50,0.7274358977716884,0.7210352737258094,True
S1,action,176,map50,0.7216580747548553,0.7210352737258094,True
S1,action,177,map50,0.7236414690538868,0.7210352737258094,True
S1,action,178,map50,0.7235857404846483,0.7210352737258094,True
S1,action,179,map50,0.7252642769557964,0.7210352737258094,True
S1,action,180,map50,0.7161718706622769,0.7210352737258094,True
S1,action,181,map50,0.7104894076144688,0.7210352737258094,True
S1,action,182,map50,0.7152438395768496,0.7210352737258094,True
S1,action,183,map50,0.7255040933971643,0.7210352737258094,True
S1,action,184,map50,0.7353341367498287,0.7210352737258094,True
S1,action,185,map50,0.7140840602312656,0.7210352737258094,True
S1,action,186,map50,0.7097682753918192,0.7210352737258094,True
S1,action,187,map50,0.7248370506366654,0.7210352737258094,True
S1,action,188,map50,0.7071037668411614,0.7210352737258094,True
S1,action,189,map50,0.7251570352452977,0.7210352737258094,True
S1,action,190,map50,0.7215735893010223,0.7210352737258094,True
S1,action,191,map50,0.7154752237645545,0.7210352737258094,True
S1,action,192,map50,0.7265517615054503,0.7210352737258094,True
S1,action,193,map50,0.7261147972974079,0.7210352737258094,True
S1,action,194,map50,0.7145130635594341,0.7210352737258094,True
S1,action,195,map50,0.7171286855294465,0.7210352737258094,True
S1,action,196,map50,0.7115697820475648,0.7210352737258094,True
S1,action,197,map50,0.7213207520503332,0.7210352737258094,True
S1,action,198,map50,0.7119296250905836,0.7210352737258094,True
S1,action,199,map50,0.7086172744306543,0.7210352737258094,True
S1,action,200,map50,0.724581672533276,0.7210352737258094,True
S1,action,201,map50,0.716064200750427,0.7210352737258094,True
S1,action,202,map50,0.718167556302595,0.7210352737258094,True
S1,action,203,map50,0.7225652262252331,0.7210352737258094,True
S1,action,204,map50,0.7170015381101922,0.7210352737258094,True
S1,action,205,map50,0.7219940901112208,0.7210352737258094,True
S1,action,206,map50,0.7281192370723939,0.7210352737258094,True
S1,action,207,map50,0.7225061139281739,0.7210352737258094,True
S1,action,208,map50,0.7179402970819202,0.7210352737258094,True
S1,action,209,map50,0.7198421450665484,0.7210352737258094,True
S1,action,210,map50,0.7058137478744538,0.7210352737258094,True
S1,action,211,map50,0.719368027191509,0.7210352737258094,True
S1,action,212,map50,0.7189280094856766,0.7210352737258094,True
S1,action,213,map50,0.7225729784697253,0.7210352737258094,True
S1,action,214,map50,0.7295300255177265,0.7210352737258094,True
S1,action,215,map50,0.7257508259545415,0.7210352737258094,True
S1,action,216,map50,0.712291908536552,0.7210352737258094,True
S1,action,217,map50,0.7208295214948113,0.7210352737258094,True
S1,action,218,map50,0.728925403652732,0.7210352737258094,True
S1,action,219,map50,0.7217323396525536,0.7210352737258094,True
S1,action,220,map50,0.7242460830943517,0.7210352737258094,True
S1,action,221,map50,0.7180615634205023,0.7210352737258094,True
S1,action,222,map50,0.7228585138029096,0.7210352737258094,True
S1,action,223,map50,0.7207014189648555,0.7210352737258094,True
S1,action,224,map50,0.7274382110060305,0.7210352737258094,True
S1,action,225,map50,0.7234569532032075,0.7210352737258094,True
S1,action,226,map50,0.7201381427007698,0.7210352737258094,True
S1,action,227,map50,0.7241619723844162,0.7210352737258094,True
S1,action,228,map50,0.7234348585378262,0.7210352737258094,True
S1,action,229,map50,0.7091252279825756,0.7210352737258094,True
S1,action,230,map50,0.7263577775627755,0.7210352737258094,True
S1,action,231,map50,0.715473018837101,0.7210352737258094,True
S1,action,232,map50,0.7154690355860671,0.7210352737258094,True
S1,action,233,map50,0.7320028407051391,0.7210352737258094,True
S1,action,234,map50,0.7273793935991987,0.7210352737258094,True
S1,action,235,map50,0.719395966986344,0.7210352737258094,True
S1,action,236,map50,0.7330188392362212,0.7210352737258094,True
S1,action,237,map50,0.7152336929278402,0.7210352737258094,True
S1,action,238,map50,0.7227450847365675,0.7210352737258094,True
S1,action,239,map50,0.7121231519123572,0.7210352737258094,True
S1,action,240,map50,0.7027220992675485,0.7210352737258094,True
S1,action,241,map50,0.7170384989794885,0.7210352737258094,True
S1,action,242,map50,0.7308392589404241,0.7210352737258094,True
S1,action,243,map50,0.7361019502156787,0.7210352737258094,True
S1,action,244,map50,0.7283358901272834,0.7210352737258094,True
S1,action,245,map50,0.7288265275378875,0.7210352737258094,True
S1,action,246,map50,0.7287372865666822,0.7210352737258094,True
S1,action,247,map50,0.7121928376565673,0.7210352737258094,True
S1,action,248,map50,0.7139540134505435,0.7210352737258094,True
S1,action,249,map50,0.738172714061148,0.7210352737258094,True
S1,action,250,map50,0.7130050822656646,0.7210352737258094,True
S1,action,251,map50,0.717953832111664,0.7210352737258094,True
S1,action,252,map50,0.7125333898459736,0.7210352737258094,True
S1,action,253,map50,0.7280242861103431,0.7210352737258094,True
S1,action,254,map50,0.7242812837396927,0.7210352737258094,True
S1,action,255,map50,0.7231782788398673,0.7210352737258094,True
S1,action,256,map50,0.7278286075000232,0.7210352737258094,True
S1,action,257,map50,0.7319560652420144,0.7210352737258094,True
S1,action,258,map50,0.732515455142802,0.7210352737258094,True
S1,action,259,map50,0.7265253601977368,0.7210352737258094,True
S1,action,260,map50,0.7195495247110233,0.7210352737258094,True
S1,action,261,map50,0.7195142840624902,0.7210352737258094,True
S1,action,262,map50,0.7297418429917857,0.7210352737258094,True
S1,action,263,map50,0.720689593681012,0.7210352737258094,True
S1,action,264,map50,0.7173964551223795,0.7210352737258094,True
S1,action,265,map50,0.7199479113344043,0.7210352737258094,True
S1,action,266,map50,0.7098594641917689,0.7210352737258094,True
S1,action,267,map50,0.7184805910703802,0.7210352737258094,True
S1,action,268,map50,0.7249694484698895,0.7210352737258094,True
S1,action,269,map50,0.7234506186411217,0.7210352737258094,True
S1,action,270,map50,0.7158997412692741,0.7210352737258094,True
S1,action,271,map50,0.7279492637678021,0.7210352737258094,True
S1,action,272,map50,0.7274606031661669,0.7210352737258094,True
S1,action,273,map50,0.7220951438427681,0.7210352737258094,True
S1,action,274,map50,0.7188656805770409,0.7210352737258094,True
S1,action,275,map50,0.715183089921922,0.7210352737258094,True
S1,action,276,map50,0.7240144171056637,0.7210352737258094,True
S1,action,277,map50,0.7223496192472174,0.7210352737258094,True
S1,action,278,map50,0.7183656232377728,0.7210352737258094,True
S1,action,279,map50,0.7245612543234334,0.7210352737258094,True
S1,action,280,map50,0.7234098070017749,0.7210352737258094,True
S1,action,281,map50,0.7083375939067938,0.7210352737258094,True
S1,action,282,map50,0.7320846312866678,0.7210352737258094,True
S1,action,283,map50,0.7173399730760038,0.7210352737258094,True
S1,action,284,map50,0.7215428105135275,0.7210352737258094,True
S1,action,285,map50,0.7211039878399841,0.7210352737258094,True
S1,action,286,map50,0.7253514948914088,0.7210352737258094,True
S1,action,287,map50,0.7267864161327711,0.7210352737258094,True
S1,action,288,map50,0.7085814872237832,0.7210352737258094,True
S1,action,289,map50,0.7252457676338646,0.7210352737258094,True
S1,action,290,map50,0.7141390695383262,0.7210352737258094,True
S1,action,291,map50,0.7262111254185972,0.7210352737258094,True
S1,action,292,map50,0.7210056756687198,0.7210352737258094,True
S1,action,293,map50,0.7171168721807678,0.7210352737258094,True
S1,action,294,map50,0.7297259018982144,0.7210352737258094,True
S1,action,295,map50,0.7303319688848007,0.7210352737258094,True
S1,action,296,map50,0.72220479628194,0.7210352737258094,True
S1,action,297,map50,0.713187788243878,0.7210352737258094,True
S1,action,298,map50,0.7271465828849553,0.7210352737258094,True
S1,action,299,map50,0.7232189971009882,0.7210352737258094,True
S1,action,300,map50,0.7280535399927559,0.7210352737258094,True
S1,action,301,map50,0.7122051952580204,0.7210352737258094,True
S1,action,302,map50,0.7198080791717832,0.7210352737258094,True
S1,action,303,map50,0.7224197012924086,0.7210352737258094,True
S1,action,304,map50,0.7075244935691795,0.7210352737258094,True
S1,action,305,map50,0.7240274434021539,0.7210352737258094,True
S1,action,306,map50,0.7212957642883459,0.7210352737258094,True
S1,action,307,map50,0.7202629020139327,0.7210352737258094,True
S1,action,308,map50,0.7122420732462087,0.7210352737258094,True
S1,action,309,map50,0.729836132680249,0.7210352737258094,True
S1,action,310,map50,0.7175075202381781,0.7210352737258094,True
S1,action,311,map50,0.7241263876156298,0.7210352737258094,True
S1,action,312,map50,0.7162077847249639,0.7210352737258094,True
S1,action,313,map50,0.7135169860213587,0.7210352737258094,True
S1,action,314,map50,0.7195447009848919,0.7210352737258094,True
S1,action,315,map50,0.7205334962890299,0.7210352737258094,True
S1,action,316,map50,0.7223912873538291,0.7210352737258094,True
S1,action,317,map50,0.7195880717226615,0.7210352737258094,True
S1,action,318,map50,0.7281199530616743,0.7210352737258094,True
S1,action,319,map50,0.7172877293535622,0.7210352737258094,True
S1,action,320,map50,0.7199260031201485,0.7210352737258094,True
S1,action,321,map50,0.728025062636635,0.7210352737258094,True
S1,action,322,map50,0.7314589093929442,0.7210352737258094,True
S1,action,323,map50,0.715014406132845,0.7210352737258094,True
S1,action,324,map50,0.7166166299112354,0.7210352737258094,True
S1,action,325,map50,0.7309440966371742,0.7210352737258094,True
S1,action,326,map50,0.7283844994100842,0.7210352737258094,True
S1,action,327,map50,0.7164844550546576,0.7210352737258094,True
S1,action,328,map50,0.7065028900470527,0.7210352737258094,True
S1,action,329,map50,0.7190370341269842,0.7210352737258094,True
S1,action,330,map50,0.724601633495754,0.7210352737258094,True
S1,action,331,map50,0.7126731476400782,0.7210352737258094,True
S1,action,332,map50,0.7309761298226772,0.7210352737258094,True
S1,action,333,map50,0.7223289495960711,0.7210352737258094,True
S1,action,334,map50,0.7282843533573635,0.7210352737258094,True
S1,action,335,map50,0.7318914700697745,0.7210352737258094,True
S1,action,336,map50,0.7258882137701291,0.7210352737258094,True
S1,action,337,map50,0.7183831274001012,0.7210352737258094,True
S1,action,338,map50,0.7124779247164772,0.7210352737258094,True
S1,action,339,map50,0.7283372375208653,0.7210352737258094,True
S1,action,340,map50,0.7259488487811334,0.7210352737258094,True
S1,action,341,map50,0.7264733408058467,0.7210352737258094,True
S1,action,342,map50,0.7168272517653255,0.7210352737258094,True
S1,action,343,map50,0.7257375969114422,0.7210352737258094,True
S1,action,344,map50,0.7201405918529781,0.7210352737258094,True
S1,action,345,map50,0.7327747877245598,0.7210352737258094,True
S1,action,346,map50,0.7223803055583756,0.7210352737258094,True
S1,action,347,map50,0.7325255311011396,0.7210352737258094,True
S1,action,348,map50,0.7145521275258641,0.7210352737258094,True
S1,action,349,map50,0.7176272887863974,0.7210352737258094,True
S1,action,350,map50,0.7132419230839366,0.7210352737258094,True
S1,action,351,map50,0.7124347349813063,0.7210352737258094,True
S1,action,352,map50,0.7288456144615284,0.7210352737258094,True
S1,action,353,map50,0.7196530600012715,0.7210352737258094,True
S1,action,354,map50,0.7104714203958207,0.7210352737258094,True
S1,action,355,map50,0.7225817984170516,0.7210352737258094,True
S1,action,356,map50,0.72330589707813,0.7210352737258094,True
S1,action,357,map50,0.7146187411339195,0.7210352737258094,True
S1,action,358,map50,0.7113300330570373,0.7210352737258094,True
S1,action,359,map50,0.7205802665002018,0.7210352737258094,True
S1,action,360,map50,0.7287550338731392,0.7210352737258094,True
S1,action,361,map50,0.7252608220800624,0.7210352737258094,True
S1,action,362,map50,0.7220675150554601,0.7210352737258094,True
S1,action,363,map50,0.7218442679673645,0.7210352737258094,True
S1,action,364,map50,0.7236832092514017,0.7210352737258094,True
S1,action,365,map50,0.73194827103665,0.7210352737258094,True
S1,action,366,map50,0.7185225208129025,0.7210352737258094,True
S1,action,367,map50,0.7222768239117364,0.7210352737258094,True
S1,action,368,map50,0.7240036204043391,0.7210352737258094,True
S1,action,369,map50,0.7253068018694064,0.7210352737258094,True
S1,action,370,map50,0.7265048846415052,0.7210352737258094,True
S1,action,371,map50,0.7212409964163704,0.7210352737258094,True
S1,action,372,map50,0.718479463482284,0.7210352737258094,True
S1,action,373,map50,0.7220723271918121,0.7210352737258094,True
S1,action,374,map50,0.718352914654747,0.7210352737258094,True
S1,action,375,map50,0.7192495756915811,0.7210352737258094,True
S1,action,376,map50,0.7247878169919101,0.7210352737258094,True
S1,action,377,map50,0.7288874552746831,0.7210352737258094,True
S1,action,378,map50,0.7119539710569923,0.7210352737258094,True
S1,action,379,map50,0.7163669197788652,0.7210352737258094,True
S1,action,380,map50,0.7236040968584347,0.7210352737258094,True
S1,action,381,map50,0.7203613948198037,0.7210352737258094,True
S1,action,382,map50,0.713145283750106,0.7210352737258094,True
S1,action,383,map50,0.7210073287856991,0.7210352737258094,True
S1,action,384,map50,0.7308880425579668,0.7210352737258094,True
S1,action,385,map50,0.7234385316750098,0.7210352737258094,True
S1,action,386,map50,0.7241822058061508,0.7210352737258094,True
S1,action,387,map50,0.7211563936099723,0.7210352737258094,True
S1,action,388,map50,0.726322642615684,0.7210352737258094,True
S1,action,389,map50,0.7163494447318636,0.7210352737258094,True
S1,action,390,map50,0.7209600998734541,0.7210352737258094,True
S1,action,391,map50,0.7263300708840885,0.7210352737258094,True
S1,action,392,map50,0.7275684922688718,0.7210352737258094,True
S1,action,393,map50,0.720307904909792,0.7210352737258094,True
S1,action,394,map50,0.725612191580446,0.7210352737258094,True
S1,action,395,map50,0.7209686919523398,0.7210352737258094,True
S1,action,396,map50,0.7080494421945124,0.7210352737258094,True
S1,action,397,map50,0.716226003376271,0.7210352737258094,True
S1,action,398,map50,0.7209787388838947,0.7210352737258094,True
S1,action,399,map50,0.7211481922018312,0.7210352737258094,True
S1,action,400,map50,0.7262592688919187,0.7210352737258094,True
S1,action,401,map50,0.7177602680643798,0.7210352737258094,True
S1,action,402,map50,0.7330582934895493,0.7210352737258094,True
S1,action,403,map50,0.7309287164852731,0.7210352737258094,True
S1,action,404,map50,0.7254625828623105,0.7210352737258094,True
S1,action,405,map50,0.7234709942513904,0.7210352737258094,True
S1,action,406,map50,0.7233629237490109,0.7210352737258094,True
S1,action,407,map50,0.7190537654401498,0.7210352737258094,True
S1,action,408,map50,0.7231562217593814,0.7210352737258094,True
S1,action,409,map50,0.7352638336618601,0.7210352737258094,True
S1,action,410,map50,0.7316907954575658,0.7210352737258094,True
S1,action,411,map50,0.7278841324491477,0.7210352737258094,True
S1,action,412,map50,0.7162265900996513,0.7210352737258094,True
S1,action,413,map50,0.7130429345898981,0.7210352737258094,True
S1,action,414,map50,0.7181106436001777,0.7210352737258094,True
S1,action,415,map50,0.710041654369523,0.7210352737258094,True
S1,action,416,map50,0.7168408893558652,0.7210352737258094,True
S1,action,417,map50,0.7224077407169333,0.7210352737258094,True
S1,action,418,map50,0.728855933799472,0.7210352737258094,True
S1,action,419,map50,0.7216955842306743,0.7210352737258094,True
S1,action,420,map50,0.7190783007989652,0.7210352737258094,True
S1,action,421,map50,0.7221425289437916,0.7210352737258094,True
S1,action,422,map50,0.7264629118400197,0.7210352737258094,True
S1,action,423,map50,0.7289820175309136,0.7210352737258094,True
S1,action,424,map50,0.7189289641491426,0.7210352737258094,True
S1,action,425,map50,0.7269419533848542,0.7210352737258094,True
S1,action,426,map50,0.7209927457354147,0.7210352737258094,True
S1,action,427,map50,0.7162550111738193,0.7210352737258094,True
S1,action,428,map50,0.7276084564238554,0.7210352737258094,True
S1,action,429,map50,0.7239073920175633,0.7210352737258094,True
S1,action,430,map50,0.721997455057538,0.7210352737258094,True
S1,action,431,map50,0.720505038210043,0.7210352737258094,True
S1,action,432,map50,0.7244384996742578,0.7210352737258094,True
S1,action,433,map50,0.7200725281401404,0.7210352737258094,True
S1,action,434,map50,0.7348513870274178,0.7210352737258094,True
S1,action,435,map50,0.7233346238755255,0.7210352737258094,True
S1,action,436,map50,0.7238483957836765,0.7210352737258094,True
S1,action,437,map50,0.7092324621616181,0.7210352737258094,True
S1,action,438,map50,0.7169332745220593,0.7210352737258094,True
S1,action,439,map50,0.7169251958950835,0.7210352737258094,True
S1,action,440,map50,0.7080430295707325,0.7210352737258094,True
S1,action,441,map50,0.7191885061723678,0.7210352737258094,True
S1,action,442,map50,0.7199207933316208,0.7210352737258094,True
S1,action,443,map50,0.7168822229248066,0.7210352737258094,True
S1,action,444,map50,0.7349429263732314,0.7210352737258094,True
S1,action,445,map50,0.709515561450007,0.7210352737258094,True
S1,action,446,map50,0.7090310496911587,0.7210352737258094,True
S1,action,447,map50,0.7234854636100667,0.7210352737258094,True
S1,action,448,map50,0.7163079596017055,0.7210352737258094,True
S1,action,449,map50,0.7161998119443836,0.7210352737258094,True
S1,action,450,map50,0.7166833278760047,0.7210352737258094,True
S1,action,451,map50,0.7244056416559981,0.7210352737258094,True
S1,action,452,map50,0.714481824513327,0.7210352737258094,True
S1,action,453,map50,0.719373816197143,0.7210352737258094,True
S1,action,454,map50,0.715231935943859,0.7210352737258094,True
S1,action,455,map50,0.7242688377193047,0.7210352737258094,True
S1,action,456,map50,0.7168521666767853,0.7210352737258094,True
S1,action,457,map50,0.7166238064179022,0.7210352737258094,True
S1,action,458,map50,0.7251239041575769,0.7210352737258094,True
S1,action,459,map50,0.7113238786698279,0.7210352737258094,True
S1,action,460,map50,0.7204620654293803,0.7210352737258094,True
S1,action,461,map50,0.7144473264764325,0.7210352737258094,True
S1,action,462,map50,0.7147724677183889,0.7210352737258094,True
S1,action,463,map50,0.7154140105061518,0.7210352737258094,True
S1,action,464,map50,0.722516317850314,0.7210352737258094,True
S1,action,465,map50,0.720114677827978,0.7210352737258094,True
S1,action,466,map50,0.7193772393549134,0.7210352737258094,True
S1,action,467,map50,0.7135054684217113,0.7210352737258094,True
S1,action,468,map50,0.7214019052726879,0.7210352737258094,True
S1,action,469,map50,0.7181580167549865,0.7210352737258094,True
S1,action,470,map50,0.7289056370124867,0.7210352737258094,True
S1,action,471,map50,0.7187504187823581,0.7210352737258094,True
S1,action,472,map50,0.7157255727266028,0.7210352737258094,True
S1,action,473,map50,0.7132266998163111,0.7210352737258094,True
S1,action,474,map50,0.7304741172922048,0.7210352737258094,True
S1,action,475,map50,0.7149823530620294,0.7210352737258094,True
S1,action,476,map50,0.7131066023050192,0.7210352737258094,True
S1,action,477,map50,0.7237545874844102,0.7210352737258094,True
S1,action,478,map50,0.7182804946890055,0.7210352737258094,True
S1,action,479,map50,0.7117442485092685,0.7210352737258094,True
S1,action,480,map50,0.7231108660563029,0.7210352737258094,True
S1,action,481,map50,0.7237073878122556,0.7210352737258094,True
S1,action,482,map50,0.7196641086963326,0.7210352737258094,True
S1,action,483,map50,0.7247520281970996,0.7210352737258094,True
S1,action,484,map50,0.7107939502690153,0.7210352737258094,True
S1,action,485,map50,0.7219384686945445,0.7210352737258094,True
S1,action,486,map50,0.7210823321509124,0.7210352737258094,True
S1,action,487,map50,0.7277538980570702,0.7210352737258094,True
S1,action,488,map50,0.7283858958855568,0.7210352737258094,True
S1,action,489,map50,0.7283593336739115,0.7210352737258094,True
S1,action,490,map50,0.7183044250284111,0.7210352737258094,True
S1,action,491,map50,0.7210407125072346,0.7210352737258094,True
S1,action,492,map50,0.7239739226712164,0.7210352737258094,True
S1,action,493,map50,0.723298086384516,0.7210352737258094,True
S1,action,494,map50,0.721710825418351,0.7210352737258094,True
S1,action,495,map50,0.7251732852947286,0.7210352737258094,True
S1,action,496,map50,0.730129182156234,0.7210352737258094,True
S1,action,497,map50,0.7175256401617269,0.7210352737258094,True
S1,action,498,map50,0.7240935982616014,0.7210352737258094,True
S1,action,499,map50,0.7199346811160355,0.7210352737258094,True
S1,action,500,map50,0.727242552615744,0.7210352737258094,True
S1,action,501,map50,0.7193589054478027,0.7210352737258094,True
S1,action,502,map50,0.7248776298981078,0.7210352737258094,True
S1,action,503,map50,0.7309278439438783,0.7210352737258094,True
S1,action,504,map50,0.7173461822377281,0.7210352737258094,True
S1,action,505,map50,0.7139638952934017,0.7210352737258094,True
S1,action,506,map50,0.7227514914172347,0.7210352737258094,True
S1,action,507,map50,0.7226627515832543,0.7210352737258094,True
S1,action,508,map50,0.7160453344284301,0.7210352737258094,True
S1,action,509,map50,0.7242442715299284,0.7210352737258094,True
S1,action,510,map50,0.7211144292009382,0.7210352737258094,True
S1,action,511,map50,0.7210290276757658,0.7210352737258094,True
S1,action,512,map50,0.7218289297048818,0.7210352737258094,True
S1,action,513,map50,0.7119969369140817,0.7210352737258094,True
S1,action,514,map50,0.7238443109355879,0.7210352737258094,True
S1,action,515,map50,0.7154459330050205,0.7210352737258094,True
S1,action,516,map50,0.7138633441028778,0.7210352737258094,True
S1,action,517,map50,0.7241076720142888,0.7210352737258094,True
S1,action,518,map50,0.7266543696626889,0.7210352737258094,True
S1,action,519,map50,0.7271998581138227,0.7210352737258094,True
S1,action,520,map50,0.7252170315169809,0.7210352737258094,True
S1,action,521,map50,0.7194474059769544,0.7210352737258094,True
S1,action,522,map50,0.729349707793816,0.7210352737258094,True
S1,action,523,map50,0.7232905474420714,0.7210352737258094,True
S1,action,524,map50,0.7304564290920217,0.7210352737258094,True
S1,action,525,map50,0.7174799836900588,0.7210352737258094,True
S1,action,526,map50,0.7281188433108192,0.7210352737258094,True
S1,action,527,map50,0.7208170071369467,0.7210352737258094,True
S1,action,528,map50,0.7280193763995106,0.7210352737258094,True
S1,action,529,map50,0.7280548408887275,0.7210352737258094,True
S1,action,530,map50,0.7187736098031218,0.7210352737258094,True
S1,action,531,map50,0.7384791231869444,0.7210352737258094,True
S1,action,532,map50,0.7200283393075383,0.7210352737258094,True
S1,action,533,map50,0.7266722099147686,0.7210352737258094,True
S1,action,534,map50,0.7230095285155315,0.7210352737258094,True
S1,action,535,map50,0.7194943404072843,0.7210352737258094,True
S1,action,536,map50,0.7213678910704623,0.7210352737258094,True
S1,action,537,map50,0.7239479820282625,0.7210352737258094,True
S1,action,538,map50,0.7166977585608456,0.7210352737258094,True
S1,action,539,map50,0.7291730939808242,0.7210352737258094,True
S1,action,540,map50,0.7162182186887854,0.7210352737258094,True
S1,action,541,map50,0.7281304499917052,0.7210352737258094,True
S1,action,542,map50,0.7249999428789775,0.7210352737258094,True
S1,action,543,map50,0.7204156445293275,0.7210352737258094,True
S1,action,544,map50,0.7133068593201732,0.7210352737258094,True
S1,action,545,map50,0.720672509738647,0.7210352737258094,True
S1,action,546,map50,0.7331499652273277,0.7210352737258094,True
S1,action,547,map50,0.7227006160394064,0.7210352737258094,True
S1,action,548,map50,0.7089063581379387,0.7210352737258094,True
S1,action,549,map50,0.7166771991951937,0.7210352737258094,True
S1,action,550,map50,0.7159589460404214,0.7210352737258094,True
S1,action,551,map50,0.726926934217647,0.7210352737258094,True
S1,action,552,map50,0.7294743204664135,0.7210352737258094,True
S1,action,553,map50,0.7112231587686838,0.7210352737258094,True
S1,action,554,map50,0.7261488215088531,0.7210352737258094,True
S1,action,555,map50,0.7256754743016424,0.7210352737258094,True
S1,action,556,map50,0.7297429763354097,0.7210352737258094,True
S1,action,557,map50,0.7141784618801444,0.7210352737258094,True
S1,action,558,map50,0.7201574341474491,0.7210352737258094,True
S1,action,559,map50,0.72075689365578,0.7210352737258094,True
S1,action,560,map50,0.7227402131543379,0.7210352737258094,True
S1,action,561,map50,0.7205277167167745,0.7210352737258094,True
S1,action,562,map50,0.7217471217406076,0.7210352737258094,True
S1,action,563,map50,0.7274514818258139,0.7210352737258094,True
S1,action,564,map50,0.7138481917659488,0.7210352737258094,True
S1,action,565,map50,0.721943715427871,0.7210352737258094,True
S1,action,566,map50,0.7288989105753475,0.7210352737258094,True
S1,action,567,map50,0.7205198827691387,0.7210352737258094,True
S1,action,568,map50,0.7228838065372353,0.7210352737258094,True
S1,action,569,map50,0.730024042919997,0.7210352737258094,True
S1,action,570,map50,0.7204366410606206,0.7210352737258094,True
S1,action,571,map50,0.7268707571790785,0.7210352737258094,True
S1,action,572,map50,0.7179607957080665,0.7210352737258094,True
S1,action,573,map50,0.7289432479586994,0.7210352737258094,True
S1,action,574,map50,0.7219903874490136,0.7210352737258094,True
S1,action,575,map50,0.7168456257380009,0.7210352737258094,True
S1,action,576,map50,0.7190676825607774,0.7210352737258094,True
S1,action,577,map50,0.7208042732697021,0.7210352737258094,True
S1,action,578,map50,0.7216078405584867,0.7210352737258094,True
S1,action,579,map50,0.7079480583660995,0.7210352737258094,True
S1,action,580,map50,0.7192591403259708,0.7210352737258094,True
S1,action,581,map50,0.7314492543537456,0.7210352737258094,True
S1,action,582,map50,0.7188123592796726,0.7210352737258094,True
S1,action,583,map50,0.7097678252701444,0.7210352737258094,True
S1,action,584,map50,0.7107054514831724,0.7210352737258094,True
S1,action,585,map50,0.7173361521724695,0.7210352737258094,True
S1,action,586,map50,0.7225626514678569,0.7210352737258094,True
S1,action,587,map50,0.7172221044565734,0.7210352737258094,True
S1,action,588,map50,0.7149293503078167,0.7210352737258094,True
S1,action,589,map50,0.7184289888586967,0.7210352737258094,True
S1,action,590,map50,0.7173870538713875,0.7210352737258094,True
S1,action,591,map50,0.7328138409961695,0.7210352737258094,True
S1,action,592,map50,0.7193454085098934,0.7210352737258094,True
S1,action,593,map50,0.7144262858598829,0.7210352737258094,True
S1,action,594,map50,0.7174506188900126,0.7210352737258094,True
S1,action,595,map50,0.7252893184709917,0.7210352737258094,True
S1,action,596,map50,0.7219932140300794,0.7210352737258094,True
S1,action,597,map50,0.7190344611672107,0.7210352737258094,True
S1,action,598,map50,0.7132402253816468,0.7210352737258094,True
S1,action,599,map50,0.7221913578653706,0.7210352737258094,True
S1,action,600,map50,0.7217838437794434,0.7210352737258094,True
S1,action,601,map50,0.720546124505937,0.7210352737258094,True
S1,action,602,map50,0.7269833194090238,0.7210352737258094,True
S1,action,603,map50,0.7326580858250328,0.7210352737258094,True
S1,action,604,map50,0.7116214357725877,0.7210352737258094,True
S1,action,605,map50,0.7189430599599578,0.7210352737258094,True
S1,action,606,map50,0.7237109617867588,0.7210352737258094,True
S1,action,607,map50,0.7241056801652586,0.7210352737258094,True
S1,action,608,map50,0.7223527231793316,0.7210352737258094,True
S1,action,609,map50,0.7233250955429239,0.7210352737258094,True
S1,action,610,map50,0.706517699057037,0.7210352737258094,True
S1,action,611,map50,0.7230413867540895,0.7210352737258094,True
S1,action,612,map50,0.7202189091534259,0.7210352737258094,True
S1,action,613,map50,0.7233307409177757,0.7210352737258094,True
S1,action,614,map50,0.7247301418196859,0.7210352737258094,True
S1,action,615,map50,0.7345810161590594,0.7210352737258094,True
S1,action,616,map50,0.7261950124397004,0.7210352737258094,True
S1,action,617,map50,0.7142086256065558,0.7210352737258094,True
S1,action,618,map50,0.7227179000468432,0.7210352737258094,True
S1,action,619,map50,0.7121050151066999,0.7210352737258094,True
S1,action,620,map50,0.7186180448371843,0.7210352737258094,True
S1,action,621,map50,0.7190064993331214,0.7210352737258094,True
S1,action,622,map50,0.7278543798003383,0.7210352737258094,True
S1,action,623,map50,0.7160007049731476,0.7210352737258094,True
S1,action,624,map50,0.7207660453158794,0.7210352737258094,True
S1,action,625,map50,0.7219692714768574,0.7210352737258094,True
S1,action,626,map50,0.7193104127969707,0.7210352737258094,True
S1,action,627,map50,0.7208329748041633,0.7210352737258094,True
S1,action,628,map50,0.7149224900122059,0.7210352737258094,True
S1,action,629,map50,0.7099563119593316,0.7210352737258094,True
S1,action,630,map50,0.7198269883674279,0.7210352737258094,True
S1,action,631,map50,0.7333956968926847,0.7210352737258094,True
S1,action,632,map50,0.717473443147362,0.7210352737258094,True
S1,action,633,map50,0.7225505263219986,0.7210352737258094,True
S1,action,634,map50,0.7163416051893416,0.7210352737258094,True
S1,action,635,map50,0.7268307267032253,0.7210352737258094,True
S1,action,636,map50,0.7185103667072613,0.7210352737258094,True
S1,action,637,map50,0.7390061867922283,0.7210352737258094,True
S1,action,638,map50,0.7154825640118438,0.7210352737258094,True
S1,action,639,map50,0.7212903772927297,0.7210352737258094,True
S1,action,640,map50,0.7276998071257527,0.7210352737258094,True
S1,action,641,map50,0.7170533771330383,0.7210352737258094,True
S1,action,642,map50,0.7332351363234968,0.7210352737258094,True
S1,action,643,map50,0.7340291570130244,0.7210352737258094,True
S1,action,644,map50,0.7178059607594184,0.7210352737258094,True
S1,action,645,map50,0.7257873810085529,0.7210352737258094,True
S1,action,646,map50,0.7143721934470059,0.7210352737258094,True
S1,action,647,map50,0.7201283867918588,0.7210352737258094,True
S1,action,648,map50,0.71659857017156,0.7210352737258094,True
S1,action,649,map50,0.7154120721671414,0.7210352737258094,True
S1,action,650,map50,0.7226696917877811,0.7210352737258094,True
S1,action,651,map50,0.7196281417457391,0.7210352737258094,True
S1,action,652,map50,0.7234974230294693,0.7210352737258094,True
S1,action,653,map50,0.714428751629239,0.7210352737258094,True
S1,action,654,map50,0.7198814920914788,0.7210352737258094,True
S1,action,655,map50,0.7227072464234392,0.7210352737258094,True
S1,action,656,map50,0.725548426654927,0.7210352737258094,True
S1,action,657,map50,0.733642837133138,0.7210352737258094,True
S1,action,658,map50,0.714467129495276,0.7210352737258094,True
S1,action,659,map50,0.7278068271770344,0.7210352737258094,True
S1,action,660,map50,0.7204178331131473,0.7210352737258094,True
S1,action,661,map50,0.7327680751105491,0.7210352737258094,True
S1,action,662,map50,0.7206697640672003,0.7210352737258094,True
S1,action,663,map50,0.7173196287829803,0.7210352737258094,True
S1,action,664,map50,0.7173694822039114,0.7210352737258094,True
S1,action,665,map50,0.7128167573189842,0.7210352737258094,True
S1,action,666,map50,0.7291165099423411,0.7210352737258094,True
S1,action,667,map50,0.7254859837946771,0.7210352737258094,True
S1,action,668,map50,0.72686109647812,0.7210352737258094,True
S1,action,669,map50,0.7196282152091683,0.7210352737258094,True
S1,action,670,map50,0.7125064467051213,0.7210352737258094,True
S1,action,671,map50,0.7127441732910313,0.7210352737258094,True
S1,action,672,map50,0.7190205713927366,0.7210352737258094,True
S1,action,673,map50,0.710685657732362,0.7210352737258094,True
S1,action,674,map50,0.7269902558807995,0.7210352737258094,True
S1,action,675,map50,0.7147377015880517,0.7210352737258094,True
S1,action,676,map50,0.719369756163229,0.7210352737258094,True
S1,action,677,map50,0.7190262917273943,0.7210352737258094,True
S1,action,678,map50,0.7293859845343307,0.7210352737258094,True
S1,action,679,map50,0.7144664298488308,0.7210352737258094,True
S1,action,680,map50,0.7145431832150887,0.7210352737258094,True
S1,action,681,map50,0.7211028910607048,0.7210352737258094,True
S1,action,682,map50,0.7326106693769953,0.7210352737258094,True
S1,action,683,map50,0.7175791902501889,0.7210352737258094,True
S1,action,684,map50,0.704469829873412,0.7210352737258094,True
S1,action,685,map50,0.7213676122731653,0.7210352737258094,True
S1,action,686,map50,0.7196627645866273,0.7210352737258094,True
S1,action,687,map50,0.7257568273849222,0.7210352737258094,True
S1,action,688,map50,0.7247059563798367,0.7210352737258094,True
S1,action,689,map50,0.7089577556462493,0.7210352737258094,True
S1,action,690,map50,0.7086070912542543,0.7210352737258094,True
S1,action,691,map50,0.7134731277423706,0.7210352737258094,True
S1,action,692,map50,0.7220042657100662,0.7210352737258094,True
S1,action,693,map50,0.7313180663848018,0.7210352737258094,True
S1,action,694,map50,0.715347879833139,0.7210352737258094,True
S1,action,695,map50,0.7276627542950216,0.7210352737258094,True
S1,action,696,map50,0.7274315032235908,0.7210352737258094,True
S1,action,697,map50,0.7254297767970163,0.7210352737258094,True
S1,action,698,map50,0.7115580578184175,0.7210352737258094,True
S1,action,699,map50,0.7227090431713984,0.7210352737258094,True
S1,action,700,map50,0.7232855520600432,0.7210352737258094,True
S1,action,701,map50,0.7134646162858437,0.7210352737258094,True
S1,action,702,map50,0.7188806547997058,0.7210352737258094,True
S1,action,703,map50,0.7186775788765705,0.7210352737258094,True
S1,action,704,map50,0.7304843311811822,0.7210352737258094,True
S1,action,705,map50,0.7261796340752303,0.7210352737258094,True
S1,action,706,map50,0.7097172366883393,0.7210352737258094,True
S1,action,707,map50,0.7250019655550419,0.7210352737258094,True
S1,action,708,map50,0.696338634711134,0.7210352737258094,True
S1,action,709,map50,0.7207344270527879,0.7210352737258094,True
S1,action,710,map50,0.7297425070893272,0.7210352737258094,True
S1,action,711,map50,0.724556731525129,0.7210352737258094,True
S1,action,712,map50,0.7166714070235738,0.7210352737258094,True
S1,action,713,map50,0.7195541585923219,0.7210352737258094,True
S1,action,714,map50,0.726440677327659,0.7210352737258094,True
S1,action,715,map50,0.7256021301538402,0.7210352737258094,True
S1,action,716,map50,0.708534307357596,0.7210352737258094,True
S1,action,717,map50,0.7238758068700026,0.7210352737258094,True
S1,action,718,map50,0.7168498285380095,0.7210352737258094,True
S1,action,719,map50,0.7230582307659128,0.7210352737258094,True
S1,action,720,map50,0.7060090793969545,0.7210352737258094,True
S1,action,721,map50,0.7201440606416762,0.7210352737258094,True
S1,action,722,map50,0.7151504394119507,0.7210352737258094,True
S1,action,723,map50,0.7074691234262492,0.7210352737258094,True
S1,action,724,map50,0.7340232446572185,0.7210352737258094,True
S1,action,725,map50,0.706671879226353,0.7210352737258094,True
S1,action,726,map50,0.72485114860755,0.7210352737258094,True
S1,action,727,map50,0.7213394992751326,0.7210352737258094,True
S1,action,728,map50,0.7335832613330191,0.7210352737258094,True
S1,action,729,map50,0.7169388398032098,0.7210352737258094,True
S1,action,730,map50,0.722495522717177,0.7210352737258094,True
S1,action,731,map50,0.7249412731731689,0.7210352737258094,True
S1,action,732,map50,0.7194830882847698,0.7210352737258094,True
S1,action,733,map50,0.7341987015134016,0.7210352737258094,True
S1,action,734,map50,0.723357154721197,0.7210352737258094,True
S1,action,735,map50,0.7236089456292369,0.7210352737258094,True
S1,action,736,map50,0.7183855584147724,0.7210352737258094,True
S1,action,737,map50,0.7307231948839384,0.7210352737258094,True
S1,action,738,map50,0.720084382447578,0.7210352737258094,True
S1,action,739,map50,0.7259569058596242,0.7210352737258094,True
S1,action,740,map50,0.7183809656065675,0.7210352737258094,True
S1,action,741,map50,0.7179539097134745,0.7210352737258094,True
S1,action,742,map50,0.7090304252706424,0.7210352737258094,True
S1,action,743,map50,0.7219933677749298,0.7210352737258094,True
S1,action,744,map50,0.7121293431439,0.7210352737258094,True
S1,action,745,map50,0.713483848810506,0.7210352737258094,True
S1,action,746,map50,0.7101793723549359,0.7210352737258094,True
S1,action,747,map50,0.7154386910599912,0.7210352737258094,True
S1,action,748,map50,0.7179069612477231,0.7210352737258094,True
S1,action,749,map50,0.7227521493390585,0.7210352737258094,True
S1,action,750,map50,0.7343786260434141,0.7210352737258094,True
S1,action,751,map50,0.7250193982399435,0.7210352737258094,True
S1,action,752,map50,0.7141050617843235,0.7210352737258094,True
S1,action,753,map50,0.7353611963828194,0.7210352737258094,True
S1,action,754,map50,0.7248736646974963,0.7210352737258094,True
S1,action,755,map50,0.7217731825017047,0.7210352737258094,True
S1,action,756,map50,0.7292582642849306,0.7210352737258094,True
S1,action,757,map50,0.7157940995405276,0.7210352737258094,True
S1,action,758,map50,0.7192260582576887,0.7210352737258094,True
S1,action,759,map50,0.7298257310626564,0.7210352737258094,True
S1,action,760,map50,0.7282936727252828,0.7210352737258094,True
S1,action,761,map50,0.7156371307999664,0.7210352737258094,True
S1,action,762,map50,0.7212666319809796,0.7210352737258094,True
S1,action,763,map50,0.7134814717041175,0.7210352737258094,True
S1,action,764,map50,0.7124609403499774,0.7210352737258094,True
S1,action,765,map50,0.7216043820246945,0.7210352737258094,True
S1,action,766,map50,0.7173291068553349,0.7210352737258094,True
S1,action,767,map50,0.716302891012246,0.7210352737258094,True
S1,action,768,map50,0.710000247825521,0.7210352737258094,True
S1,action,769,map50,0.7177141404621808,0.7210352737258094,True
S1,action,770,map50,0.7217385416614926,0.7210352737258094,True
S1,action,771,map50,0.7137836355712326,0.7210352737258094,True
S1,action,772,map50,0.723992771036199,0.7210352737258094,True
S1,action,773,map50,0.716517543960372,0.7210352737258094,True
S1,action,774,map50,0.7104480142764796,0.7210352737258094,True
S1,action,775,map50,0.7132695140728698,0.7210352737258094,True
S1,action,776,map50,0.717763280310905,0.7210352737258094,True
S1,action,777,map50,0.7249329740278198,0.7210352737258094,True
S1,action,778,map50,0.7207485283357156,0.7210352737258094,True
S1,action,779,map50,0.73091782787052,0.7210352737258094,True
S1,action,780,map50,0.7319281984450846,0.7210352737258094,True
S1,action,781,map50,0.727487032985324,0.7210352737258094,True
S1,action,782,map50,0.7160520271248734,0.7210352737258094,True
S1,action,783,map50,0.7154876403727662,0.7210352737258094,True
S1,action,784,map50,0.7191262892423277,0.7210352737258094,True
S1,action,785,map50,0.7238656568480633,0.7210352737258094,True
S1,action,786,map50,0.7207258759855149,0.7210352737258094,True
S1,action,787,map50,0.7314635363335773,0.7210352737258094,True
S1,action,788,map50,0.7090042523550165,0.7210352737258094,True
S1,action,789,map50,0.7249534107745548,0.7210352737258094,True
S1,action,790,map50,0.7241999782734896,0.7210352737258094,True
S1,action,791,map50,0.7242650381160707,0.7210352737258094,True
S1,action,792,map50,0.7215075510521016,0.7210352737258094,True
S1,action,793,map50,0.7199509222180316,0.7210352737258094,True
S1,action,794,map50,0.7227663288400002,0.7210352737258094,True
S1,action,795,map50,0.7228040546905462,0.7210352737258094,True
S1,action,796,map50,0.7208285059226213,0.7210352737258094,True
S1,action,797,map50,0.7226188028083076,0.7210352737258094,True
S1,action,798,map50,0.7134302447311568,0.7210352737258094,True
S1,action,799,map50,0.7110176500460946,0.7210352737258094,True
S1,action,800,map50,0.7241500354680195,0.7210352737258094,True
S1,action,801,map50,0.72246707813732,0.7210352737258094,True
S1,action,802,map50,0.7244652596042035,0.7210352737258094,True
S1,action,803,map50,0.7149455869977568,0.7210352737258094,True
S1,action,804,map50,0.7177621997679202,0.7210352737258094,True
S1,action,805,map50,0.7206189593263712,0.7210352737258094,True
S1,action,806,map50,0.7123654905771575,0.7210352737258094,True
S1,action,807,map50,0.7202187211579698,0.7210352737258094,True
S1,action,808,map50,0.7256174555560804,0.7210352737258094,True
S1,action,809,map50,0.7225721349342932,0.7210352737258094,True
S1,action,810,map50,0.7203442225949775,0.7210352737258094,True
S1,action,811,map50,0.7237965001872868,0.7210352737258094,True
S1,action,812,map50,0.7204702703740218,0.7210352737258094,True
S1,action,813,map50,0.7280294813806054,0.7210352737258094,True
S1,action,814,map50,0.7185658507426861,0.7210352737258094,True
S1,action,815,map50,0.7178589194252317,0.7210352737258094,True
S1,action,816,map50,0.7252770764043588,0.7210352737258094,True
S1,action,817,map50,0.7056629003772589,0.7210352737258094,True
S1,action,818,map50,0.7121694737688192,0.7210352737258094,True
S1,action,819,map50,0.7135510524610008,0.7210352737258094,True
S1,action,820,map50,0.723691243465826,0.7210352737258094,True
S1,action,821,map50,0.7280312717853247,0.7210352737258094,True
S1,action,822,map50,0.7087776765615135,0.7210352737258094,True
S1,action,823,map50,0.7211177549161274,0.7210352737258094,True
S1,action,824,map50,0.6995042686144444,0.7210352737258094,True
S1,action,825,map50,0.7049664571119197,0.7210352737258094,True
S1,action,826,map50,0.7410136342344986,0.7210352737258094,True
S1,action,827,map50,0.7150156307166216,0.7210352737258094,True
S1,action,828,map50,0.730105073350467,0.7210352737258094,True
S1,action,829,map50,0.7208819056790587,0.7210352737258094,True
S1,action,830,map50,0.7199965915033226,0.7210352737258094,True
S1,action,831,map50,0.7205184592809054,0.7210352737258094,True
S1,action,832,map50,0.7292457338136067,0.7210352737258094,True
S1,action,833,map50,0.7169874993359698,0.7210352737258094,True
S1,action,834,map50,0.7255581106226774,0.7210352737258094,True
S1,action,835,map50,0.7292566637998312,0.7210352737258094,True
S1,action,836,map50,0.7135398366096415,0.7210352737258094,True
S1,action,837,map50,0.723232172754407,0.7210352737258094,True
S1,action,838,map50,0.7181137862067571,0.7210352737258094,True
S1,action,839,map50,0.7158607837336574,0.7210352737258094,True
S1,action,840,map50,0.7168741525402237,0.7210352737258094,True
S1,action,841,map50,0.7252174881033961,0.7210352737258094,True
S1,action,842,map50,0.7148273713718607,0.7210352737258094,True
S1,action,843,map50,0.7101561761592293,0.7210352737258094,True
S1,action,844,map50,0.7221714701508158,0.7210352737258094,True
S1,action,845,map50,0.7112288943618351,0.7210352737258094,True
S1,action,846,map50,0.7225092517833894,0.7210352737258094,True
S1,action,847,map50,0.7206288426952384,0.7210352737258094,True
S1,action,848,map50,0.7244506952406597,0.7210352737258094,True
S1,action,849,map50,0.7148663286111836,0.7210352737258094,True
S1,action,850,map50,0.7185807735520205,0.7210352737258094,True
S1,action,851,map50,0.7264772798835348,0.7210352737258094,True
S1,action,852,map50,0.7114054190398459,0.7210352737258094,True
S1,action,853,map50,0.7196315647067344,0.7210352737258094,True
S1,action,854,map50,0.7090593138710064,0.7210352737258094,True
S1,action,855,map50,0.7162755050842711,0.7210352737258094,True
S1,action,856,map50,0.714734886147754,0.7210352737258094,True
S1,action,857,map50,0.7238837159332607,0.7210352737258094,True
S1,action,858,map50,0.7260533893115205,0.7210352737258094,True
S1,action,859,map50,0.7285277617580154,0.7210352737258094,True
S1,action,860,map50,0.7234942651691756,0.7210352737258094,True
S1,action,861,map50,0.7190934368512075,0.7210352737258094,True
S1,action,862,map50,0.7139141599709502,0.7210352737258094,True
S1,action,863,map50,0.7224976496710076,0.7210352737258094,True
S1,action,864,map50,0.713370442417927,0.7210352737258094,True
S1,action,865,map50,0.7175910060390616,0.7210352737258094,True
S1,action,866,map50,0.7151674541046698,0.7210352737258094,True
S1,action,867,map50,0.7232970307011413,0.7210352737258094,True
S1,action,868,map50,0.7254943987659012,0.7210352737258094,True
S1,action,869,map50,0.7211791444294302,0.7210352737258094,True
S1,action,870,map50,0.7332254295207988,0.7210352737258094,True
S1,action,871,map50,0.7218810050191996,0.7210352737258094,True
S1,action,872,map50,0.7256378884829842,0.7210352737258094,True
S1,action,873,map50,0.7246254999913051,0.7210352737258094,True
S1,action,874,map50,0.7323830302539698,0.7210352737258094,True
S1,action,875,map50,0.7276178743253267,0.7210352737258094,True
S1,action,876,map50,0.7218708095061638,0.7210352737258094,True
S1,action,877,map50,0.7176396728531034,0.7210352737258094,True
S1,action,878,map50,0.7197127457081237,0.7210352737258094,True
S1,action,879,map50,0.7241132454352582,0.7210352737258094,True
S1,action,880,map50,0.7132909726852185,0.7210352737258094,True
S1,action,881,map50,0.7081378346268874,0.7210352737258094,True
S1,action,882,map50,0.7156803514924963,0.7210352737258094,True
S1,action,883,map50,0.7157872276952557,0.7210352737258094,True
S1,action,884,map50,0.7163277740869167,0.7210352737258094,True
S1,action,885,map50,0.7207425215790207,0.7210352737258094,True
S1,action,886,map50,0.7181933438550275,0.7210352737258094,True
S1,action,887,map50,0.722345529509486,0.7210352737258094,True
S1,action,888,map50,0.7192248197453471,0.7210352737258094,True
S1,action,889,map50,0.7217579727913382,0.7210352737258094,True
S1,action,890,map50,0.7151903920299322,0.7210352737258094,True
S1,action,891,map50,0.7217577022480209,0.7210352737258094,True
S1,action,892,map50,0.7206349734302276,0.7210352737258094,True
S1,action,893,map50,0.7204334358201433,0.7210352737258094,True
S1,action,894,map50,0.7238064151517486,0.7210352737258094,True
S1,action,895,map50,0.7045058195154913,0.7210352737258094,True
S1,action,896,map50,0.7220345831252425,0.7210352737258094,True
S1,action,897,map50,0.7166960035384418,0.7210352737258094,True
S1,action,898,map50,0.7123430625769727,0.7210352737258094,True
S1,action,899,map50,0.7288494473259998,0.7210352737258094,True
S1,action,900,map50,0.7161548826079308,0.7210352737258094,True
S1,action,901,map50,0.7275093182750983,0.7210352737258094,True
S1,action,902,map50,0.7295533535885473,0.7210352737258094,True
S1,action,903,map50,0.7311593311072874,0.7210352737258094,True
S1,action,904,map50,0.7163945181924964,0.7210352737258094,True
S1,action,905,map50,0.7126129501842327,0.7210352737258094,True
S1,action,906,map50,0.7217890639861455,0.7210352737258094,True
S1,action,907,map50,0.7228187667306375,0.7210352737258094,True
S1,action,908,map50,0.7269277288219901,0.7210352737258094,True
S1,action,909,map50,0.7213979806634107,0.7210352737258094,True
S1,action,910,map50,0.7263910338217321,0.7210352737258094,True
S1,action,911,map50,0.7185443853077186,0.7210352737258094,True
S1,action,912,map50,0.7306894395782243,0.7210352737258094,True
S1,action,913,map50,0.7194347563961895,0.7210352737258094,True
S1,action,914,map50,0.7276843979489963,0.7210352737258094,True
S1,action,915,map50,0.7241611486127885,0.7210352737258094,True
S1,action,916,map50,0.7266980084297472,0.7210352737258094,True
S1,action,917,map50,0.7279054132130941,0.7210352737258094,True
S1,action,918,map50,0.7245125034401205,0.7210352737258094,True
S1,action,919,map50,0.724450563419095,0.7210352737258094,True
S1,action,920,map50,0.709149743823607,0.7210352737258094,True
S1,action,921,map50,0.7247795322024778,0.7210352737258094,True
S1,action,922,map50,0.7279128256183267,0.7210352737258094,True
S1,action,923,map50,0.7258432008165495,0.7210352737258094,True
S1,action,924,map50,0.7288761417931381,0.7210352737258094,True
S1,action,925,map50,0.7305544189641523,0.7210352737258094,True
S1,action,926,map50,0.7224537425823938,0.7210352737258094,True
S1,action,927,map50,0.7215037154238192,0.7210352737258094,True
S1,action,928,map50,0.7119758848044704,0.7210352737258094,True
S1,action,929,map50,0.7269929300258763,0.7210352737258094,True
S1,action,930,map50,0.7185238167241967,0.7210352737258094,True
S1,action,931,map50,0.7073563385545487,0.7210352737258094,True
S1,action,932,map50,0.7227142353260646,0.7210352737258094,True
S1,action,933,map50,0.7263982078255234,0.7210352737258094,True
S1,action,934,map50,0.7220612456639014,0.7210352737258094,True
S1,action,935,map50,0.7209430784829788,0.7210352737258094,True
S1,action,936,map50,0.7245137781016682,0.7210352737258094,True
S1,action,937,map50,0.7191459202818751,0.7210352737258094,True
S1,action,938,map50,0.722406293421683,0.7210352737258094,True
S1,action,939,map50,0.7157256110776802,0.7210352737258094,True
S1,action,940,map50,0.7263794117128427,0.7210352737258094,True
S1,action,941,map50,0.7081133796263266,0.7210352737258094,True
S1,action,942,map50,0.7220398322259454,0.7210352737258094,True
S1,action,943,map50,0.7280231702049547,0.7210352737258094,True
S1,action,944,map50,0.7226320910220847,0.7210352737258094,True
S1,action,945,map50,0.7135201396678418,0.7210352737258094,True
S1,action,946,map50,0.713906644535808,0.7210352737258094,True
S1,action,947,map50,0.7322536450710212,0.7210352737258094,True
S1,action,948,map50,0.7194900527306339,0.7210352737258094,True
S1,action,949,map50,0.7188950127061676,0.7210352737258094,True
S1,action,950,map50,0.7145742335937932,0.7210352737258094,True
S1,action,951,map50,0.7162482596941931,0.7210352737258094,True
S1,action,952,map50,0.720403653810528,0.7210352737258094,True
S1,action,953,map50,0.7166549195678554,0.7210352737258094,True
S1,action,954,map50,0.7329411956939981,0.7210352737258094,True
S1,action,955,map50,0.7145283779192044,0.7210352737258094,True
S1,action,956,map50,0.7247118720454808,0.7210352737258094,True
S1,action,957,map50,0.7123663953072987,0.7210352737258094,True
S1,action,958,map50,0.717924820940094,0.7210352737258094,True
S1,action,959,map50,0.7344919994803295,0.7210352737258094,True
S1,action,960,map50,0.7207594048133846,0.7210352737258094,True
S1,action,961,map50,0.7319890771125028,0.7210352737258094,True
S1,action,962,map50,0.7161174578409881,0.7210352737258094,True
S1,action,963,map50,0.7204155728867536,0.7210352737258094,True
S1,action,964,map50,0.7247222909877138,0.7210352737258094,True
S1,action,965,map50,0.7207794602594543,0.7210352737258094,True
S1,action,966,map50,0.7167406553020568,0.7210352737258094,True
S1,action,967,map50,0.721592117372593,0.7210352737258094,True
S1,action,968,map50,0.7268845740582534,0.7210352737258094,True
S1,action,969,map50,0.7073889650432744,0.7210352737258094,True
S1,action,970,map50,0.7077791463393484,0.7210352737258094,True
S1,action,971,map50,0.7211696439262406,0.7210352737258094,True
S1,action,972,map50,0.7313900964590907,0.7210352737258094,True
S1,action,973,map50,0.7167470445805815,0.7210352737258094,True
S1,action,974,map50,0.7247518927869908,0.7210352737258094,True
S1,action,975,map50,0.7155572787391807,0.7210352737258094,True
S1,action,976,map50,0.7271540691185119,0.7210352737258094,True
S1,action,977,map50,0.7165155138991158,0.7210352737258094,True
S1,action,978,map50,0.716164801100165,0.7210352737258094,True
S1,action,979,map50,0.7268778068151746,0.7210352737258094,True
S1,action,980,map50,0.7226498917490688,0.7210352737258094,True
S1,action,981,map50,0.7179477356296635,0.7210352737258094,True
S1,action,982,map50,0.7251750658343951,0.7210352737258094,True
S1,action,983,map50,0.724278657001829,0.7210352737258094,True
S1,action,984,map50,0.7130050439355927,0.7210352737258094,True
S1,action,985,map50,0.7170470437112536,0.7210352737258094,True
S1,action,986,map50,0.7204893167058259,0.7210352737258094,True
S1,action,987,map50,0.7147507372371209,0.7210352737258094,True
S1,action,988,map50,0.7275293108782108,0.7210352737258094,True
S1,action,989,map50,0.7320113810982882,0.7210352737258094,True
S1,action,990,map50,0.7207282149005624,0.7210352737258094,True
S1,action,991,map50,0.7159226628119807,0.7210352737258094,True
S1,action,992,map50,0.7249102437949466,0.7210352737258094,True
S1,action,993,map50,0.7277475485177316,0.7210352737258094,True
S1,action,994,map50,0.7179319694256321,0.7210352737258094,True
S1,action,995,map50,0.7221053867544794,0.7210352737258094,True
S1,action,996,map50,0.7207213733410568,0.7210352737258094,True
S1,action,997,map50,0.7146987683973539,0.7210352737258094,True
S1,action,998,map50,0.7102183114506845,0.7210352737258094,True
S1,action,999,map50,0.7271957170680303,0.7210352737258094,True
S1,action,1000,map50,0.7216098266419505,0.7210352737258094,True
S2,action300,1,map50,0.5347222474157501,0.5345295749095338,True
S2,action300,2,map50,0.5986931134266466,0.5969379415340677,True
S2,action300,3,map50,0.643917258946211,0.6387398994950271,True
S2,action300,4,map50,0.6699597069145338,0.6667394095588408,True
S2,action300,5,map50,0.6889568724061287,0.6854938555717713,True
S2,action300,6,map50,0.6942308373710134,0.6980558341367642,True
S2,action300,7,map50,0.6996970721426371,0.7064700152519268,True
S2,action300,8,map50,0.7118588260347765,0.7121059462059931,True
S2,action300,9,map50,0.7181038280019082,0.715880968074938,True
S2,action300,10,map50,0.7150795584678457,0.7184095281703612,True
S2,action300,11,map50,0.7208707479816977,0.7201031915127549,True
S2,action300,12,map50,0.7237444424561522,0.7212376298528048,True
S2,action300,13,map50,0.727568605603717,0.7219974918130667,True
S2,action300,14,map50,0.7184954756525143,0.7225064575084854,True
S2,action300,15,map50,0.7251963813291977,0.7228473695328533,True
S2,action300,16,map50,0.7242900607411287,0.7230757169625618,True
S2,action300,17,map50,0.7184990517458117,0.7232286671225073,True
S2,action300,18,map50,0.7266692796642097,0.7233311151835924,True
S2,action300,19,map50,0.7188147367822723,0.7233997362639745,True
S2,action300,20,map50,0.7169067493760005,0.723445699580634,True
S2,action300,21,map50,0.7272259247352144,0.7234764864243646,True
S2,action300,22,map50,0.7262768296830004,0.723497107863716,True
S2,action300,23,map50,0.7215492054913762,0.7235109203793688,True
S2,action300,24,map50,0.7206558677028718,0.723520172186937,True
S2,action300,25,map50,0.7248033406481692,0.723526369171283,True
S2,action300,26,map50,0.7198940921430809,0.7235305199942114,True
S2,action300,27,map50,0.7250336768162634,0.7235333002708785,True
S2,action300,28,map50,0.7293716547131196,0.7235351625373444,True
S2,action300,29,map50,0.7207584993140329,0.7235364099083098,True
S2,action300,30,map50,0.7240159025153219,0.7235372454140516,True
S2,action300,31,map50,0.7293134704109842,0.7235378050469629,True
S2,action300,32,map50,0.7211846847572485,0.7235381798965654,True
S2,action300,33,map50,0.7220263094055624,0.7235384309758386,True
S2,action300,34,map50,0.7281470405432448,0.723538599152091,True
S2,action300,35,map50,0.7194123632872104,0.7235387117987923,True
S2,action300,36,map50,0.7240782127627367,0.7235387872510582,True
S2,action300,37,map50,0.7303577699573477,0.7235388377899942,True
S2,action300,38,map50,0.7213494100581661,0.7235388716416489,True
S2,action300,39,map50,0.7192569598185258,0.7235388943159397,True
S2,action300,40,map50,0.7273035936173896,0.7235389095034825,True
S2,action300,41,map50,0.7169382725493455,0.7235389196763018,True
S2,action300,42,map50,0.7277323744827073,0.723538926490192,True
S2,action300,43,map50,0.7180718865290335,0.7235389310542267,True
S2,action300,44,map50,0.7212397619459194,0.7235389341112782,True
S2,action300,45,map50,0.7192470569520295,0.7235389361589322,True
S2,action300,46,map50,0.7177683281468316,0.7235389375304782,True
S2,action300,47,map50,0.7271557707626263,0.723538938449158,True
S2,action300,48,map50,0.7247857499131607,0.723538939064502,True
S2,action300,49,map50,0.7225561987743262,0.7235389394766676,True
S2,action300,50,map50,0.7203970863937698,0.7235389397527416,True
S2,action300,51,map50,0.7260911353837768,0.7235389399376597,True
S2,action300,52,map50,0.72258237510943,0.7235389400615203,True
S2,action300,53,map50,0.7265193878470244,0.7235389401444838,True
S2,action300,54,map50,0.7259830188716899,0.7235389402000539,True
S2,action300,55,map50,0.7259827283818813,0.7235389402372755,True
S2,action300,56,map50,0.7251553649597432,0.723538940262207,True
S2,action300,57,map50,0.7240584670709415,0.7235389402789064,True
S2,action300,58,map50,0.7176699988901089,0.7235389402900919,True
S2,action300,59,map50,0.719594567372075,0.7235389402975841,True
S2,action300,60,map50,0.7303849972200583,0.7235389403026026,True
S2,action300,61,map50,0.7156919756898321,0.7235389403059639,True
S2,action300,62,map50,0.718900480281909,0.7235389403082154,True
S2,action300,63,map50,0.721161670405609,0.7235389403097234,True
S2,action300,64,map50,0.7223808065003723,0.7235389403107336,True
S2,action300,65,map50,0.7246162946472686,0.7235389403114102,True
S2,action300,66,map50,0.7188821570512955,0.7235389403118634,True
S2,action300,67,map50,0.7264316115599498,0.7235389403121669,True
S2,action300,68,map50,0.716276493393646,0.7235389403123703,True
S2,action300,69,map50,0.7333152722228403,0.7235389403125065,True
S2,action300,70,map50,0.7194267944956826,0.7235389403125977,True
S2,action300,71,map50,0.7213626612292582,0.7235389403126589,True
S2,action300,72,map50,0.7232213889253886,0.7235389403126997,True
S2,action300,73,map50,0.7190757212747256,0.7235389403127271,True
S2,action300,74,map50,0.7290028349762835,0.7235389403127455,True
S2,action300,75,map50,0.727247886870815,0.7235389403127578,True
S2,action300,76,map50,0.7227826586904385,0.723538940312766,True
S2,action300,77,map50,0.7284089344274098,0.7235389403127716,True
S2,action300,78,map50,0.7198368280129662,0.7235389403127752,True
S2,action300,79,map50,0.7278738039029863,0.7235389403127778,True
S2,action300,80,map50,0.7246130060067679,0.7235389403127794,True
S2,action300,81,map50,0.7236352206155173,0.7235389403127805,True
S2,action300,82,map50,0.7238787651452422,0.7235389403127812,True
S2,action300,83,map50,0.7264977190368583,0.7235389403127818,True
S2,action300,84,map50,0.7260678004760429,0.7235389403127821,True
S2,action300,85,map50,0.7219750071842422,0.7235389403127823,True
S2,action300,86,map50,0.7288760922433274,0.7235389403127824,True
S2,action300,87,map50,0.7279035043283684,0.7235389403127825,True
S2,action300,88,map50,0.7175550398238174,0.7235389403127827,True
S2,action300,89,map50,0.7289458705135095,0.7235389403127827,True
S2,action300,90,map50,0.7235748405452856,0.7235389403127827,True
S2,action300,91,map50,0.723376824351835,0.7235389403127828,True
S2,action300,92,map50,0.7196376112423085,0.7235389403127828,True
S2,action300,93,map50,0.7241098355166202,0.7235389403127828,True
S2,action300,94,map50,0.7266867651830831,0.7235389403127828,True
S2,action300,95,map50,0.7215015147239362,0.7235389403127828,True
S2,action300,96,map50,0.7257872313870228,0.7235389403127828,True
S2,action300,97,map50,0.724494939071165,0.7235389403127828,True
S2,action300,98,map50,0.7178358184258129,0.7235389403127828,True
S2,action300,99,map50,0.7203582293433767,0.7235389403127828,True
S2,action300,100,map50,0.7251696995351928,0.7235389403127828,True
S2,action300,101,map50,0.7185301914883336,0.7235389403127828,True
S2,action300,102,map50,0.7224508350231725,0.7235389403127828,True
S2,action300,103,map50,0.7251458405370953,0.7235389403127828,True
S2,action300,104,map50,0.725131915376613,0.7235389403127828,True
S2,action300,105,map50,0.7165201976701023,0.7235389403127828,True
S2,action300,106,map50,0.7226232098884637,0.7235389403127828,True
S2,action300,107,map50,0.7237480277183993,0.7235389403127828,True
S2,action300,108,map50,0.7176417958324011,0.7235389403127828,True
S2,action300,109,map50,0.7169872333554527,0.7235389403127828,True
S2,action300,110,map50,0.7252290617275268,0.7235389403127828,True
S2,action300,111,map50,0.7266285714015057,0.7235389403127828,True
S2,action300,112,map50,0.725105212611461,0.7235389403127828,True
S2,action300,113,map50,0.7247265413435524,0.7235389403127828,True
S2,action300,114,map50,0.7136748147457495,0.7235389403127828,True
S2,action300,115,map50,0.7243474924509129,0.7235389403127828,True
S2,action300,116,map50,0.7237003558005405,0.7235389403127828,True
S2,action300,117,map50,0.7204073031301955,0.7235389403127828,True
S2,action300,118,map50,0.7229619142768886,0.7235389403127828,True
S2,action300,119,map50,0.7221665204258816,0.7235389403127828,True
S2,action300,120,map50,0.7305056672316776,0.7235389403127828,True
S2,action300,121,map50,0.725973873880272,0.7235389403127828,True
S2,action300,122,map50,0.724721257081587,0.7235389403127828,True
S2,action300,123,map50,0.7320555437124165,0.7235389403127828,True
S2,action300,124,map50,0.73176629222135,0.7235389403127828,True
S2,action300,125,map50,0.71785334958424,0.7235389403127828,True
S2,action300,126,map50,0.720284824120154,0.7235389403127828,True
S2,action300,127,map50,0.7260195114891799,0.7235389403127828,True
S2,action300,128,map50,0.7234357757294976,0.7235389403127828,True
S2,action300,129,map50,0.7175479807804928,0.7235389403127828,True
S2,action300,130,map50,0.7236676128902085,0.7235389403127828,True
S2,action300,131,map50,0.7182897291327504,0.7235389403127828,True
S2,action300,132,map50,0.7215691760104332,0.7235389403127828,True
S2,action300,133,map50,0.7173977211434535,0.7235389403127828,True
S2,action300,134,map50,0.7246280738269608,0.7235389403127828,True
S2,action300,135,map50,0.722503961318887,0.7235389403127828,True
S2,action300,136,map50,0.725041190331654,0.7235389403127828,True
S2,action300,137,map50,0.7275545923077615,0.7235389403127828,True
S2,action300,138,map50,0.7223474114879329,0.7235389403127828,True
S2,action300,139,map50,0.7235932934811158,0.7235389403127828,True
S2,action300,140,map50,0.7268896012756769,0.7235389403127828,True
S2,action300,141,map50,0.7188871222779504,0.7235389403127828,True
S2,action300,142,map50,0.7217665839368606,0.7235389403127828,True
S2,action300,143,map50,0.7260300005328176,0.7235389403127828,True
S2,action300,144,map50,0.7240988752758438,0.7235389403127828,True
S2,action300,145,map50,0.7247217641064905,0.7235389403127828,True
S2,action300,146,map50,0.7241900317011016,0.7235389403127828,True
S2,action300,147,map50,0.7186728817649531,0.7235389403127828,True
S2,action300,148,map50,0.7241541086186687,0.7235389403127828,True
S2,action300,149,map50,0.7245956807837451,0.7235389403127828,True
S2,action300,150,map50,0.721948804463065,0.7235389403127828,True
S2,action300,151,map50,0.7209661232625675,0.7235389403127828,True
S2,action300,152,map50,0.7280482443587538,0.7235389403127828,True
S2,action300,153,map50,0.7274072415383533,0.7235389403127828,True
S2,action300,154,map50,0.7209438881935547,0.7235389403127828,True
S2,action300,155,map50,0.7240020417356415,0.7235389403127828,True
S2,action300,156,map50,0.7339180316035943,0.7235389403127828,True
S2,action300,157,map50,0.7292939553877362,0.7235389403127828,True
S2,action300,158,map50,0.7197200747057011,0.7235389403127828,True
S2,action300,159,map50,0.7158523878388527,0.7235389403127828,True
S2,action300,160,map50,0.7253303620391617,0.7235389403127828,True
S2,action300,161,map50,0.7246801196342518,0.7235389403127828,True
S2,action300,162,map50,0.72210102896359,0.7235389403127828,True
S2,action300,163,map50,0.7256182123839849,0.7235389403127828,True
S2,action300,164,map50,0.7281516760730408,0.7235389403127828,True
S2,action300,165,map50,0.7281420422392909,0.7235389403127828,True
S2,action300,166,map50,0.7204317501891244,0.7235389403127828,True
S2,action300,167,map50,0.7230026370339716,0.7235389403127828,True
S2,action300,168,map50,0.7189161431047015,0.7235389403127828,True
S2,action300,169,map50,0.7249658621753206,0.7235389403127828,True
S2,action300,170,map50,0.7203568939843469,0.7235389403127828,True
S2,action300,171,map50,0.7293365439585158,0.7235389403127828,True
S2,action300,172,map50,0.7322358754540991,0.7235389403127828,True
S2,action300,173,map50,0.7253797932601312,0.7235389403127828,True
S2,action300,174,map50,0.7224076004505746,0.7235389403127828,True
S2,action300,175,map50,0.7211960123939757,0.7235389403127828,True
S2,action300,176,map50,0.7219706516660699,0.7235389403127828,True
S2,action300,177,map50,0.7212824555328229,0.7235389403127828,True
S2,action300,178,map50,0.7185346767746805,0.7235389403127828,True
S2,action300,179,map50,0.7229119480836377,0.7235389403127828,True
S2,action300,180,map50,0.7286645341955865,0.7235389403127828,True
S2,action300,181,map50,0.7272375760709029,0.7235389403127828,True
S2,action300,182,map50,0.7243186552066315,0.7235389403127828,True
S2,action300,183,map50,0.7160810986035376,0.7235389403127828,True
S2,action300,184,map50,0.7262202955561496,0.7235389403127828,True
S2,action300,185,map50,0.7261512614193557,0.7235389403127828,True
S2,action300,186,map50,0.7222402812640727,0.7235389403127828,True
S2,action300,187,map50,0.7172356707530119,0.7235389403127828,True
S2,action300,188,map50,0.7273180739330599,0.7235389403127828,True
S2,action300,189,map50,0.7218512967249462,0.7235389403127828,True
S2,action300,190,map50,0.7231836598583828,0.7235389403127828,True
S2,action300,191,map50,0.7231690244186997,0.7235389403127828,True
S2,action300,192,map50,0.7213064322288447,0.7235389403127828,True
S2,action300,193,map50,0.7229381943502441,0.7235389403127828,True
S2,action300,194,map50,0.7229984510700118,0.7235389403127828,True
S2,action300,195,map50,0.7333986093079199,0.7235389403127828,True
S2,action300,196,map50,0.7206677519722846,0.7235389403127828,True
S2,action300,197,map50,0.7279376253590873,0.7235389403127828,True
S2,action300,198,map50,0.7210173179982351,0.7235389403127828,True
S2,action300,199,map50,0.7258018807550048,0.7235389403127828,True
S2,action300,200,map50,0.7256404840078786,0.7235389403127828,True
S2,action300,201,map50,0.7245786775713664,0.7235389403127828,True
S2,action300,202,map50,0.7228980578182188,0.7235389403127828,True
S2,action300,203,map50,0.7255093324304369,0.7235389403127828,True
S2,action300,204,map50,0.723690203991472,0.7235389403127828,True
S2,action300,205,map50,0.7244138291239322,0.7235389403127828,True
S2,action300,206,map50,0.7247781570506195,0.7235389403127828,True
S2,action300,207,map50,0.7279446972990489,0.7235389403127828,True
S2,action300,208,map50,0.7250988431999097,0.7235389403127828,True
S2,action300,209,map50,0.7337273773653415,0.7235389403127828,True
S2,action300,210,map50,0.7206894715597177,0.7235389403127828,True
S2,action300,211,map50,0.72274249627808,0.7235389403127828,True
S2,action300,212,map50,0.7194937225409085,0.7235389403127828,True
S2,action300,213,map50,0.7264233455314252,0.7235389403127828,True
S2,action300,214,map50,0.7156982672630661,0.7235389403127828,True
S2,action300,215,map50,0.7180451966647975,0.7235389403127828,True
S2,action300,216,map50,0.7297760734508663,0.7235389403127828,True
S2,action300,217,map50,0.7248715097732121,0.7235389403127828,True
S2,action300,218,map50,0.7266915110995106,0.7235389403127828,True
S2,action300,219,map50,0.724473744072945,0.7235389403127828,True
S2,action300,220,map50,0.7269519516746651,0.7235389403127828,True
S2,action300,221,map50,0.7336094660549503,0.7235389403127828,True
S2,action300,222,map50,0.7253753245333565,0.7235389403127828,True
S2,action300,223,map50,0.7236076955525365,0.7235389403127828,True
S2,action300,224,map50,0.7295513602933416,0.7235389403127828,True
S2,action300,225,map50,0.7156411191646113,0.7235389403127828,True
S2,action300,226,map50,0.7285648631982687,0.7235389403127828,True
S2,action300,227,map50,0.7275895132259697,0.7235389403127828,True
S2,action300,228,map50,0.7213776168717079,0.7235389403127828,True
S2,action300,229,map50,0.7210326341559335,0.7235389403127828,True
S2,action300,230,map50,0.7264936624996768,0.7235389403127828,True
S2,action300,231,map50,0.7271040004817075,0.7235389403127828,True
S2,action300,232,map50,0.7247915811133384,0.7235389403127828,True
S2,action300,233,map50,0.7310112458097718,0.7235389403127828,True
S2,action300,234,map50,0.7223809717874851,0.7235389403127828,True
S2,action300,235,map50,0.7141976469268742,0.7235389403127828,True
S2,action300,236,map50,0.7219492070347084,0.7235389403127828,True
S2,action300,237,map50,0.7204619424296954,0.7235389403127828,True
S2,action300,238,map50,0.7241503788001351,0.7235389403127828,True
S2,action300,239,map50,0.7301904477930102,0.7235389403127828,True
S2,action300,240,map50,0.7266316964769534,0.7235389403127828,True
S2,action300,241,map50,0.7249442781474772,0.7235389403127828,True
S2,action300,242,map50,0.7193366008093895,0.7235389403127828,True
S2,action300,243,map50,0.7216053782759357,0.7235389403127828,True
S2,action300,244,map50,0.7236454324012622,0.7235389403127828,True
S2,action300,245,map50,0.7278513266217573,0.7235389403127828,True
S2,action300,246,map50,0.7273617871179849,0.7235389403127828,True
S2,action300,247,map50,0.7226636446131344,0.7235389403127828,True
S2,action300,248,map50,0.7197638293660434,0.7235389403127828,True
S2,action300,249,map50,0.7208264917071623,0.7235389403127828,True
S2,action300,250,map50,0.7268790995318122,0.7235389403127828,True
S2,action300,251,map50,0.7242432652779776,0.7235389403127828,True
S2,action300,252,map50,0.7281031453868935,0.7235389403127828,True
S2,action300,253,map50,0.7196870136431232,0.7235389403127828,True
S2,action300,254,map50,0.7205475406729432,0.7235389403127828,True
S2,action300,255,map50,0.7192156964181239,0.7235389403127828,True
S2,action300,256,map50,0.7236215801681866,0.7235389403127828,True
S2,action300,257,map50,0.722792628811373,0.7235389403127828,True
S2,action300,258,map50,0.7275123053798845,0.7235389403127828,True
S2,action300,259,map50,0.7283449670805157,0.7235389403127828,True
S2,action300,260,map50,0.7247373665003779,0.7235389403127828,True
S2,action300,261,map50,0.7194576976917256,0.7235389403127828,True
S2,action300,262,map50,0.7257144082576146,0.7235389403127828,True
S2,action300,263,map50,0.718536449218816,0.7235389403127828,True
S2,action300,264,map50,0.7188205878179803,0.7235389403127828,True
S2,action300,265,map50,0.7276144275776278,0.7235389403127828,True
S2,action300,266,map50,0.7231187069224184,0.7235389403127828,True
S2,action300,267,map50,0.7229090089549631,0.7235389403127828,True
S2,action300,268,map50,0.7194128822863999,0.7235389403127828,True
S2,action300,269,map50,0.7183681622822808,0.7235389403127828,True
S2,action300,270,map50,0.7277911760552154,0.7235389403127828,True
S2,action300,271,map50,0.7248391611637411,0.7235389403127828,True
S2,action300,272,map50,0.7215153635338889,0.7235389403127828,True
S2,action300,273,map50,0.7188843984694331,0.7235389403127828,True
S2,action300,274,map50,0.724242645293352,0.7235389403127828,True
S2,action300,275,map50,0.7291487273302035,0.7235389403127828,True
S2,action300,276,map50,0.7244254398090304,0.7235389403127828,True
S2,action300,277,map50,0.7331984508207547,0.7235389403127828,True
S2,action300,278,map50,0.7249649226507546,0.7235389403127828,True
S2,action300,279,map50,0.7216820949629925,0.7235389403127828,True
S2,action300,280,map50,0.7260670117389233,0.7235389403127828,True
S2,action300,281,map50,0.7229457848138855,0.7235389403127828,True
S2,action300,282,map50,0.7193015875024981,0.7235389403127828,True
S2,action300,283,map50,0.7232807928620784,0.7235389403127828,True
S2,action300,284,map50,0.7275548324849643,0.7235389403127828,True
S2,action300,285,map50,0.7266050934190551,0.7235389403127828,True
S2,action300,286,map50,0.7275402311945384,0.7235389403127828,True
S2,action300,287,map50,0.7186851826812843,0.7235389403127828,True
S2,action300,288,map50,0.7233355400118472,0.7235389403127828,True
S2,action300,289,map50,0.7199014375899827,0.7235389403127828,True
S2,action300,290,map50,0.7237694730417231,0.7235389403127828,True
S2,action300,291,map50,0.7217278790401731,0.7235389403127828,True
S2,action300,292,map50,0.7299378441891377,0.7235389403127828,True
S2,action300,293,map50,0.7174935252121154,0.7235389403127828,True
S2,action300,294,map50,0.7208196244658023,0.7235389403127828,True
S2,action300,295,map50,0.7269026990002532,0.7235389403127828,True
S2,action300,296,map50,0.7204589352869262,0.7235389403127828,True
S2,action300,297,map50,0.7232866720107771,0.7235389403127828,True
S2,action300,298,map50,0.7243356946346081,0.7235389403127828,True
S2,action300,299,map50,0.7186808422439599,0.7235389403127828,True
S2,action300,300,map50,0.7203410662321276,0.7235389403127828,True
S2,action300,301,map50,0.7175360377323035,0.7235389403127828,True
S2,action300,302,map50,0.7248760808790806,0.7235389403127828,True
S2,action300,303,map50,0.7281140679467383,0.7235389403127828,True
S2,action300,304,map50,0.7146691756564928,0.7235389403127828,True
S2,action300,305,map50,0.7324781258996484,0.7235389403127828,True
S2,action300,306,map50,0.7208053790520508,0.7235389403127828,True
S2,action300,307,map50,0.7220983498511105,0.7235389403127828,True
S2,action300,308,map50,0.72328398519267,0.7235389403127828,True
S2,action300,309,map50,0.7293122738398572,0.7235389403127828,True
S2,action300,310,map50,0.7235849489863073,0.7235389403127828,True
S2,action300,311,map50,0.7244720077321409,0.7235389403127828,True
S2,action300,312,map50,0.7246186681113079,0.7235389403127828,True
S2,action300,313,map50,0.7252791884936065,0.7235389403127828,True
S2,action300,314,map50,0.7187960134391174,0.7235389403127828,True
S2,action300,315,map50,0.7219746747950246,0.7235389403127828,True
S2,action300,316,map50,0.724368448344387,0.7235389403127828,True
S2,action300,317,map50,0.7252542600179238,0.7235389403127828,True
S2,action300,318,map50,0.7257035074398708,0.7235389403127828,True
S2,action300,319,map50,0.7175893035704192,0.7235389403127828,True
S2,action300,320,map50,0.7162320059480899,0.7235389403127828,True
S2,action300,321,map50,0.7205471747046046,0.7235389403127828,True
S2,action300,322,map50,0.7245805441999065,0.7235389403127828,True
S2,action300,323,map50,0.7241751866178926,0.7235389403127828,True
S2,action300,324,map50,0.7219501032056679,0.7235389403127828,True
S2,action300,325,map50,0.7287402711686314,0.7235389403127828,True
S2,action300,326,map50,0.7209479150936132,0.7235389403127828,True
S2,action300,327,map50,0.7214190855205141,0.7235389403127828,True
S2,action300,328,map50,0.725032414827101,0.7235389403127828,True
S2,action300,329,map50,0.7201277220913108,0.7235389403127828,True
S2,action300,330,map50,0.7238116177702979,0.7235389403127828,True
S2,action300,331,map50,0.7209482529181908,0.7235389403127828,True
S2,action300,332,map50,0.7140804952027379,0.7235389403127828,True
S2,action300,333,map50,0.7212431089227284,0.7235389403127828,True
S2,action300,334,map50,0.7190084367428067,0.7235389403127828,True
S2,action300,335,map50,0.724727983888698,0.7235389403127828,True
S2,action300,336,map50,0.7238872224739948,0.7235389403127828,True
S2,action300,337,map50,0.7216221146533034,0.7235389403127828,True
S2,action300,338,map50,0.7300875510800724,0.7235389403127828,True
S2,action300,339,map50,0.7263075318216663,0.7235389403127828,True
S2,action300,340,map50,0.7212833451920749,0.7235389403127828,True
S2,action300,341,map50,0.7210302585217511,0.7235389403127828,True
S2,action300,342,map50,0.7280739726149706,0.7235389403127828,True
S2,action300,343,map50,0.7200488685958647,0.7235389403127828,True
S2,action300,344,map50,0.7381942700363251,0.7235389403127828,True
S2,action300,345,map50,0.7219008565993827,0.7235389403127828,True
S2,action300,346,map50,0.7249196990936799,0.7235389403127828,True
S2,action300,347,map50,0.7144861071858148,0.7235389403127828,True
S2,action300,348,map50,0.7243918219092903,0.7235389403127828,True
S2,action300,349,map50,0.7279324564731349,0.7235389403127828,True
S2,action300,350,map50,0.7220875674426994,0.7235389403127828,True
S2,action300,351,map50,0.7258216562832439,0.7235389403127828,True
S2,action300,352,map50,0.7262102271662398,0.7235389403127828,True
S2,action300,353,map50,0.715211205960533,0.7235389403127828,True
S2,action300,354,map50,0.721670142835955,0.7235389403127828,True
S2,action300,355,map50,0.7155351002027861,0.7235389403127828,True
S2,action300,356,map50,0.7200500172779507,0.7235389403127828,True
S2,action300,357,map50,0.7249351490963704,0.7235389403127828,True
S2,action300,358,map50,0.7323383569258912,0.7235389403127828,True
S2,action300,359,map50,0.7232526054746675,0.7235389403127828,True
S2,action300,360,map50,0.7237293537511745,0.7235389403127828,True
S2,action300,361,map50,0.7197814415533865,0.7235389403127828,True
S2,action300,362,map50,0.7309000743426214,0.7235389403127828,True
S2,action300,363,map50,0.7216381411606523,0.7235389403127828,True
S2,action300,364,map50,0.7246510240181768,0.7235389403127828,True
S2,action300,365,map50,0.7285349647446331,0.7235389403127828,True
S2,action300,366,map50,0.7233792990039892,0.7235389403127828,True
S2,action300,367,map50,0.7201577372252438,0.7235389403127828,True
S2,action300,368,map50,0.7303616941371763,0.7235389403127828,True
S2,action300,369,map50,0.7288684591254065,0.7235389403127828,True
S2,action300,370,map50,0.7239721475344795,0.7235389403127828,True
S2,action300,371,map50,0.7199430044167968,0.7235389403127828,True
S2,action300,372,map50,0.7302362398352363,0.7235389403127828,True
S2,action300,373,map50,0.7325684586662771,0.7235389403127828,True
S2,action300,374,map50,0.7224510545018065,0.7235389403127828,True
S2,action300,375,map50,0.7251791801028555,0.7235389403127828,True
S2,action300,376,map50,0.7261087901686241,0.7235389403127828,True
S2,action300,377,map50,0.7224306964261356,0.7235389403127828,True
S2,action300,378,map50,0.7244019571520878,0.7235389403127828,True
S2,action300,379,map50,0.7260605885564648,0.7235389403127828,True
S2,action300,380,map50,0.7210786940570655,0.7235389403127828,True
S2,action300,381,map50,0.729052702954465,0.7235389403127828,True
S2,action300,382,map50,0.720453455615933,0.7235389403127828,True
S2,action300,383,map50,0.7287899810163092,0.7235389403127828,True
S2,action300,384,map50,0.7203695573386264,0.7235389403127828,True
S2,action300,385,map50,0.7249638301344288,0.7235389403127828,True
S2,action300,386,map50,0.7218426389783191,0.7235389403127828,True
S2,action300,387,map50,0.7229757365988007,0.7235389403127828,True
S2,action300,388,map50,0.7238131274495727,0.7235389403127828,True
S2,action300,389,map50,0.7283935430535501,0.7235389403127828,True
S2,action300,390,map50,0.7247674197194821,0.7235389403127828,True
S2,action300,391,map50,0.7219902816519707,0.7235389403127828,True
S2,action300,392,map50,0.7184326361522686,0.7235389403127828,True
S2,action300,393,map50,0.7236676505447993,0.7235389403127828,True
S2,action300,394,map50,0.726019263452949,0.7235389403127828,True
S2,action300,395,map50,0.7248682435609572,0.7235389403127828,True
S2,action300,396,map50,0.721897565579153,0.7235389403127828,True
S2,action300,397,map50,0.7213615004956367,0.7235389403127828,True
S2,action300,398,map50,0.7269497423616037,0.7235389403127828,True
S2,action300,399,map50,0.7246959362941775,0.7235389403127828,True
S2,action300,400,map50,0.721990578091813,0.7235389403127828,True
S2,action300,401,map50,0.7268708520269124,0.7235389403127828,True
S2,action300,402,map50,0.7282067566379745,0.7235389403127828,True
S2,action300,403,map50,0.7290666496462674,0.7235389403127828,True
S2,action300,404,map50,0.7237476547833379,0.7235389403127828,True
S2,action300,405,map50,0.7321828084225375,0.7235389403127828,True
S2,action300,406,map50,0.7259413035006214,0.7235389403127828,True
S2,action300,407,map50,0.726438870456754,0.7235389403127828,True
S2,action300,408,map50,0.7250745476287369,0.7235389403127828,True
S2,action300,409,map50,0.7275253593141088,0.7235389403127828,True
S2,action300,410,map50,0.7198224179535461,0.7235389403127828,True
S2,action300,411,map50,0.7248639141958858,0.7235389403127828,True
S2,action300,412,map50,0.7204166487670781,0.7235389403127828,True
S2,action300,413,map50,0.7244547009692754,0.7235389403127828,True
S2,action300,414,map50,0.7240242919635539,0.7235389403127828,True
S2,action300,415,map50,0.7257509043502962,0.7235389403127828,True
S2,action300,416,map50,0.7237668052015924,0.7235389403127828,True
S2,action300,417,map50,0.7224029653322847,0.7235389403127828,True
S2,action300,418,map50,0.7187014584169268,0.7235389403127828,True
S2,action300,419,map50,0.7214607038918652,0.7235389403127828,True
S2,action300,420,map50,0.7199951129603488,0.7235389403127828,True
S2,action300,421,map50,0.7239800077371749,0.7235389403127828,True
S2,action300,422,map50,0.7208349962123762,0.7235389403127828,True
S2,action300,423,map50,0.7251595983334518,0.7235389403127828,True
S2,action300,424,map50,0.7157822313723355,0.7235389403127828,True
S2,action300,425,map50,0.7279628064472577,0.7235389403127828,True
S2,action300,426,map50,0.7186399288448074,0.7235389403127828,True
S2,action300,427,map50,0.7296519208107559,0.7235389403127828,True
S2,action300,428,map50,0.713174217176046,0.7235389403127828,True
S2,action300,429,map50,0.7297678940545931,0.7235389403127828,True
S2,action300,430,map50,0.72517853149174,0.7235389403127828,True
S2,action300,431,map50,0.7260715803112331,0.7235389403127828,True
S2,action300,432,map50,0.7206700542164862,0.7235389403127828,True
S2,action300,433,map50,0.7290950479311528,0.7235389403127828,True
S2,action300,434,map50,0.7289393896706802,0.7235389403127828,True
S2,action300,435,map50,0.7255414482743084,0.7235389403127828,True
S2,action300,436,map50,0.7286914623865511,0.7235389403127828,True
S2,action300,437,map50,0.7255970813328939,0.7235389403127828,True
S2,action300,438,map50,0.7285441065654402,0.7235389403127828,True
S2,action300,439,map50,0.7221394006125881,0.7235389403127828,True
S2,action300,440,map50,0.7187150651836963,0.7235389403127828,True
S2,action300,441,map50,0.7184839518647801,0.7235389403127828,True
S2,action300,442,map50,0.7243362278746167,0.7235389403127828,True
S2,action300,443,map50,0.7254567800790416,0.7235389403127828,True
S2,action300,444,map50,0.7184903292609566,0.7235389403127828,True
S2,action300,445,map50,0.7179272796801071,0.7235389403127828,True
S2,action300,446,map50,0.7261454371352696,0.7235389403127828,True
S2,action300,447,map50,0.7283422213879325,0.7235389403127828,True
S2,action300,448,map50,0.721063546688812,0.7235389403127828,True
S2,action300,449,map50,0.7262410304279275,0.7235389403127828,True
S2,action300,450,map50,0.7235218087524172,0.7235389403127828,True
S2,action300,451,map50,0.7212737562037667,0.7235389403127828,True
S2,action300,452,map50,0.7238830674430075,0.7235389403127828,True
S2,action300,453,map50,0.7235207432177457,0.7235389403127828,True
S2,action300,454,map50,0.7187282698461496,0.7235389403127828,True
S2,action300,455,map50,0.7246696096478534,0.7235389403127828,True
S2,action300,456,map50,0.7271052139248778,0.7235389403127828,True
S2,action300,457,map50,0.7226926574853693,0.7235389403127828,True
S2,action300,458,map50,0.7196826358891598,0.7235389403127828,True
S2,action300,459,map50,0.7249355097415129,0.7235389403127828,True
S2,action300,460,map50,0.7252840240726536,0.7235389403127828,True
S2,action300,461,map50,0.7213604778834575,0.7235389403127828,True
S2,action300,462,map50,0.7262832587921281,0.7235389403127828,True
S2,action300,463,map50,0.7221175210030666,0.7235389403127828,True
S2,action300,464,map50,0.7201952718946665,0.7235389403127828,True
S2,action300,465,map50,0.7269782966527386,0.7235389403127828,True
S2,action300,466,map50,0.7239224594403528,0.7235389403127828,True
S2,action300,467,map50,0.7198025666007508,0.7235389403127828,True
S2,action300,468,map50,0.7308805338225146,0.7235389403127828,True
S2,action300,469,map50,0.7188591361920186,0.7235389403127828,True
S2,action300,470,map50,0.7238706500650965,0.7235389403127828,True
S2,action300,471,map50,0.7303619564860054,0.7235389403127828,True
S2,action300,472,map50,0.7216608269602293,0.7235389403127828,True
S2,action300,473,map50,0.7212990701292394,0.7235389403127828,True
S2,action300,474,map50,0.7203008158005388,0.7235389403127828,True
S2,action300,475,map50,0.7217905586194331,0.7235389403127828,True
S2,action300,476,map50,0.7237034163957344,0.7235389403127828,True
S2,action300,477,map50,0.721092591078216,0.7235389403127828,True
S2,action300,478,map50,0.7230718337177178,0.7235389403127828,True
S2,action300,479,map50,0.7227846690685028,0.7235389403127828,True
S2,action300,480,map50,0.7217664080274727,0.7235389403127828,True
S2,action300,481,map50,0.7172559976798047,0.7235389403127828,True
S2,action300,482,map50,0.7226553785086727,0.7235389403127828,True
S2,action300,483,map50,0.7304180693596596,0.7235389403127828,True
S2,action300,484,map50,0.7236824135778578,0.7235389403127828,True
S2,action300,485,map50,0.7174999970036396,0.7235389403127828,True
S2,action300,486,map50,0.7277800583872438,0.7235389403127828,True
S2,action300,487,map50,0.7226247672124858,0.7235389403127828,True
S2,action300,488,map50,0.7273929957711364,0.7235389403127828,True
S2,action300,489,map50,0.723789113447021,0.7235389403127828,True
S2,action300,490,map50,0.7254727339838649,0.7235389403127828,True
S2,action300,491,map50,0.7237653779521039,0.7235389403127828,True
S2,action300,492,map50,0.7249944570512955,0.7235389403127828,True
S2,action300,493,map50,0.7230166683174858,0.7235389403127828,True
S2,action300,494,map50,0.7196090417988777,0.7235389403127828,True
S2,action300,495,map50,0.7241299990141891,0.7235389403127828,True
S2,action300,496,map50,0.7170605437114346,0.7235389403127828,True
S2,action300,497,map50,0.7181365219750568,0.7235389403127828,True
S2,action300,498,map50,0.7242206408823999,0.7235389403127828,True
S2,action300,499,map50,0.7214084835538059,0.7235389403127828,True
S2,action300,500,map50,0.7251658918347628,0.7235389403127828,True
S2,action300,501,map50,0.7167020601062489,0.7235389403127828,True
S2,action300,502,map50,0.7264960166523774,0.7235389403127828,True
S2,action300,503,map50,0.7241986184985896,0.7235389403127828,True
S2,action300,504,map50,0.723476457931514,0.7235389403127828,True
S2,action300,505,map50,0.7269600814474287,0.7235389403127828,True
S2,action300,506,map50,0.7189359915350417,0.7235389403127828,True
S2,action300,507,map50,0.7192083450823404,0.7235389403127828,True
S2,action300,508,map50,0.7275031815084151,0.7235389403127828,True
S2,action300,509,map50,0.7256116425649645,0.7235389403127828,True
S2,action300,510,map50,0.7204089257693557,0.7235389403127828,True
S2,action300,511,map50,0.722891795936784,0.7235389403127828,True
S2,action300,512,map50,0.7259469085688833,0.7235389403127828,True
S2,action300,513,map50,0.718719371324487,0.7235389403127828,True
S2,action300,514,map50,0.725674613302132,0.7235389403127828,True
S2,action300,515,map50,0.7226956987075779,0.7235389403127828,True
S2,action300,516,map50,0.7210525973840166,0.7235389403127828,True
S2,action300,517,map50,0.7201024891715284,0.7235389403127828,True
S2,action300,518,map50,0.7216405103848167,0.7235389403127828,True
S2,action300,519,map50,0.7214941664246178,0.7235389403127828,True
S2,action300,520,map50,0.7299859569125936,0.7235389403127828,True
S2,action300,521,map50,0.7200971458693873,0.7235389403127828,True
S2,action300,522,map50,0.720095339757917,0.7235389403127828,True
S2,action300,523,map50,0.7271278152120172,0.7235389403127828,True
S2,action300,524,map50,0.7232681848141542,0.7235389403127828,True
S2,action300,525,map50,0.7207934858290048,0.7235389403127828,True
S2,action300,526,map50,0.7205656043905274,0.7235389403127828,True
S2,action300,527,map50,0.7199077994417654,0.7235389403127828,True
S2,action300,528,map50,0.7226311534420006,0.7235389403127828,True
S2,action300,529,map50,0.7241714764224233,0.7235389403127828,True
S2,action300,530,map50,0.7176122225615875,0.7235389403127828,True
S2,action300,531,map50,0.7219741857038378,0.7235389403127828,True
S2,action300,532,map50,0.7170151275540703,0.7235389403127828,True
S2,action300,533,map50,0.7283544729403688,0.7235389403127828,True
S2,action300,534,map50,0.716504224263782,0.7235389403127828,True
S2,action300,535,map50,0.7184550441204288,0.7235389403127828,True
S2,action300,536,map50,0.7208215510307473,0.7235389403127828,True
S2,action300,537,map50,0.7210121724405664,0.7235389403127828,True
S2,action300,538,map50,0.7199300354816854,0.7235389403127828,True
S2,action300,539,map50,0.7265443588001671,0.7235389403127828,True
S2,action300,540,map50,0.7190188871943659,0.7235389403127828,True
S2,action300,541,map50,0.721134555878089,0.7235389403127828,True
S2,action300,542,map50,0.7233794524323839,0.7235389403127828,True
S2,action300,543,map50,0.7258437130129058,0.7235389403127828,True
S2,action300,544,map50,0.7212379743665475,0.7235389403127828,True
S2,action300,545,map50,0.7218527907853,0.7235389403127828,True
S2,action300,546,map50,0.7235025062748075,0.7235389403127828,True
S2,action300,547,map50,0.7194403936560968,0.7235389403127828,True
S2,action300,548,map50,0.7299404602402673,0.7235389403127828,True
S2,action300,549,map50,0.7254921835379818,0.7235389403127828,True
S2,action300,550,map50,0.7239761047020661,0.7235389403127828,True
S2,action300,551,map50,0.7201602221703663,0.7235389403127828,True
S2,action300,552,map50,0.7212370458183279,0.7235389403127828,True
S2,action300,553,map50,0.7268266553605104,0.7235389403127828,True
S2,action300,554,map50,0.7233091046030089,0.7235389403127828,True
S2,action300,555,map50,0.7228424557542693,0.7235389403127828,True
S2,action300,556,map50,0.7221645554195355,0.7235389403127828,True
S2,action300,557,map50,0.7230386155383441,0.7235389403127828,True
S2,action300,558,map50,0.7184546490919966,0.7235389403127828,True
S2,action300,559,map50,0.7216754428309213,0.7235389403127828,True
S2,action300,560,map50,0.7250082516812076,0.7235389403127828,True
S2,action300,561,map50,0.7153119794168049,0.7235389403127828,True
S2,action300,562,map50,0.7270174275924577,0.7235389403127828,True
S2,action300,563,map50,0.7265335476369525,0.7235389403127828,True
S2,action300,564,map50,0.7244002423723785,0.7235389403127828,True
S2,action300,565,map50,0.7231852859970642,0.7235389403127828,True
S2,action300,566,map50,0.7215424265865498,0.7235389403127828,True
S2,action300,567,map50,0.7251067926494679,0.7235389403127828,True
S2,action300,568,map50,0.7286071354198735,0.7235389403127828,True
S2,action300,569,map50,0.7197432448733418,0.7235389403127828,True
S2,action300,570,map50,0.7228336641802289,0.7235389403127828,True
S2,action300,571,map50,0.7210893213823856,0.7235389403127828,True
S2,action300,572,map50,0.7236306021562642,0.7235389403127828,True
S2,action300,573,map50,0.7261879126423264,0.7235389403127828,True
S2,action300,574,map50,0.726001042309065,0.7235389403127828,True
S2,action300,575,map50,0.7238902814102347,0.7235389403127828,True
S2,action300,576,map50,0.7215892130818985,0.7235389403127828,True
S2,action300,577,map50,0.7258857399104913,0.7235389403127828,True
S2,action300,578,map50,0.719064357616163,0.7235389403127828,True
S2,action300,579,map50,0.7163113412361082,0.7235389403127828,True
S2,action300,580,map50,0.7195053039305254,0.7235389403127828,True
S2,action300,581,map50,0.7215068535974746,0.7235389403127828,True
S2,action300,582,map50,0.7213365225215553,0.7235389403127828,True
S2,action300,583,map50,0.7221893802545823,0.7235389403127828,True
S2,action300,584,map50,0.7175010506449472,0.7235389403127828,True
S2,action300,585,map50,0.7269323511963085,0.7235389403127828,True
S2,action300,586,map50,0.7265216646726089,0.7235389403127828,True
S2,action300,587,map50,0.7309668914837331,0.7235389403127828,True
S2,action300,588,map50,0.7283139898830373,0.7235389403127828,True
S2,action300,589,map50,0.7229394431962135,0.7235389403127828,True
S2,action300,590,map50,0.7171050803551973,0.7235389403127828,True
S2,action300,591,map50,0.7250728856256312,0.7235389403127828,True
S2,action300,592,map50,0.7255581646633075,0.7235389403127828,True
S2,action300,593,map50,0.7315214470766702,0.7235389403127828,True
S2,action300,594,map50,0.7179999468658335,0.7235389403127828,True
S2,action300,595,map50,0.7247527287481832,0.7235389403127828,True
S2,action300,596,map50,0.7193079091012617,0.7235389403127828,True
S2,action300,597,map50,0.7234120238004538,0.7235389403127828,True
S2,action300,598,map50,0.7150188667609301,0.7235389403127828,True
S2,action300,599,map50,0.7219502602983882,0.7235389403127828,True
S2,action300,600,map50,0.7212348046331359,0.7235389403127828,True
S2,action300,601,map50,0.7247950531694908,0.7235389403127828,True
S2,action300,602,map50,0.7288621771211283,0.7235389403127828,True
S2,action300,603,map50,0.7258338995200427,0.7235389403127828,True
S2,action300,604,map50,0.7219145764770879,0.7235389403127828,True
S2,action300,605,map50,0.717348025935044,0.7235389403127828,True
S2,action300,606,map50,0.7294073358401214,0.7235389403127828,True
S2,action300,607,map50,0.7229427987761717,0.7235389403127828,True
S2,action300,608,map50,0.7298607006386907,0.7235389403127828,True
S2,action300,609,map50,0.7199571134429721,0.7235389403127828,True
S2,action300,610,map50,0.7201587800064223,0.7235389403127828,True
S2,action300,611,map50,0.7256475859591337,0.7235389403127828,True
S2,action300,612,map50,0.7202978850746898,0.7235389403127828,True
S2,action300,613,map50,0.7161156547140871,0.7235389403127828,True
S2,action300,614,map50,0.7201495067795495,0.7235389403127828,True
S2,action300,615,map50,0.7242699057423785,0.7235389403127828,True
S2,action300,616,map50,0.7209207988645899,0.7235389403127828,True
S2,action300,617,map50,0.7196592948292375,0.7235389403127828,True
S2,action300,618,map50,0.7229467867620885,0.7235389403127828,True
S2,action300,619,map50,0.7232307829841588,0.7235389403127828,True
S2,action300,620,map50,0.7199269204694219,0.7235389403127828,True
S2,action300,621,map50,0.7276770442787025,0.7235389403127828,True
S2,action300,622,map50,0.7190861443317982,0.7235389403127828,True
S2,action300,623,map50,0.7244729066428023,0.7235389403127828,True
S2,action300,624,map50,0.7254061198079892,0.7235389403127828,True
S2,action300,625,map50,0.722490833864326,0.7235389403127828,True
S2,action300,626,map50,0.7211452353992569,0.7235389403127828,True
S2,action300,627,map50,0.7290452537616863,0.7235389403127828,True
S2,action300,628,map50,0.7196264471363174,0.7235389403127828,True
S2,action300,629,map50,0.7272421862035897,0.7235389403127828,True
S2,action300,630,map50,0.7336251846621377,0.7235389403127828,True
S2,action300,631,map50,0.7244447564886092,0.7235389403127828,True
S2,action300,632,map50,0.7220343588907483,0.7235389403127828,True
S2,action300,633,map50,0.7232438141605448,0.7235389403127828,True
S2,action300,634,map50,0.7222065539393779,0.7235389403127828,True
S2,action300,635,map50,0.7232294708812049,0.7235389403127828,True
S2,action300,636,map50,0.7201985389380707,0.7235389403127828,True
S2,action300,637,map50,0.7279854450725741,0.7235389403127828,True
S2,action300,638,map50,0.7230566556782356,0.7235389403127828,True
S2,action300,639,map50,0.7295809030048004,0.7235389403127828,True
S2,action300,640,map50,0.7264892560773818,0.7235389403127828,True
S2,action300,641,map50,0.7227134051829912,0.7235389403127828,True
S2,action300,642,map50,0.7251963384042055,0.7235389403127828,True
S2,action300,643,map50,0.719377176091647,0.7235389403127828,True
S2,action300,644,map50,0.7277424962133622,0.7235389403127828,True
S2,action300,645,map50,0.7230586793923401,0.7235389403127828,True
S2,action300,646,map50,0.7267757359268456,0.7235389403127828,True
S2,action300,647,map50,0.7246197661339556,0.7235389403127828,True
S2,action300,648,map50,0.7219260615719791,0.7235389403127828,True
S2,action300,649,map50,0.7190950956845025,0.7235389403127828,True
S2,action300,650,map50,0.7207879590663206,0.7235389403127828,True
S2,action300,651,map50,0.7239689248738275,0.7235389403127828,True
S2,action300,652,map50,0.7254271288811052,0.7235389403127828,True
S2,action300,653,map50,0.718683015396011,0.7235389403127828,True
S2,action300,654,map50,0.7252578487896473,0.7235389403127828,True
S2,action300,655,map50,0.7260906275871175,0.7235389403127828,True
S2,action300,656,map50,0.7211269530778373,0.7235389403127828,True
S2,action300,657,map50,0.728211040078038,0.7235389403127828,True
S2,action300,658,map50,0.7209953447691134,0.7235389403127828,True
S2,action300,659,map50,0.7249949592651261,0.7235389403127828,True
S2,action300,660,map50,0.7291731664720889,0.7235389403127828,True
S2,action300,661,map50,0.7168675197040665,0.7235389403127828,True
S2,action300,662,map50,0.7259949016993454,0.7235389403127828,True
S2,action300,663,map50,0.7183986067053393,0.7235389403127828,True
S2,action300,664,map50,0.7237341771861298,0.7235389403127828,True
S2,action300,665,map50,0.7277390987222194,0.7235389403127828,True
S2,action300,666,map50,0.7200166791319638,0.7235389403127828,True
S2,action300,667,map50,0.7194275894483734,0.7235389403127828,True
S2,action300,668,map50,0.722650233224316,0.7235389403127828,True
S2,action300,669,map50,0.7211918402259281,0.7235389403127828,True
S2,action300,670,map50,0.7266641387205254,0.7235389403127828,True
S2,action300,671,map50,0.7222818541976894,0.7235389403127828,True
S2,action300,672,map50,0.7273600666555015,0.7235389403127828,True
S2,action300,673,map50,0.7205108088547572,0.7235389403127828,True
S2,action300,674,map50,0.7279105204659528,0.7235389403127828,True
S2,action300,675,map50,0.7321921615580883,0.7235389403127828,True
S2,action300,676,map50,0.7216728691955098,0.7235389403127828,True
S2,action300,677,map50,0.7256933514376519,0.7235389403127828,True
S2,action300,678,map50,0.7251832633732437,0.7235389403127828,True
S2,action300,679,map50,0.7182830323338251,0.7235389403127828,True
S2,action300,680,map50,0.7287683350074552,0.7235389403127828,True
S2,action300,681,map50,0.718821639431396,0.7235389403127828,True
S2,action300,682,map50,0.7212450711557897,0.7235389403127828,True
S2,action300,683,map50,0.7207718434460605,0.7235389403127828,True
S2,action300,684,map50,0.7236312126535577,0.7235389403127828,True
S2,action300,685,map50,0.7206427456385103,0.7235389403127828,True
S2,action300,686,map50,0.7243812030573841,0.7235389403127828,True
S2,action300,687,map50,0.7218589507321802,0.7235389403127828,True
S2,action300,688,map50,0.7258057505199756,0.7235389403127828,True
S2,action300,689,map50,0.7239208556100037,0.7235389403127828,True
S2,action300,690,map50,0.7186121868427531,0.7235389403127828,True
S2,action300,691,map50,0.7222218533342235,0.7235389403127828,True
S2,action300,692,map50,0.7243895989645307,0.7235389403127828,True
S2,action300,693,map50,0.7197755450744302,0.7235389403127828,True
S2,action300,694,map50,0.7219378841797682,0.7235389403127828,True
S2,action300,695,map50,0.7212566595001427,0.7235389403127828,True
S2,action300,696,map50,0.7248892378884316,0.7235389403127828,True
S2,action300,697,map50,0.7275269452006758,0.7235389403127828,True
S2,action300,698,map50,0.7248385657630934,0.7235389403127828,True
S2,action300,699,map50,0.7247339065553955,0.7235389403127828,True
S2,action300,700,map50,0.7273119986555299,0.7235389403127828,True
S2,action300,701,map50,0.718568608039404,0.7235389403127828,True
S2,action300,702,map50,0.7235455132216833,0.7235389403127828,True
S2,action300,703,map50,0.7189385615283587,0.7235389403127828,True
S2,action300,704,map50,0.7119131303672817,0.7235389403127828,True
S2,action300,705,map50,0.7183350518950807,0.7235389403127828,True
S2,action300,706,map50,0.7277209411036412,0.7235389403127828,True
S2,action300,707,map50,0.7153762386936114,0.7235389403127828,True
S2,action300,708,map50,0.7195789520459305,0.7235389403127828,True
S2,action300,709,map50,0.7232364194416786,0.7235389403127828,True
S2,action300,710,map50,0.7314678312926028,0.7235389403127828,True
S2,action300,711,map50,0.7203260293105946,0.7235389403127828,True
S2,action300,712,map50,0.7243632687662539,0.7235389403127828,True
S2,action300,713,map50,0.7224988258163321,0.7235389403127828,True
S2,action300,714,map50,0.7251141281097345,0.7235389403127828,True
S2,action300,715,map50,0.7318217858556034,0.7235389403127828,True
S2,action300,716,map50,0.7191628071600804,0.7235389403127828,True
S2,action300,717,map50,0.717363586377051,0.7235389403127828,True
S2,action300,718,map50,0.7287692960271285,0.7235389403127828,True
S2,action300,719,map50,0.7246381068185341,0.7235389403127828,True
S2,action300,720,map50,0.7263629045797325,0.7235389403127828,True
S2,action300,721,map50,0.7222954239813764,0.7235389403127828,True
S2,action300,722,map50,0.717632747624885,0.7235389403127828,True
S2,action300,723,map50,0.7265436573217864,0.7235389403127828,True
S2,action300,724,map50,0.7312617972512289,0.7235389403127828,True
S2,action300,725,map50,0.726320789719859,0.7235389403127828,True
S2,action300,726,map50,0.7217642200935905,0.7235389403127828,True
S2,action300,727,map50,0.7160707598577828,0.7235389403127828,True
S2,action300,728,map50,0.7219514583381857,0.7235389403127828,True
S2,action300,729,map50,0.7198975133276847,0.7235389403127828,True
S2,action300,730,map50,0.7218391085020222,0.7235389403127828,True
S2,action300,731,map50,0.7270446483854904,0.7235389403127828,True
S2,action300,732,map50,0.7226708429882372,0.7235389403127828,True
S2,action300,733,map50,0.7174657685927706,0.7235389403127828,True
S2,action300,734,map50,0.7200190663645524,0.7235389403127828,True
S2,action300,735,map50,0.7254641977642508,0.7235389403127828,True
S2,action300,736,map50,0.729773258428938,0.7235389403127828,True
S2,action300,737,map50,0.7212979007620887,0.7235389403127828,True
S2,action300,738,map50,0.7232260458520655,0.7235389403127828,True
S2,action300,739,map50,0.7249916692775529,0.7235389403127828,True
S2,action300,740,map50,0.7221323674004622,0.7235389403127828,True
S2,action300,741,map50,0.7296761981354495,0.7235389403127828,True
S2,action300,742,map50,0.7223708280603449,0.7235389403127828,True
S2,action300,743,map50,0.7292959568605384,0.7235389403127828,True
S2,action300,744,map50,0.7161644463582808,0.7235389403127828,True
S2,action300,745,map50,0.7185050123913471,0.7235389403127828,True
S2,action300,746,map50,0.7164442877242808,0.7235389403127828,True
S2,action300,747,map50,0.7184969794968531,0.7235389403127828,True
S2,action300,748,map50,0.7206087354395211,0.7235389403127828,True
S2,action300,749,map50,0.7216440082214741,0.7235389403127828,True
S2,action300,750,map50,0.7207027111736762,0.7235389403127828,True
S2,action300,751,map50,0.7219084906176211,0.7235389403127828,True
S2,action300,752,map50,0.7298744066757258,0.7235389403127828,True
S2,action300,753,map50,0.7243123222750815,0.7235389403127828,True
S2,action300,754,map50,0.7221611818737496,0.7235389403127828,True
S2,action300,755,map50,0.7222094377742122,0.7235389403127828,True
S2,action300,756,map50,0.7256174699899898,0.7235389403127828,True
S2,action300,757,map50,0.7262220945136224,0.7235389403127828,True
S2,action300,758,map50,0.7268937664253804,0.7235389403127828,True
S2,action300,759,map50,0.7282423845204022,0.7235389403127828,True
S2,action300,760,map50,0.7255125403216081,0.7235389403127828,True
S2,action300,761,map50,0.7220273923617346,0.7235389403127828,True
S2,action300,762,map50,0.7204620931805914,0.7235389403127828,True
S2,action300,763,map50,0.723349080770162,0.7235389403127828,True
S2,action300,764,map50,0.725833542475071,0.7235389403127828,True
S2,action300,765,map50,0.7200604716219454,0.7235389403127828,True
S2,action300,766,map50,0.7236340667101655,0.7235389403127828,True
S2,action300,767,map50,0.7270418984207877,0.7235389403127828,True
S2,action300,768,map50,0.7267877914197461,0.7235389403127828,True
S2,action300,769,map50,0.7272302454587746,0.7235389403127828,True
S2,action300,770,map50,0.7228794901242074,0.7235389403127828,True
S2,action300,771,map50,0.7269812675544869,0.7235389403127828,True
S2,action300,772,map50,0.7238498305744043,0.7235389403127828,True
S2,action300,773,map50,0.7237763775778314,0.7235389403127828,True
S2,action300,774,map50,0.7217173553253993,0.7235389403127828,True
S2,action300,775,map50,0.7264526240266582,0.7235389403127828,True
S2,action300,776,map50,0.7248418721788583,0.7235389403127828,True
S2,action300,777,map50,0.7196118707609308,0.7235389403127828,True
S2,action300,778,map50,0.7230808379095743,0.7235389403127828,True
S2,action300,779,map50,0.7228758871713933,0.7235389403127828,True
S2,action300,780,map50,0.7205387558890293,0.7235389403127828,True
S2,action300,781,map50,0.7273989629316407,0.7235389403127828,True
S2,action300,782,map50,0.7260318825120197,0.7235389403127828,True
S2,action300,783,map50,0.7212781606327098,0.7235389403127828,True
S2,action300,784,map50,0.7224252506990533,0.7235389403127828,True
S2,action300,785,map50,0.7223627901950486,0.7235389403127828,True
S2,action300,786,map50,0.7256145146051589,0.7235389403127828,True
S2,action300,787,map50,0.7178172354060498,0.7235389403127828,True
S2,action300,788,map50,0.721320925512664,0.7235389403127828,True
S2,action300,789,map50,0.7246614096991011,0.7235389403127828,True
S2,action300,790,map50,0.715969094438348,0.7235389403127828,True
S2,action300,791,map50,0.7187495496902072,0.7235389403127828,True
S2,action300,792,map50,0.7285339127098364,0.7235389403127828,True
S2,action300,793,map50,0.7288645016021763,0.7235389403127828,True
S2,action300,794,map50,0.7240020713798895,0.7235389403127828,True
S2,action300,795,map50,0.7250238454413335,0.7235389403127828,True
S2,action300,796,map50,0.7227723710103886,0.7235389403127828,True
S2,action300,797,map50,0.7280699552864758,0.7235389403127828,True
S2,action300,798,map50,0.7155582777375123,0.7235389403127828,True
S2,action300,799,map50,0.7222723555818604,0.7235389403127828,True
S2,action300,800,map50,0.7226410023005574,0.7235389403127828,True
S2,action300,801,map50,0.7311608345904521,0.7235389403127828,True
S2,action300,802,map50,0.7216359417015668,0.7235389403127828,True
S2,action300,803,map50,0.7159268361695607,0.7235389403127828,True
S2,action300,804,map50,0.7213861461402765,0.7235389403127828,True
S2,action300,805,map50,0.7251579645671989,0.7235389403127828,True
S2,action300,806,map50,0.7239105062839157,0.7235389403127828,True
S2,action300,807,map50,0.7270957134119269,0.7235389403127828,True
S2,action300,808,map50,0.7212771870584974,0.7235389403127828,True
S2,action300,809,map50,0.7186684922817091,0.7235389403127828,True
S2,action300,810,map50,0.7234366779050476,0.7235389403127828,True
S2,action300,811,map50,0.7255800548108843,0.7235389403127828,True
S2,action300,812,map50,0.7256385393898112,0.7235389403127828,True
S2,action300,813,map50,0.726453992156055,0.7235389403127828,True
S2,action300,814,map50,0.7204159184786787,0.7235389403127828,True
S2,action300,815,map50,0.7272299816216325,0.7235389403127828,True
S2,action300,816,map50,0.7225411341166115,0.7235389403127828,True
S2,action300,817,map50,0.7188438568463721,0.7235389403127828,True
S2,action300,818,map50,0.7297029579196148,0.7235389403127828,True
S2,action300,819,map50,0.7275947244859312,0.7235389403127828,True
S2,action300,820,map50,0.7245792009988556,0.7235389403127828,True
S2,action300,821,map50,0.7254992160576533,0.7235389403127828,True
S2,action300,822,map50,0.7192981929645859,0.7235389403127828,True
S2,action300,823,map50,0.7240405280430748,0.7235389403127828,True
S2,action300,824,map50,0.7242552924367502,0.7235389403127828,True
S2,action300,825,map50,0.7177962627656979,0.7235389403127828,True
S2,action300,826,map50,0.7259625381324748,0.7235389403127828,True
S2,action300,827,map50,0.7270494549793165,0.7235389403127828,True
S2,action300,828,map50,0.7229424991795382,0.7235389403127828,True
S2,action300,829,map50,0.7280146756270259,0.7235389403127828,True
S2,action300,830,map50,0.7273188979039343,0.7235389403127828,True
S2,action300,831,map50,0.7211363324876705,0.7235389403127828,True
S2,action300,832,map50,0.7269290740406775,0.7235389403127828,True
S2,action300,833,map50,0.7276212074488602,0.7235389403127828,True
S2,action300,834,map50,0.7271864877495916,0.7235389403127828,True
S2,action300,835,map50,0.719798294918231,0.7235389403127828,True
S2,action300,836,map50,0.7267251602805797,0.7235389403127828,True
S2,action300,837,map50,0.7233263475460476,0.7235389403127828,True
S2,action300,838,map50,0.7230124569895436,0.7235389403127828,True
S2,action300,839,map50,0.724505939745511,0.7235389403127828,True
S2,action300,840,map50,0.718465678335331,0.7235389403127828,True
S2,action300,841,map50,0.7192919162997071,0.7235389403127828,True
S2,action300,842,map50,0.7236162351221951,0.7235389403127828,True
S2,action300,843,map50,0.7253648763141258,0.7235389403127828,True
S2,action300,844,map50,0.7274949153671192,0.7235389403127828,True
S2,action300,845,map50,0.7222819710213962,0.7235389403127828,True
S2,action300,846,map50,0.7283302610874444,0.7235389403127828,True
S2,action300,847,map50,0.7296397126205382,0.7235389403127828,True
S2,action300,848,map50,0.7240616229885344,0.7235389403127828,True
S2,action300,849,map50,0.7295981302672108,0.7235389403127828,True
S2,action300,850,map50,0.7216952225388877,0.7235389403127828,True
S2,action300,851,map50,0.7228262836814723,0.7235389403127828,True
S2,action300,852,map50,0.7221998611747256,0.7235389403127828,True
S2,action300,853,map50,0.7267114717522114,0.7235389403127828,True
S2,action300,854,map50,0.7316606026433427,0.7235389403127828,True
S2,action300,855,map50,0.7208459557383162,0.7235389403127828,True
S2,action300,856,map50,0.7183046365914522,0.7235389403127828,True
S2,action300,857,map50,0.7197428175051074,0.7235389403127828,True
S2,action300,858,map50,0.7182383145386121,0.7235389403127828,True
S2,action300,859,map50,0.7192245417255234,0.7235389403127828,True
S2,action300,860,map50,0.7134881474002632,0.7235389403127828,True
S2,action300,861,map50,0.72305897842825,0.7235389403127828,True
S2,action300,862,map50,0.7153987025372802,0.7235389403127828,True
S2,action300,863,map50,0.7225318508288607,0.7235389403127828,True
S2,action300,864,map50,0.726710808494385,0.7235389403127828,True
S2,action300,865,map50,0.724693218955649,0.7235389403127828,True
S2,action300,866,map50,0.7242127688331593,0.7235389403127828,True
S2,action300,867,map50,0.7196695416066798,0.7235389403127828,True
S2,action300,868,map50,0.7225931993678166,0.7235389403127828,True
S2,action300,869,map50,0.725897127614173,0.7235389403127828,True
S2,action300,870,map50,0.7270301011144713,0.7235389403127828,True
S2,action300,871,map50,0.7219647888251811,0.7235389403127828,True
S2,action300,872,map50,0.7253421621206679,0.7235389403127828,True
S2,action300,873,map50,0.7282550121553628,0.7235389403127828,True
S2,action300,874,map50,0.7260608780447394,0.7235389403127828,True
S2,action300,875,map50,0.7229577056085678,0.7235389403127828,True
S2,action300,876,map50,0.7265054194975401,0.7235389403127828,True
S2,action300,877,map50,0.7185306335039952,0.7235389403127828,True
S2,action300,878,map50,0.7216472939139519,0.7235389403127828,True
S2,action300,879,map50,0.7190907889188958,0.7235389403127828,True
S2,action300,880,map50,0.7135176524526351,0.7235389403127828,True
S2,action300,881,map50,0.7193510735353831,0.7235389403127828,True
S2,action300,882,map50,0.7263497906321698,0.7235389403127828,True
S2,action300,883,map50,0.7275410918150922,0.7235389403127828,True
S2,action300,884,map50,0.7264765170659444,0.7235389403127828,True
S2,action300,885,map50,0.7218727224265651,0.7235389403127828,True
S2,action300,886,map50,0.7291849505034695,0.7235389403127828,True
S2,action300,887,map50,0.7233874151721611,0.7235389403127828,True
S2,action300,888,map50,0.7259928779584943,0.7235389403127828,True
S2,action300,889,map50,0.726083020882525,0.7235389403127828,True
S2,action300,890,map50,0.7193794195491785,0.7235389403127828,True
S2,action300,891,map50,0.7278682986257192,0.7235389403127828,True
S2,action300,892,map50,0.7198364560436927,0.7235389403127828,True
S2,action300,893,map50,0.7240885262179658,0.7235389403127828,True
S2,action300,894,map50,0.7222186808559954,0.7235389403127828,True
S2,action300,895,map50,0.7278556992007265,0.7235389403127828,True
S2,action300,896,map50,0.7269439034555191,0.7235389403127828,True
S2,action300,897,map50,0.7263896871759045,0.7235389403127828,True
S2,action300,898,map50,0.7174487714921336,0.7235389403127828,True
S2,action300,899,map50,0.7185633386824833,0.7235389403127828,True
S2,action300,900,map50,0.7204897235008936,0.7235389403127828,True
S2,action300,901,map50,0.7263535122443957,0.7235389403127828,True
S2,action300,902,map50,0.7259547926795773,0.7235389403127828,True
S2,action300,903,map50,0.7293865677454172,0.7235389403127828,True
S2,action300,904,map50,0.7231370725039445,0.7235389403127828,True
S2,action300,905,map50,0.7258540385027591,0.7235389403127828,True
S2,action300,906,map50,0.7214302067709304,0.7235389403127828,True
S2,action300,907,map50,0.7274939960809796,0.7235389403127828,True
S2,action300,908,map50,0.7199390554909373,0.7235389403127828,True
S2,action300,909,map50,0.7179890823184192,0.7235389403127828,True
S2,action300,910,map50,0.7257607668490901,0.7235389403127828,True
S2,action300,911,map50,0.7152254759142663,0.7235389403127828,True
S2,action300,912,map50,0.72610816198264,0.7235389403127828,True
S2,action300,913,map50,0.7253868612994573,0.7235389403127828,True
S2,action300,914,map50,0.7169292689929356,0.7235389403127828,True
S2,action300,915,map50,0.7250444123933971,0.7235389403127828,True
S2,action300,916,map50,0.7194556032123515,0.7235389403127828,True
S2,action300,917,map50,0.7209062000741123,0.7235389403127828,True
S2,action300,918,map50,0.7231139178502229,0.7235389403127828,True
S2,action300,919,map50,0.7301763079835882,0.7235389403127828,True
S2,action300,920,map50,0.7172881574126738,0.7235389403127828,True
S2,action300,921,map50,0.7260727636602207,0.7235389403127828,True
S2,action300,922,map50,0.7187492163653456,0.7235389403127828,True
S2,action300,923,map50,0.7226316262739123,0.7235389403127828,True
S2,action300,924,map50,0.7272777620653978,0.7235389403127828,True
S2,action300,925,map50,0.7256738002655725,0.7235389403127828,True
S2,action300,926,map50,0.7143336564364473,0.7235389403127828,True
S2,action300,927,map50,0.7236473005856303,0.7235389403127828,True
S2,action300,928,map50,0.7213371876340701,0.7235389403127828,True
S2,action300,929,map50,0.7251383589800895,0.7235389403127828,True
S2,action300,930,map50,0.7254286987741035,0.7235389403127828,True
S2,action300,931,map50,0.7236193110363108,0.7235389403127828,True
S2,action300,932,map50,0.7178194751704279,0.7235389403127828,True
S2,action300,933,map50,0.7280582536290074,0.7235389403127828,True
S2,action300,934,map50,0.7264541059586189,0.7235389403127828,True
S2,action300,935,map50,0.7204369835214613,0.7235389403127828,True
S2,action300,936,map50,0.7242310932449112,0.7235389403127828,True
S2,action300,937,map50,0.7264416174651064,0.7235389403127828,True
S2,action300,938,map50,0.7230784439585453,0.7235389403127828,True
S2,action300,939,map50,0.7209163878831378,0.7235389403127828,True
S2,action300,940,map50,0.7250949795721185,0.7235389403127828,True
S2,action300,941,map50,0.7230179341858443,0.7235389403127828,True
S2,action300,942,map50,0.7220579093564956,0.7235389403127828,True
S2,action300,943,map50,0.717689273228652,0.7235389403127828,True
S2,action300,944,map50,0.7198277220883276,0.7235389403127828,True
S2,action300,945,map50,0.7184692341181489,0.7235389403127828,True
S2,action300,946,map50,0.727005290801489,0.7235389403127828,True
S2,action300,947,map50,0.7236151499019557,0.7235389403127828,True
S2,action300,948,map50,0.7270836667796113,0.7235389403127828,True
S2,action300,949,map50,0.7260302671404446,0.7235389403127828,True
S2,action300,950,map50,0.7130302939939895,0.7235389403127828,True
S2,action300,951,map50,0.7207166829187093,0.7235389403127828,True
S2,action300,952,map50,0.7227178416213423,0.7235389403127828,True
S2,action300,953,map50,0.7175836423327309,0.7235389403127828,True
S2,action300,954,map50,0.7311250521118476,0.7235389403127828,True
S2,action300,955,map50,0.727162931790885,0.7235389403127828,True
S2,action300,956,map50,0.721194647045384,0.7235389403127828,True
S2,action300,957,map50,0.7187949210891939,0.7235389403127828,True
S2,action300,958,map50,0.7209473398274423,0.7235389403127828,True
S2,action300,959,map50,0.7236296194234754,0.7235389403127828,True
S2,action300,960,map50,0.720115308181185,0.7235389403127828,True
S2,action300,961,map50,0.7199300864804686,0.7235389403127828,True
S2,action300,962,map50,0.7221278744025293,0.7235389403127828,True
S2,action300,963,map50,0.7207696346623774,0.7235389403127828,True
S2,action300,964,map50,0.7290271709068813,0.7235389403127828,True
S2,action300,965,map50,0.7255544964734388,0.7235389403127828,True
S2,action300,966,map50,0.7217920368575717,0.7235389403127828,True
S2,action300,967,map50,0.7315119310660848,0.7235389403127828,True
S2,action300,968,map50,0.7204776771390724,0.7235389403127828,True
S2,action300,969,map50,0.7215814048627035,0.7235389403127828,True
S2,action300,970,map50,0.7251825452400086,0.7235389403127828,True
S2,action300,971,map50,0.7273395290004009,0.7235389403127828,True
S2,action300,972,map50,0.7183420037342078,0.7235389403127828,True
S2,action300,973,map50,0.7276085181881595,0.7235389403127828,True
S2,action300,974,map50,0.724175262273871,0.7235389403127828,True
S2,action300,975,map50,0.7220799367514398,0.7235389403127828,True
S2,action300,976,map50,0.7243329848765472,0.7235389403127828,True
S2,action300,977,map50,0.7170022609222065,0.7235389403127828,True
S2,action300,978,map50,0.7229028826271332,0.7235389403127828,True
S2,action300,979,map50,0.7290825125584508,0.7235389403127828,True
S2,action300,980,map50,0.7236226405715912,0.7235389403127828,True
S2,action300,981,map50,0.7290922453438508,0.7235389403127828,True
S2,action300,982,map50,0.7267370246206948,0.7235389403127828,True
S2,action300,983,map50,0.7262879321129717,0.7235389403127828,True
S2,action300,984,map50,0.7297841546281146,0.7235389403127828,True
S2,action300,985,map50,0.7194096666677089,0.7235389403127828,True
S2,action300,986,map50,0.719719086267693,0.7235389403127828,True
S2,action300,987,map50,0.7176763500876564,0.7235389403127828,True
S2,action300,988,map50,0.7217445468321807,0.7235389403127828,True
S2,action300,989,map50,0.7321385246476902,0.7235389403127828,True
S2,action300,990,map50,0.7274009908097419,0.7235389403127828,True
S2,action300,991,map50,0.7268278495202555,0.7235389403127828,True
S2,action300,992,map50,0.7240674213976541,0.7235389403127828,True
S2,action300,993,map50,0.7249956485366627,0.7235389403127828,True
S2,action300,994,map50,0.7255524639626407,0.7235389403127828,True
S2,action300,995,map50,0.7235920974931951,0.7235389403127828,True
S2,action300,996,map50,0.7169036674266578,0.7235389403127828,True
S2,action300,997,map50,0.7248086085683367,0.7235389403127828,True
S2,action300,998,map50,0.7196881419325641,0.7235389403127828,True
S2,action300,999,map50,0.7167508576361963,0.7235389403127828,True
S2,action300,1000,map50,0.7221298275766032,0.7235389403127828,True
S3,action300,1,map50,0.5329866417079837,0.530990634596751,True
S3,action300,2,map50,0.5920429868576934,0.5933990012212849,True
S3,action300,3,map50,0.634945055164501,0.6352009591822443,True
S3,action300,4,map50,0.6688365817849421,0.663200469246058,True
S3,action300,5,map50,0.6839059229742183,0.6819549152589885,True
S3,action300,6,map50,0.6986856847536715,0.6945168938239814,True
S3,action300,7,map50,0.704955647929001,0.702931074939144,True
S3,action300,8,map50,0.6996630921212146,0.7085670058932103,True
S3,action300,9,map50,0.7110686216956508,0.7123420277621552,True
S3,action300,10,map50,0.7118787072789098,0.7148705878575784,True
S3,action300,11,map50,0.7219953392355807,0.7165642511999721,True
S3,action300,12,map50,0.7189992674541283,0.717698689540022,True
S3,action300,13,map50,0.7225433100401311,0.7184585515002839,True
S3,action300,14,map50,0.7192080816665308,0.7189675171957026,True
S3,action300,15,map50,0.7176339587917393,0.7193084292200705,True
S3,action300,16,map50,0.7183038604516074,0.719536776649779,True
S3,action300,17,map50,0.7225365432603733,0.7196897268097245,True
S3,action300,18,map50,0.7197392572476959,0.7197921748708096,True
S3,action300,19,map50,0.7213815674644233,0.7198607959511917,True
S3,action300,20,map50,0.7108183879399229,0.7199067592678512,True
S3,action300,21,map50,0.7226821331049487,0.7199375461115818,True
S3,action300,22,map50,0.7153599430269673,0.7199581675509332,True
S3,action300,23,map50,0.7226509391682732,0.719971980066586,True
S3,action300,24,map50,0.7207403236653506,0.7199812318741542,True
S3,action300,25,map50,0.7160395447879179,0.7199874288585002,True
S3,action300,26,map50,0.7128550509430436,0.7199915796814286,True
S3,action300,27,map50,0.7173546201828293,0.7199943599580957,True
S3,action300,28,map50,0.7253429329937308,0.7199962222245616,True
S3,action300,29,map50,0.7216765258155552,0.719997469595527,True
S3,action300,30,map50,0.7186067712820312,0.7199983051012688,True
S3,action300,31,map50,0.7228829901907957,0.7199988647341801,True
S3,action300,32,map50,0.72275916177269,0.7199992395837826,True
S3,action300,33,map50,0.7116689485059863,0.7199994906630558,True
S3,action300,34,map50,0.7108853923132856,0.7199996588393082,True
S3,action300,35,map50,0.7155141073591688,0.7199997714860095,True
S3,action300,36,map50,0.7205814691254321,0.7199998469382755,True
S3,action300,37,map50,0.7265595511399717,0.7199998974772114,True
S3,action300,38,map50,0.720740953074139,0.7199999313288661,True
S3,action300,39,map50,0.7268190580349835,0.7199999540031569,True
S3,action300,40,map50,0.7156228875837303,0.7199999691906998,True
S3,action300,41,map50,0.7217034350171001,0.719999979363519,True
S3,action300,42,map50,0.7230961972620724,0.7199999861774092,True
S3,action300,43,map50,0.7185987994405073,0.7199999907414439,True
S3,action300,44,map50,0.7221942589426469,0.7199999937984954,True
S3,action300,45,map50,0.7309916596517508,0.7199999958461494,True
S3,action300,46,map50,0.7174001251539072,0.7199999972176954,True
S3,action300,47,map50,0.7135237341301714,0.7199999981363752,True
S3,action300,48,map50,0.7196646158005646,0.7199999987517192,True
S3,action300,49,map50,0.7202949983581826,0.7199999991638848,True
S3,action300,50,map50,0.7199180581250605,0.7199999994399588,True
S3,action300,51,map50,0.7248799665240246,0.7199999996248769,True
S3,action300,52,map50,0.7239731365800245,0.7199999997487375,True
S3,action300,53,map50,0.7217724009866496,0.719999999831701,True
S3,action300,54,map50,0.7172659850375628,0.7199999998872711,True
S3,action300,55,map50,0.7243730432282455,0.7199999999244927,True
S3,action300,56,map50,0.7169679434376615,0.7199999999494242,True
S3,action300,57,map50,0.7250306120123883,0.7199999999661236,True
S3,action300,58,map50,0.7210461933802792,0.7199999999773091,True
S3,action300,59,map50,0.7169642590281871,0.7199999999848014,True
S3,action300,60,map50,0.7127071821446478,0.7199999999898198,True
S3,action300,61,map50,0.7178914803403451,0.7199999999931811,True
S3,action300,62,map50,0.720643254056272,0.7199999999954326,True
S3,action300,63,map50,0.7249065222447818,0.7199999999969406,True
S3,action300,64,map50,0.7216990867935199,0.7199999999979508,True
S3,action300,65,map50,0.7258507028561406,0.7199999999986274,True
S3,action300,66,map50,0.720578676189511,0.7199999999990806,True
S3,action300,67,map50,0.7225837017437224,0.7199999999993841,True
S3,action300,68,map50,0.7216297362116929,0.7199999999995875,True
S3,action300,69,map50,0.7150163236539334,0.7199999999997237,True
S3,action300,70,map50,0.72006689988806,0.7199999999998149,True
S3,action300,71,map50,0.7182964065161467,0.7199999999998761,True
S3,action300,72,map50,0.7185063229564789,0.7199999999999169,True
S3,action300,73,map50,0.7128198127430098,0.7199999999999444,True
S3,action300,74,map50,0.7235800818256743,0.7199999999999627,True
S3,action300,75,map50,0.727854064833398,0.719999999999975,True
S3,action300,76,map50,0.710908574065703,0.7199999999999832,True
S3,action300,77,map50,0.722182861072875,0.7199999999999888,True
S3,action300,78,map50,0.717574901432835,0.7199999999999924,True
S3,action300,79,map50,0.7218593195147555,0.719999999999995,True
S3,action300,80,map50,0.7191642877526027,0.7199999999999966,True
S3,action300,81,map50,0.7191523016834641,0.7199999999999978,True
S3,action300,82,map50,0.7222770031629285,0.7199999999999984,True
S3,action300,83,map50,0.7212231261587485,0.719999999999999,True
S3,action300,84,map50,0.7286112222258474,0.7199999999999993,True
S3,action300,85,map50,0.7182527328607917,0.7199999999999995,True
S3,action300,86,map50,0.7185585974381467,0.7199999999999996,True
S3,action300,87,map50,0.7224993018393753,0.7199999999999998,True
S3,action300,88,map50,0.716169560935476,0.7199999999999999,True
S3,action300,89,map50,0.7238031580993651,0.7199999999999999,True
S3,action300,90,map50,0.7193234626922204,0.7199999999999999,True
S3,action300,91,map50,0.7170246555860641,0.72,True
S3,action300,92,map50,0.7233543659361498,0.72,True
S3,action300,93,map50,0.7212551065998795,0.72,True
S3,action300,94,map50,0.7121035425954968,0.72,True
S3,action300,95,map50,0.716602823835472,0.72,True
S3,action300,96,map50,0.7202741418901832,0.72,True
S3,action300,97,map50,0.7190165308705542,0.72,True
S3,action300,98,map50,0.7152011425712743,0.72,True
S3,action300,99,map50,0.7238408211516414,0.72,True
S3,action300,100,map50,0.7198695447893172,0.72,True
S3,action300,101,map50,0.7101443097587662,0.72,True
S3,action300,102,map50,0.7222128972096589,0.72,True
S3,action300,103,map50,0.7209925648670125,0.72,True
S3,action300,104,map50,0.7139029457175995,0.72,True
S3,action300,105,map50,0.7231130537186011,0.72,True
S3,action300,106,map50,0.7229121865431388,0.72,True
S3,action300,107,map50,0.7228937412278025,0.72,True
S3,action300,108,map50,0.7181052711096111,0.72,True
S3,action300,109,map50,0.7233497290769599,0.72,True
S3,action300,110,map50,0.7221755510485949,0.72,True
S3,action300,111,map50,0.7187822343909094,0.72,True
S3,action300,112,map50,0.7181618183619889,0.72,True
S3,action300,113,map50,0.7137954409947407,0.72,True
S3,action300,114,map50,0.7197459441535726,0.72,True
S3,action300,115,map50,0.7136215542122475,0.72,True
S3,action300,116,map50,0.7230395927862355,0.72,True
S3,action300,117,map50,0.7182076475626464,0.72,True
S3,action300,118,map50,0.7198801629819612,0.72,True
S3,action300,119,map50,0.7246258822842181,0.72,True
S3,action300,120,map50,0.7169320362553083,0.72,True
S3,action300,121,map50,0.7230925184932664,0.72,True
S3,action300,122,map50,0.7129116701378329,0.72,True
S3,action300,123,map50,0.7228393774893697,0.72,True
S3,action300,124,map50,0.719617077440848,0.72,True
S3,action300,125,map50,0.7212626819055192,0.72,True
S3,action300,126,map50,0.7254909063755455,0.72,True
S3,action300,127,map50,0.7230832886372358,0.72,True
S3,action300,128,map50,0.7259218694626969,0.72,True
S3,action300,129,map50,0.7209114735647421,0.72,True
S3,action300,130,map50,0.7170142038314188,0.72,True
S3,action300,131,map50,0.7212516725852781,0.72,True
S3,action300,132,map50,0.7150220550787421,0.72,True
S3,action300,133,map50,0.7215520863701975,0.72,True
S3,action300,134,map50,0.7175455491870277,0.72,True
S3,action300,135,map50,0.7252674319169402,0.72,True
S3,action300,136,map50,0.7210172235250211,0.72,True
S3,action300,137,map50,0.7250077116489315,0.72,True
S3,action300,138,map50,0.7233868966613404,0.72,True
S3,action300,139,map50,0.7194239786470388,0.72,True
S3,action300,140,map50,0.7255950979566462,0.72,True
S3,action300,141,map50,0.7201723289104436,0.72,True
S3,action300,142,map50,0.7213261732504901,0.72,True
S3,action300,143,map50,0.7203804805682454,0.72,True
S3,action300,144,map50,0.7213241111841141,0.72,True
S3,action300,145,map50,0.7232438958990405,0.72,True
S3,action300,146,map50,0.7184871941428549,0.72,True
S3,action300,147,map50,0.7143222271712474,0.72,True
S3,action300,148,map50,0.7273889777463298,0.72,True
S3,action300,149,map50,0.7190960997669308,0.72,True
S3,action300,150,map50,0.7290408672861627,0.72,True
S3,action300,151,map50,0.7274780520687926,0.72,True
S3,action300,152,map50,0.7274845925453651,0.72,True
S3,action300,153,map50,0.7164839658534801,0.72,True
S3,action300,154,map50,0.7121703104906745,0.72,True
S3,action300,155,map50,0.7171134069094613,0.72,True
S3,action300,156,map50,0.7227952696958029,0.72,True
S3,action300,157,map50,0.7255372223200915,0.72,True
S3,action300,158,map50,0.718367841946965,0.72,True
S3,action300,159,map50,0.7228825539582351,0.72,True
S3,action300,160,map50,0.7222958589318238,0.72,True
S3,action300,161,map50,0.7244697111788374,0.72,True
S3,action300,162,map50,0.712086028791719,0.72,True
S3,action300,163,map50,0.718029734049146,0.72,True
S3,action300,164,map50,0.7201203273138,0.72,True
S3,action300,165,map50,0.7294403958966074,0.72,True
S3,action300,166,map50,0.7183698850245289,0.72,True
S3,action300,167,map50,0.7158477955604269,0.72,True
S3,action300,168,map50,0.7251248136400374,0.72,True
S3,action300,169,map50,0.7219986666139938,0.72,True
S3,action300,170,map50,0.7164272363185841,0.72,True
S3,action300,171,map50,0.7168542613748519,0.72,True
S3,action300,172,map50,0.7230580633970491,0.72,True
S3,action300,173,map50,0.7144251160272016,0.72,True
S3,action300,174,map50,0.7175007029877034,0.72,True
S3,action300,175,map50,0.7200982390398227,0.72,True
S3,action300,176,map50,0.7186064733630453,0.72,True
S3,action300,177,map50,0.7238581743546285,0.72,True
S3,action300,178,map50,0.719327626671174,0.72,True
S3,action300,179,map50,0.7106663778873479,0.72,True
S3,action300,180,map50,0.7183634617081348,0.72,True
S3,action300,181,map50,0.7169761794037879,0.72,True
S3,action300,182,map50,0.7144164044599548,0.72,True
S3,action300,183,map50,0.7267837906637893,0.72,True
S3,action300,184,map50,0.7106379841380466,0.72,True
S3,action300,185,map50,0.7159513580759223,0.72,True
S3,action300,186,map50,0.7229904780629106,0.72,True
S3,action300,187,map50,0.7215704068943566,0.72,True
S3,action300,188,map50,0.7250278934648544,0.72,True
S3,action300,189,map50,0.7189886141357902,0.72,True
S3,action300,190,map50,0.7255665792516973,0.72,True
S3,action300,191,map50,0.7168742773773153,0.72,True
S3,action300,192,map50,0.7073006183139,0.72,True
S3,action300,193,map50,0.7216913291921677,0.72,True
S3,action300,194,map50,0.7188913908284689,0.72,True
S3,action300,195,map50,0.7191678137800023,0.72,True
S3,action300,196,map50,0.7212706593284081,0.72,True
S3,action300,197,map50,0.7207810326834867,0.72,True
S3,action300,198,map50,0.7253700081954698,0.72,True
S3,action300,199,map50,0.7183358753581446,0.72,True
S3,action300,200,map50,0.7200112187963855,0.72,True
S3,action300,201,map50,0.7229938385680336,0.72,True
S3,action300,202,map50,0.7242438000662453,0.72,True
S3,action300,203,map50,0.7227733851232547,0.72,True
S3,action300,204,map50,0.7243787157092619,0.72,True
S3,action300,205,map50,0.7181364667895508,0.72,True
S3,action300,206,map50,0.7268087980333231,0.72,True
S3,action300,207,map50,0.7198793573713578,0.72,True
S3,action300,208,map50,0.7215164340758881,0.72,True
S3,action300,209,map50,0.7310171097669802,0.72,True
S3,action300,210,map50,0.722648652070355,0.72,True
S3,action300,211,map50,0.7234665125502711,0.72,True
S3,action300,212,map50,0.7199174668386218,0.72,True
S3,action300,213,map50,0.7253921782583875,0.72,True
S3,action300,214,map50,0.7170449519525292,0.72,True
S3,action300,215,map50,0.7206307863034136,0.72,True
S3,action300,216,map50,0.7165767810300139,0.72,True
S3,action300,217,map50,0.7220250622156755,0.72,True
S3,action300,218,map50,0.7224743699373052,0.72,True
S3,action300,219,map50,0.7233962440038123,0.72,True
S3,action300,220,map50,0.7260302201589305,0.72,True
S3,action300,221,map50,0.7293604102255642,0.72,True
S3,action300,222,map50,0.7196246851546055,0.72,True
S3,action300,223,map50,0.7236408306058684,0.72,True
S3,action300,224,map50,0.7165682062195681,0.72,True
S3,action300,225,map50,0.717673009480746,0.72,True
S3,action300,226,map50,0.7240550535338697,0.72,True
S3,action300,227,map50,0.7217004280347274,0.72,True
S3,action300,228,map50,0.7226622542220553,0.72,True
S3,action300,229,map50,0.7237355784127807,0.72,True
S3,action300,230,map50,0.7178320796293672,0.72,True
S3,action300,231,map50,0.7211558204386859,0.72,True
S3,action300,232,map50,0.72213353387373,0.72,True
S3,action300,233,map50,0.7138477678989756,0.72,True
S3,action300,234,map50,0.7224011440694177,0.72,True
S3,action300,235,map50,0.7127259223376077,0.72,True
S3,action300,236,map50,0.7189497779103617,0.72,True
S3,action300,237,map50,0.721184483673479,0.72,True
S3,action300,238,map50,0.7231367842964221,0.72,True
S3,action300,239,map50,0.7210923902092584,0.72,True
S3,action300,240,map50,0.7237857566075493,0.72,True
S3,action300,241,map50,0.7177870708740546,0.72,True
S3,action300,242,map50,0.7195056213220707,0.72,True
S3,action300,243,map50,0.7212544524882943,0.72,True
S3,action300,244,map50,0.7201234518146101,0.72,True
S3,action300,245,map50,0.7169935003301942,0.72,True
S3,action300,246,map50,0.7194655760261154,0.72,True
S3,action300,247,map50,0.7199149489764863,0.72,True
S3,action300,248,map50,0.7188741646649663,0.72,True
S3,action300,249,map50,0.7219230268278567,0.72,True
S3,action300,250,map50,0.715562768999108,0.72,True
S3,action300,251,map50,0.7182468342790108,0.72,True
S3,action300,252,map50,0.7242357586191014,0.72,True
S3,action300,253,map50,0.7202111347736001,0.72,True
S3,action300,254,map50,0.7156800959425723,0.72,True
S3,action300,255,map50,0.7054972910467254,0.72,True
S3,action300,256,map50,0.7255784698870477,0.72,True
S3,action300,257,map50,0.7185634287301428,0.72,True
S3,action300,258,map50,0.7216474633389194,0.72,True
S3,action300,259,map50,0.714585428471289,0.72,True
S3,action300,260,map50,0.7159783544369565,0.72,True
S3,action300,261,map50,0.7221294552847856,0.72,True
S3,action300,262,map50,0.7177149813831404,0.72,True
S3,action300,263,map50,0.716939772036695,0.72,True
S3,action300,264,map50,0.7206532833455604,0.72,True
S3,action300,265,map50,0.716661829573447,0.72,True
S3,action300,266,map50,0.7207845741019033,0.72,True
S3,action300,267,map50,0.7146755049050838,0.72,True
S3,action300,268,map50,0.7227631863661921,0.72,True
S3,action300,269,map50,0.7161121825760729,0.72,True
S3,action300,270,map50,0.7201106264017737,0.72,True
S3,action300,271,map50,0.7169681810618584,0.72,True
S3,action300,272,map50,0.7203921874993344,0.72,True
S3,action300,273,map50,0.7234643035449153,0.72,True
S3,action300,274,map50,0.72581029285418,0.72,True
S3,action300,275,map50,0.718777475210585,0.72,True
S3,action300,276,map50,0.7234204085636013,0.72,True
S3,action300,277,map50,0.7130693315520107,0.72,True
S3,action300,278,map50,0.7160912199529635,0.72,True
S3,action300,279,map50,0.7170399316289657,0.72,True
S3,action300,280,map50,0.7220147493975922,0.72,True
S3,action300,281,map50,0.7192753575659407,0.72,True
S3,action300,282,map50,0.7280481068650898,0.72,True
S3,action300,283,map50,0.7166898325490771,0.72,True
S3,action300,284,map50,0.7207035804387898,0.72,True
S3,action300,285,map50,0.719585821488296,0.72,True
S3,action300,286,map50,0.7191413313412843,0.72,True
S3,action300,287,map50,0.7228331823593245,0.72,True
S3,action300,288,map50,0.7267067167773789,0.72,True
S3,action300,289,map50,0.726769141189252,0.72,True
S3,action300,290,map50,0.7214413656081416,0.72,True
S3,action300,291,map50,0.718354656459128,0.72,True
S3,action300,292,map50,0.7178321364678211,0.72,True
S3,action300,293,map50,0.7204378351252457,0.72,True
S3,action300,294,map50,0.7229353911538817,0.72,True
S3,action300,295,map50,0.7171808160504501,0.72,True
S3,action300,296,map50,0.7202752361127476,0.72,True
S3,action300,297,map50,0.7165076734437876,0.72,True
S3,action300,298,map50,0.7205614388429071,0.72,True
S3,action300,299,map50,0.7270316170132479,0.72,True
S3,action300,300,map50,0.7223126126872317,0.72,True
S3,action300,301,map50,0.7095362183690447,0.72,True
S3,action300,302,map50,0.7163833277731431,0.72,True
S3,action300,303,map50,0.718929522573489,0.72,True
S3,action300,304,map50,0.7176238245167966,0.72,True
S3,action300,305,map50,0.7196824454115804,0.72,True
S3,action300,306,map50,0.7228918851195422,0.72,True
S3,action300,307,map50,0.720944351172025,0.72,True
S3,action300,308,map50,0.7204254020703371,0.72,True
S3,action300,309,map50,0.7201555013316862,0.72,True
S3,action300,310,map50,0.7239394734514545,0.72,True
S3,action300,311,map50,0.724321632764991,0.72,True
S3,action300,312,map50,0.7290638781441349,0.72,True
S3,action300,313,map50,0.7151311789117012,0.72,True
S3,action300,314,map50,0.7209544013021727,0.72,True
S3,action300,315,map50,0.7275410712032377,0.72,True
S3,action300,316,map50,0.7191172099061636,0.72,True
S3,action300,317,map50,0.7160103924773473,0.72,True
S3,action300,318,map50,0.7249350621566688,0.72,True
S3,action300,319,map50,0.7205714938844858,0.72,True
S3,action300,320,map50,0.7243768301380317,0.72,True
S3,action300,321,map50,0.7159876090153968,0.72,True
S3,action300,322,map50,0.7242051520471078,0.72,True
S3,action300,323,map50,0.7276066824256113,0.72,True
S3,action300,324,map50,0.7182620585150428,0.72,True
S3,action300,325,map50,0.719543899466496,0.72,True
S3,action300,326,map50,0.7278901373014632,0.72,True
S3,action300,327,map50,0.7170977060275551,0.72,True
S3,action300,328,map50,0.7178454428847046,0.72,True
S3,action300,329,map50,0.719006259742345,0.72,True
S3,action300,330,map50,0.7155734258849911,0.72,True
S3,action300,331,map50,0.714523541959099,0.72,True
S3,action300,332,map50,0.7275080237103229,0.72,True
S3,action300,333,map50,0.7225300650019134,0.72,True
S3,action300,334,map50,0.7182969670690442,0.72,True
S3,action300,335,map50,0.713496914274324,0.72,True
S3,action300,336,map50,0.7196207226853027,0.72,True
S3,action300,337,map50,0.7170495835056263,0.72,True
S3,action300,338,map50,0.7217343165536908,0.72,True
S3,action300,339,map50,0.7168806734462113,0.72,True
S3,action300,340,map50,0.7101721208946592,0.72,True
S3,action300,341,map50,0.7206953137120281,0.72,True
S3,action300,342,map50,0.7182319464912882,0.72,True
S3,action300,343,map50,0.7178779799295464,0.72,True
S3,action300,344,map50,0.7248971871195838,0.72,True
S3,action300,345,map50,0.7178362852326653,0.72,True
S3,action300,346,map50,0.7186758860793403,0.72,True
S3,action300,347,map50,0.713849365930345,0.72,True
S3,action300,348,map50,0.7206820930194316,0.72,True
S3,action300,349,map50,0.7118551638656077,0.72,True
S3,action300,350,map50,0.7136773107937704,0.72,True
S3,action300,351,map50,0.7120669692877504,0.72,True
S3,action300,352,map50,0.7258214353833652,0.72,True
S3,action300,353,map50,0.7214640109590794,0.72,True
S3,action300,354,map50,0.7226125466473177,0.72,True
S3,action300,355,map50,0.722861965225392,0.72,True
S3,action300,356,map50,0.7146315180144625,0.72,True
S3,action300,357,map50,0.7250317685736731,0.72,True
S3,action300,358,map50,0.7212440501135451,0.72,True
S3,action300,359,map50,0.7257519705165646,0.72,True
S3,action300,360,map50,0.7244895371082514,0.72,True
S3,action300,361,map50,0.7177779069072637,0.72,True
S3,action300,362,map50,0.7195553508332072,0.72,True
S3,action300,363,map50,0.7248210918564159,0.72,True
S3,action300,364,map50,0.7177452049782822,0.72,True
S3,action300,365,map50,0.7180924251452586,0.72,True
S3,action300,366,map50,0.7184431570075523,0.72,True
S3,action300,367,map50,0.7191976143464314,0.72,True
S3,action300,368,map50,0.7210056756284648,0.72,True
S3,action300,369,map50,0.7211810928695026,0.72,True
S3,action300,370,map50,0.7171139234151424,0.72,True
S3,action300,371,map50,0.7268634526804301,0.72,True
S3,action300,372,map50,0.7138349290175422,0.72,True
S3,action300,373,map50,0.7212980349229013,0.72,True
S3,action300,374,map50,0.7151248638496412,0.72,True
S3,action300,375,map50,0.7278891809445803,0.72,True
S3,action300,376,map50,0.7171069990158585,0.72,True
S3,action300,377,map50,0.7219482477790732,0.72,True
S3,action300,378,map50,0.7229836689568018,0.72,True
S3,action300,379,map50,0.7183773998032277,0.72,True
S3,action300,380,map50,0.7218379492835204,0.72,True
S3,action300,381,map50,0.7272142867996712,0.72,True
S3,action300,382,map50,0.7247772164999775,0.72,True
S3,action300,383,map50,0.7204359972531577,0.72,True
S3,action300,384,map50,0.7117467401997934,0.72,True
S3,action300,385,map50,0.7284078617776116,0.72,True
S3,action300,386,map50,0.7222708382227535,0.72,True
S3,action300,387,map50,0.7092944887749251,0.72,True
S3,action300,388,map50,0.7132459777402397,0.72,True
S3,action300,389,map50,0.7206294443458964,0.72,True
S3,action300,390,map50,0.7129852616488753,0.72,True
S3,action300,391,map50,0.7284025410793067,0.72,True
S3,action300,392,map50,0.7144523854330531,0.72,True
S3,action300,393,map50,0.7169324705229226,0.72,True
S3,action300,394,map50,0.7108811120610116,0.72,True
S3,action300,395,map50,0.7199093441624436,0.72,True
S3,action300,396,map50,0.7193203533532865,0.72,True
S3,action300,397,map50,0.7245605583650466,0.72,True
S3,action300,398,map50,0.7275062766955759,0.72,True
S3,action300,399,map50,0.7279154407645033,0.72,True
S3,action300,400,map50,0.7156410651293469,0.72,True
S3,action300,401,map50,0.725895202287459,0.72,True
S3,action300,402,map50,0.7220133543594428,0.72,True
S3,action300,403,map50,0.7236718027353757,0.72,True
S3,action300,404,map50,0.7243482564928334,0.72,True
S3,action300,405,map50,0.7215710220128577,0.72,True
S3,action300,406,map50,0.7234309330679283,0.72,True
S3,action300,407,map50,0.7143713701568098,0.72,True
S3,action300,408,map50,0.7202440097589482,0.72,True
S3,action300,409,map50,0.7244447621334197,0.72,True
S3,action300,410,map50,0.7239460162295893,0.72,True
S3,action300,411,map50,0.7221465665219441,0.72,True
S3,action300,412,map50,0.7168293031463345,0.72,True
S3,action300,413,map50,0.71651184376369,0.72,True
S3,action300,414,map50,0.7160900941421077,0.72,True
S3,action300,415,map50,0.7169064350514089,0.72,True
S3,action300,416,map50,0.7190702042868201,0.72,True
S3,action300,417,map50,0.7213456581203718,0.72,True
S3,action300,418,map50,0.7215176442269752,0.72,True
S3,action300,419,map50,0.7242391810126662,0.72,True
S3,action300,420,map50,0.716288911780778,0.72,True
S3,action300,421,map50,0.7163385902440101,0.72,True
S3,action300,422,map50,0.7210678215013825,0.72,True
S3,action300,423,map50,0.7243435971449758,0.72,True
S3,action300,424,map50,0.7225897240563448,0.72,True
S3,action300,425,map50,0.7143450035153396,0.72,True
S3,action300,426,map50,0.7214368712851418,0.72,True
S3,action300,427,map50,0.7166694083213329,0.72,True
S3,action300,428,map50,0.7237738913464601,0.72,True
S3,action300,429,map50,0.7290825618002585,0.72,True
S3,action300,430,map50,0.7166333140345228,0.72,True
S3,action300,431,map50,0.7256168469204999,0.72,True
S3,action300,432,map50,0.714787095877919,0.72,True
S3,action300,433,map50,0.7163349406801712,0.72,True
S3,action300,434,map50,0.7246406618395409,0.72,True
S3,action300,435,map50,0.7199168172059323,0.72,True
S3,action300,436,map50,0.7198144619911627,0.72,True
S3,action300,437,map50,0.7265544377951522,0.72,True
S3,action300,438,map50,0.7170589858875737,0.72,True
S3,action300,439,map50,0.7160202206489409,0.72,True
S3,action300,440,map50,0.7204701767260453,0.72,True
S3,action300,441,map50,0.7198666797433642,0.72,True
S3,action300,442,map50,0.718582708207186,0.72,True
S3,action300,443,map50,0.713626384037092,0.72,True
S3,action300,444,map50,0.7186911534200247,0.72,True
S3,action300,445,map50,0.7249138921246754,0.72,True
S3,action300,446,map50,0.7218364695169782,0.72,True
S3,action300,447,map50,0.7208664079990295,0.72,True
S3,action300,448,map50,0.7261415277202664,0.72,True
S3,action300,449,map50,0.7119690656751491,0.72,True
S3,action300,450,map50,0.720196488302127,0.72,True
S3,action300,451,map50,0.7190165539388206,0.72,True
S3,action300,452,map50,0.7213631707513718,0.72,True
S3,action300,453,map50,0.7143764154426708,0.72,True
S3,action300,454,map50,0.7212423251797817,0.72,True
S3,action300,455,map50,0.7168453671786718,0.72,True
S3,action300,456,map50,0.7234898493130559,0.72,True
S3,action300,457,map50,0.7219752567011638,0.72,True
S3,action300,458,map50,0.7168274415968376,0.72,True
S3,action300,459,map50,0.7236157565280531,0.72,True
S3,action300,460,map50,0.7205404551372979,0.72,True
S3,action300,461,map50,0.7227592234528527,0.72,True
S3,action300,462,map50,0.7243331400301647,0.72,True
S3,action300,463,map50,0.7216119082960397,0.72,True
S3,action300,464,map50,0.712991652028093,0.72,True
S3,action300,465,map50,0.7192854852497177,0.72,True
S3,action300,466,map50,0.7133168268106648,0.72,True
S3,action300,467,map50,0.7246191064527058,0.72,True
S3,action300,468,map50,0.7201247623796511,0.72,True
S3,action300,469,map50,0.7264465030932375,0.72,True
S3,action300,470,map50,0.7206364958647482,0.72,True
S3,action300,471,map50,0.7142336387984862,0.72,True
S3,action300,472,map50,0.7144375807557373,0.72,True
S3,action300,473,map50,0.718888359528654,0.72,True
S3,action300,474,map50,0.7240827811453162,0.72,True
S3,action300,475,map50,0.7197306084346883,0.72,True
S3,action300,476,map50,0.7243130557838583,0.72,True
S3,action300,477,map50,0.7127352116357407,0.72,True
S3,action300,478,map50,0.7167046909598486,0.72,True
S3,action300,479,map50,0.7167940405425757,0.72,True
S3,action300,480,map50,0.7193124516789164,0.72,True
S3,action300,481,map50,0.717763049386425,0.72,True
S3,action300,482,map50,0.7206869868847633,0.72,True
S3,action300,483,map50,0.72379653509573,0.72,True
S3,action300,484,map50,0.7137616819598731,0.72,True
S3,action300,485,map50,0.7157836903818657,0.72,True
S3,action300,486,map50,0.7221385434737069,0.72,True
S3,action300,487,map50,0.71916457180184,0.72,True
S3,action300,488,map50,0.721500071916921,0.72,True
S3,action300,489,map50,0.7247429541731265,0.72,True
S3,action300,490,map50,0.7177966325435169,0.72,True
S3,action300,491,map50,0.7199151791968927,0.72,True
S3,action300,492,map50,0.7210477286491803,0.72,True
S3,action300,493,map50,0.7181280143611114,0.72,True
S3,action300,494,map50,0.7169220887075299,0.72,True
S3,action300,495,map50,0.7198858477922736,0.72,True
S3,action300,496,map50,0.7261732431733713,0.72,True
S3,action300,497,map50,0.7204558589224039,0.72,True
S3,action300,498,map50,0.7123264946521782,0.72,True
S3,action300,499,map50,0.7214562989850072,0.72,True
S3,action300,500,map50,0.7197602685736258,0.72,True
S3,action300,501,map50,0.7211410341518689,0.72,True
S3,action300,502,map50,0.7248187232051779,0.72,True
S3,action300,503,map50,0.7147371777599156,0.72,True
S3,action300,504,map50,0.7205881337213829,0.72,True
S3,action300,505,map50,0.7199492915341895,0.72,True
S3,action300,506,map50,0.7146658358776753,0.72,True
S3,action300,507,map50,0.7233944228750746,0.72,True
S3,action300,508,map50,0.7233809893533801,0.72,True
S3,action300,509,map50,0.7240353171812736,0.72,True
S3,action300,510,map50,0.721112681391567,0.72,True
S3,action300,511,map50,0.7249298396296447,0.72,True
S3,action300,512,map50,0.7184446246251188,0.72,True
S3,action300,513,map50,0.7217227934061111,0.72,True
S3,action300,514,map50,0.722797295600615,0.72,True
S3,action300,515,map50,0.7211737949844529,0.72,True
S3,action300,516,map50,0.718247943397542,0.72,True
S3,action300,517,map50,0.718043461175869,0.72,True
S3,action300,518,map50,0.7162461263659349,0.72,True
S3,action300,519,map50,0.7145071431195301,0.72,True
S3,action300,520,map50,0.720387987639486,0.72,True
S3,action300,521,map50,0.7202305373885094,0.72,True
S3,action300,522,map50,0.7209215468596062,0.72,True
S3,action300,523,map50,0.7243141022133752,0.72,True
S3,action300,524,map50,0.717693996590737,0.72,True
S3,action300,525,map50,0.7225399703866339,0.72,True
S3,action300,526,map50,0.7219795971239187,0.72,True
S3,action300,527,map50,0.7241243887668092,0.72,True
S3,action300,528,map50,0.7282383891096802,0.72,True
S3,action300,529,map50,0.713797492540132,0.72,True
S3,action300,530,map50,0.7201721797064297,0.72,True
S3,action300,531,map50,0.7236026452520442,0.72,True
S3,action300,532,map50,0.7216416755079441,0.72,True
S3,action300,533,map50,0.7182194259362442,0.72,True
S3,action300,534,map50,0.7196274330164165,0.72,True
S3,action300,535,map50,0.7176559079566648,0.72,True
S3,action300,536,map50,0.7177593706469558,0.72,True
S3,action300,537,map50,0.7187355821047856,0.72,True
S3,action300,538,map50,0.7221944579723177,0.72,True
S3,action300,539,map50,0.7267419970542517,0.72,True
S3,action300,540,map50,0.7206366145381343,0.72,True
S3,action300,541,map50,0.718371096943133,0.72,True
S3,action300,542,map50,0.7249931233904274,0.72,True
S3,action300,543,map50,0.7215164734383446,0.72,True
S3,action300,544,map50,0.7219451620126156,0.72,True
S3,action300,545,map50,0.7217038295113933,0.72,True
S3,action300,546,map50,0.7192838743008513,0.72,True
S3,action300,547,map50,0.719712349472046,0.72,True
S3,action300,548,map50,0.7304658240308347,0.72,True
S3,action300,549,map50,0.7161613082141453,0.72,True
S3,action300,550,map50,0.7257124514336776,0.72,True
S3,action300,551,map50,0.7245676599849773,0.72,True
S3,action300,552,map50,0.7218820177639496,0.72,True
S3,action300,553,map50,0.7198995751830747,0.72,True
S3,action300,554,map50,0.7186804325835765,0.72,True
S3,action300,555,map50,0.7215824221173234,0.72,True
S3,action300,556,map50,0.7151219529194272,0.72,True
S3,action300,557,map50,0.7193960954670835,0.72,True
S3,action300,558,map50,0.7240439912487008,0.72,True
S3,action300,559,map50,0.7238759341498366,0.72,True
S3,action300,560,map50,0.7145194215317069,0.72,True
S3,action300,561,map50,0.7165369490015892,0.72,True
S3,action300,562,map50,0.7169129748062821,0.72,True
S3,action300,563,map50,0.7219752432766413,0.72,True
S3,action300,564,map50,0.7248289634987319,0.72,True
S3,action300,565,map50,0.7206858983415537,0.72,True
S3,action300,566,map50,0.7196439820061201,0.72,True
S3,action300,567,map50,0.7201782911941941,0.72,True
S3,action300,568,map50,0.7197278333267766,0.72,True
S3,action300,569,map50,0.7196638423845116,0.72,True
S3,action300,570,map50,0.727253589169497,0.72,True
S3,action300,571,map50,0.7169844990330695,0.72,True
S3,action300,572,map50,0.7118345147933454,0.72,True
S3,action300,573,map50,0.7212879279285995,0.72,True
S3,action300,574,map50,0.7184681628825165,0.72,True
S3,action300,575,map50,0.7121866347245427,0.72,True
S3,action300,576,map50,0.7135263036392138,0.72,True
S3,action300,577,map50,0.7201071695986385,0.72,True
S3,action300,578,map50,0.7221346484324913,0.72,True
S3,action300,579,map50,0.7213266062606251,0.72,True
S3,action300,580,map50,0.7277625735275871,0.72,True
S3,action300,581,map50,0.7185866203300852,0.72,True
S3,action300,582,map50,0.721306645039832,0.72,True
S3,action300,583,map50,0.7219196454231447,0.72,True
S3,action300,584,map50,0.7244870678020568,0.72,True
S3,action300,585,map50,0.725943563558457,0.72,True
S3,action300,586,map50,0.7159469278462088,0.72,True
S3,action300,587,map50,0.7163786126817601,0.72,True
S3,action300,588,map50,0.7161540166066654,0.72,True
S3,action300,589,map50,0.7246362202035309,0.72,True
S3,action300,590,map50,0.7189663774728842,0.72,True
S3,action300,591,map50,0.7174764621824562,0.72,True
S3,action300,592,map50,0.7232625386824618,0.72,True
S3,action300,593,map50,0.7210269153166993,0.72,True
S3,action300,594,map50,0.7217447868845734,0.72,True
S3,action300,595,map50,0.7204275084175515,0.72,True
S3,action300,596,map50,0.721756683757766,0.72,True
S3,action300,597,map50,0.7181063524381395,0.72,True
S3,action300,598,map50,0.7264379668711496,0.72,True
S3,action300,599,map50,0.7201186939832664,0.72,True
S3,action300,600,map50,0.7179090758776543,0.72,True
S3,action300,601,map50,0.7191008346940654,0.72,True
S3,action300,602,map50,0.7200497840938974,0.72,True
S3,action300,603,map50,0.7227134679149227,0.72,True
S3,action300,604,map50,0.7193832053590022,0.72,True
S3,action300,605,map50,0.7134275140310042,0.72,True
S3,action300,606,map50,0.719953645948107,0.72,True
S3,action300,607,map50,0.7154823757003091,0.72,True
S3,action300,608,map50,0.7217974774769401,0.72,True
S3,action300,609,map50,0.7176486578907197,0.72,True
S3,action300,610,map50,0.7171003533445464,0.72,True
S3,action300,611,map50,0.7212298738948852,0.72,True
S3,action300,612,map50,0.7224930655291439,0.72,True
S3,action300,613,map50,0.7273314085541831,0.72,True
S3,action300,614,map50,0.7229636721873806,0.72,True
S3,action300,615,map50,0.7167742865412821,0.72,True
S3,action300,616,map50,0.7184641630038597,0.72,True
S3,action300,617,map50,0.7176723597228701,0.72,True
S3,action300,618,map50,0.7226366122252923,0.72,True
S3,action300,619,map50,0.7227151460325194,0.72,True
S3,action300,620,map50,0.7224382583454371,0.72,True
S3,action300,621,map50,0.727651078517604,0.72,True
S3,action300,622,map50,0.7105901210893801,0.72,True
S3,action300,623,map50,0.7296992406669187,0.72,True
S3,action300,624,map50,0.7173754234844034,0.72,True
S3,action300,625,map50,0.7160127126446566,0.72,True
S3,action300,626,map50,0.7222447959384858,0.72,True
S3,action300,627,map50,0.718015266752837,0.72,True
S3,action300,628,map50,0.7171802883555246,0.72,True
S3,action300,629,map50,0.7170879177419692,0.72,True
S3,action300,630,map50,0.7180942236111916,0.72,True
S3,action300,631,map50,0.7162610069863286,0.72,True
S3,action300,632,map50,0.7179031210790575,0.72,True
S3,action300,633,map50,0.7170626904549179,0.72,True
S3,action300,634,map50,0.7181689044346338,0.72,True
S3,action300,635,map50,0.7219114741378966,0.72,True
S3,action300,636,map50,0.724502071916349,0.72,True
S3,action300,637,map50,0.7219556937306559,0.72,True
S3,action300,638,map50,0.7291891662679227,0.72,True
S3,action300,639,map50,0.7242227389304597,0.72,True
S3,action300,640,map50,0.7207943643041769,0.72,True
S3,action300,641,map50,0.7160741134532178,0.72,True
S3,action300,642,map50,0.7212995948167517,0.72,True
S3,action300,643,map50,0.7167237572086078,0.72,True
S3,action300,644,map50,0.7154717137573692,0.72,True
S3,action300,645,map50,0.7168246334881916,0.72,True
S3,action300,646,map50,0.719317242315605,0.72,True
S3,action300,647,map50,0.7175347246706659,0.72,True
S3,action300,648,map50,0.7199574707396599,0.72,True
S3,action300,649,map50,0.7124425126063397,0.72,True
S3,action300,650,map50,0.7180818062129829,0.72,True
S3,action300,651,map50,0.7213188898404924,0.72,True
S3,action300,652,map50,0.7202958809755515,0.72,True
S3,action300,653,map50,0.72878859412111,0.72,True
S3,action300,654,map50,0.7288894060914838,0.72,True
S3,action300,655,map50,0.7182552190846535,0.72,True
S3,action300,656,map50,0.7169493746122855,0.72,True
S3,action300,657,map50,0.7101341656360647,0.72,True
S3,action300,658,map50,0.7207526197859344,0.72,True
S3,action300,659,map50,0.7189113138712712,0.72,True
S3,action300,660,map50,0.7196853774389517,0.72,True
S3,action300,661,map50,0.7214301621212758,0.72,True
S3,action300,662,map50,0.7239277752295429,0.72,True
S3,action300,663,map50,0.7213416916925349,0.72,True
S3,action300,664,map50,0.7251523595102848,0.72,True
S3,action300,665,map50,0.7207243800713146,0.72,True
S3,action300,666,map50,0.7152501419644277,0.72,True
S3,action300,667,map50,0.7207304689580273,0.72,True
S3,action300,668,map50,0.7220946465300324,0.72,True
S3,action300,669,map50,0.7221113292475638,0.72,True
S3,action300,670,map50,0.7233911544025348,0.72,True
S3,action300,671,map50,0.71730607643233,0.72,True
S3,action300,672,map50,0.7220276093359257,0.72,True
S3,action300,673,map50,0.7215407601369573,0.72,True
S3,action300,674,map50,0.7153723363270618,0.72,True
S3,action300,675,map50,0.7155153943703009,0.72,True
S3,action300,676,map50,0.7223188157888966,0.72,True
S3,action300,677,map50,0.7172136982151793,0.72,True
S3,action300,678,map50,0.7164297368927883,0.72,True
S3,action300,679,map50,0.72224199263508,0.72,True
S3,action300,680,map50,0.7162265887446194,0.72,True
S3,action300,681,map50,0.7185194471263091,0.72,True
S3,action300,682,map50,0.71433094134195,0.72,True
S3,action300,683,map50,0.721488061375092,0.72,True
S3,action300,684,map50,0.7138767794866816,0.72,True
S3,action300,685,map50,0.7225427625372453,0.72,True
S3,action300,686,map50,0.7216517764649951,0.72,True
S3,action300,687,map50,0.724243388504103,0.72,True
S3,action300,688,map50,0.7219982336869287,0.72,True
S3,action300,689,map50,0.7138223263253948,0.72,True
S3,action300,690,map50,0.7173109524139611,0.72,True
S3,action300,691,map50,0.7218413154012685,0.72,True
S3,action300,692,map50,0.7217946316261772,0.72,True
S3,action300,693,map50,0.7120066824907827,0.72,True
S3,action300,694,map50,0.7188596343867214,0.72,True
S3,action300,695,map50,0.7240973060676709,0.72,True
S3,action300,696,map50,0.7228908834467684,0.72,True
S3,action300,697,map50,0.7215763700586741,0.72,True
S3,action300,698,map50,0.7232915996347372,0.72,True
S3,action300,699,map50,0.7087450341585493,0.72,True
S3,action300,700,map50,0.7258325147163047,0.72,True
S3,action300,701,map50,0.7345132031567569,0.72,True
S3,action300,702,map50,0.719329235404009,0.72,True
S3,action300,703,map50,0.722979228984851,0.72,True
S3,action300,704,map50,0.7154439939350462,0.72,True
S3,action300,705,map50,0.7247841456686926,0.72,True
S3,action300,706,map50,0.7216904563146297,0.72,True
S3,action300,707,map50,0.7188264122295476,0.72,True
S3,action300,708,map50,0.7155453189888187,0.72,True
S3,action300,709,map50,0.7200828968172062,0.72,True
S3,action300,710,map50,0.7198682879639412,0.72,True
S3,action300,711,map50,0.7244167769395017,0.72,True
S3,action300,712,map50,0.7193714695141963,0.72,True
S3,action300,713,map50,0.721361258972153,0.72,True
S3,action300,714,map50,0.7198893909892631,0.72,True
S3,action300,715,map50,0.7179590172912356,0.72,True
S3,action300,716,map50,0.7256794862047101,0.72,True
S3,action300,717,map50,0.7159741103723942,0.72,True
S3,action300,718,map50,0.7188837138691859,0.72,True
S3,action300,719,map50,0.7163442861088902,0.72,True
S3,action300,720,map50,0.7185615627693047,0.72,True
S3,action300,721,map50,0.7188939446974455,0.72,True
S3,action300,722,map50,0.7219385998112913,0.72,True
S3,action300,723,map50,0.7156383345529743,0.72,True
S3,action300,724,map50,0.7226052945778385,0.72,True
S3,action300,725,map50,0.7142196519623192,0.72,True
S3,action300,726,map50,0.7176000883857003,0.72,True
S3,action300,727,map50,0.7223776680831763,0.72,True
S3,action300,728,map50,0.7186697180469255,0.72,True
S3,action300,729,map50,0.7161436321052966,0.72,True
S3,action300,730,map50,0.7190698620769465,0.72,True
S3,action300,731,map50,0.7263337991484726,0.72,True
S3,action300,732,map50,0.7211831526319545,0.72,True
S3,action300,733,map50,0.7167145265601808,0.72,True
S3,action300,734,map50,0.7167966989976584,0.72,True
S3,action300,735,map50,0.7178185131935025,0.72,True
S3,action300,736,map50,0.7176644677683813,0.72,True
S3,action300,737,map50,0.7248268468202638,0.72,True
S3,action300,738,map50,0.7217940620607898,0.72,True
S3,action300,739,map50,0.7150963003650922,0.72,True
S3,action300,740,map50,0.723503437283427,0.72,True
S3,action300,741,map50,0.7175873279091618,0.72,True
S3,action300,742,map50,0.7190284681030976,0.72,True
S3,action300,743,map50,0.7161986735950756,0.72,True
S3,action300,744,map50,0.7156585136712363,0.72,True
S3,action300,745,map50,0.7185221158327122,0.72,True
S3,action300,746,map50,0.7216730701318606,0.72,True
S3,action300,747,map50,0.7203097880320496,0.72,True
S3,action300,748,map50,0.7201730913545809,0.72,True
S3,action300,749,map50,0.7186643694552144,0.72,True
S3,action300,750,map50,0.7237008626269437,0.72,True
S3,action300,751,map50,0.7291222734785694,0.72,True
S3,action300,752,map50,0.7174855716023965,0.72,True
S3,action300,753,map50,0.7143565646597534,0.72,True
S3,action300,754,map50,0.7197779798262016,0.72,True
S3,action300,755,map50,0.7117374060637459,0.72,True
S3,action300,756,map50,0.7224288306011486,0.72,True
S3,action300,757,map50,0.7148324983346388,0.72,True
S3,action300,758,map50,0.7230987702734525,0.72,True
S3,action300,759,map50,0.7188608519131556,0.72,True
S3,action300,760,map50,0.7131917859454159,0.72,True
S3,action300,761,map50,0.7196519316328938,0.72,True
S3,action300,762,map50,0.7173714756829382,0.72,True
S3,action300,763,map50,0.7182582648860042,0.72,True
S3,action300,764,map50,0.7232831842495601,0.72,True
S3,action300,765,map50,0.7159287385495432,0.72,True
S3,action300,766,map50,0.717888903520531,0.72,True
S3,action300,767,map50,0.7217252739889297,0.72,True
S3,action300,768,map50,0.719848967462282,0.72,True
S3,action300,769,map50,0.7209410389437125,0.72,True
S3,action300,770,map50,0.7166486836645793,0.72,True
S3,action300,771,map50,0.7222342607768044,0.72,True
S3,action300,772,map50,0.7221598251450083,0.72,True
S3,action300,773,map50,0.723863173460897,0.72,True
S3,action300,774,map50,0.7224561772504425,0.72,True
S3,action300,775,map50,0.7171657502454618,0.72,True
S3,action300,776,map50,0.7231231874494533,0.72,True
S3,action300,777,map50,0.7207427239484296,0.72,True
S3,action300,778,map50,0.7204637746910613,0.72,True
S3,action300,779,map50,0.7161761962381336,0.72,True
S3,action300,780,map50,0.7165123049785228,0.72,True
S3,action300,781,map50,0.7197009115708339,0.72,True
S3,action300,782,map50,0.709455212356963,0.72,True
S3,action300,783,map50,0.7214866598474724,0.72,True
S3,action300,784,map50,0.7177011269644986,0.72,True
S3,action300,785,map50,0.7241339316296833,0.72,True
S3,action300,786,map50,0.7099509650315027,0.72,True
S3,action300,787,map50,0.7186125465391764,0.72,True
S3,action300,788,map50,0.7239465922946652,0.72,True
S3,action300,789,map50,0.7234886624630877,0.72,True
S3,action300,790,map50,0.719759455422562,0.72,True
S3,action300,791,map50,0.7164451487902903,0.72,True
S3,action300,792,map50,0.7207241939755582,0.72,True
S3,action300,793,map50,0.7249753770389975,0.72,True
S3,action300,794,map50,0.7184315990099828,0.72,True
S3,action300,795,map50,0.7266384193935189,0.72,True
S3,action300,796,map50,0.7167637621546906,0.72,True
S3,action300,797,map50,0.7206159970121696,0.72,True
S3,action300,798,map50,0.7227685893013113,0.72,True
S3,action300,799,map50,0.7237491749401074,0.72,True
S3,action300,800,map50,0.7211069104941227,0.72,True
S3,action300,801,map50,0.7181582384327044,0.72,True
S3,action300,802,map50,0.7140457459897217,0.72,True
S3,action300,803,map50,0.720389372913992,0.72,True
S3,action300,804,map50,0.7276248222138134,0.72,True
S3,action300,805,map50,0.7228096835490533,0.72,True
S3,action300,806,map50,0.7178506385114093,0.72,True
S3,action300,807,map50,0.7221412722625724,0.72,True
S3,action300,808,map50,0.7172240908287626,0.72,True
S3,action300,809,map50,0.7195757170984077,0.72,True
S3,action300,810,map50,0.7247415344314039,0.72,True
S3,action300,811,map50,0.7174626169486658,0.72,True
S3,action300,812,map50,0.7190944140298728,0.72,True
S3,action300,813,map50,0.7217130977289455,0.72,True
S3,action300,814,map50,0.7143147990318622,0.72,True
S3,action300,815,map50,0.7251348371862523,0.72,True
S3,action300,816,map50,0.7261714567063071,0.72,True
S3,action300,817,map50,0.7118086101810079,0.72,True
S3,action300,818,map50,0.7224296194567493,0.72,True
S3,action300,819,map50,0.7144169817030972,0.72,True
S3,action300,820,map50,0.7235628258104879,0.72,True
S3,action300,821,map50,0.724111519975411,0.72,True
S3,action300,822,map50,0.7195888696084782,0.72,True
S3,action300,823,map50,0.7187260236722387,0.72,True
S3,action300,824,map50,0.7271144056477724,0.72,True
S3,action300,825,map50,0.7312030884870631,0.72,True
S3,action300,826,map50,0.7248439799092221,0.72,True
S3,action300,827,map50,0.7186330512484619,0.72,True
S3,action300,828,map50,0.7231107829094773,0.72,True
S3,action300,829,map50,0.7144805538028317,0.72,True
S3,action300,830,map50,0.7195788205899154,0.72,True
S3,action300,831,map50,0.7162104949200794,0.72,True
S3,action300,832,map50,0.7186031130942551,0.72,True
S3,action300,833,map50,0.7205678304783378,0.72,True
S3,action300,834,map50,0.7278755193712455,0.72,True
S3,action300,835,map50,0.7177763274477417,0.72,True
S3,action300,836,map50,0.7150994640913859,0.72,True
S3,action300,837,map50,0.7124072288617551,0.72,True
S3,action300,838,map50,0.7200896883958928,0.72,True
S3,action300,839,map50,0.7220405584439072,0.72,True
S3,action300,840,map50,0.7172600889903551,0.72,True
S3,action300,841,map50,0.7165981723697904,0.72,True
S3,action300,842,map50,0.7177042969181237,0.72,True
S3,action300,843,map50,0.7235365000717193,0.72,True
S3,action300,844,map50,0.7185253455825531,0.72,True
S3,action300,845,map50,0.7159548775352532,0.72,True
S3,action300,846,map50,0.7162160556045316,0.72,True
S3,action300,847,map50,0.7227140270259754,0.72,True
S3,action300,848,map50,0.7251207638040422,0.72,True
S3,action300,849,map50,0.7237465694242172,0.72,True
S3,action300,850,map50,0.7215085626671759,0.72,True
S3,action300,851,map50,0.7237281269078787,0.72,True
S3,action300,852,map50,0.7222564728584101,0.72,True
S3,action300,853,map50,0.7153020922427882,0.72,True
S3,action300,854,map50,0.7209859520973118,0.72,True
S3,action300,855,map50,0.7193373827142315,0.72,True
S3,action300,856,map50,0.72308250312973,0.72,True
S3,action300,857,map50,0.7145091347440051,0.72,True
S3,action300,858,map50,0.7271854516685214,0.72,True
S3,action300,859,map50,0.717334219834192,0.72,True
S3,action300,860,map50,0.719091557909565,0.72,True
S3,action300,861,map50,0.7247366182997874,0.72,True
S3,action300,862,map50,0.7192379056515276,0.72,True
S3,action300,863,map50,0.7201544041034288,0.72,True
S3,action300,864,map50,0.7186943995970427,0.72,True
S3,action300,865,map50,0.7108987610597893,0.72,True
S3,action300,866,map50,0.7228622170630267,0.72,True
S3,action300,867,map50,0.7236516002172912,0.72,True
S3,action300,868,map50,0.7179220183100057,0.72,True
S3,action300,869,map50,0.7139741692203623,0.72,True
S3,action300,870,map50,0.7154821816806507,0.72,True
S3,action300,871,map50,0.7197554243804049,0.72,True
S3,action300,872,map50,0.7249393862353506,0.72,True
S3,action300,873,map50,0.712386441692404,0.72,True
S3,action300,874,map50,0.7183345276046552,0.72,True
S3,action300,875,map50,0.7202298528289877,0.72,True
S3,action300,876,map50,0.7249696712858273,0.72,True
S3,action300,877,map50,0.7168079325817909,0.72,True
S3,action300,878,map50,0.7215671074537329,0.72,True
S3,action300,879,map50,0.7197428333827233,0.72,True
S3,action300,880,map50,0.7185549362577661,0.72,True
S3,action300,881,map50,0.7177709786288178,0.72,True
S3,action300,882,map50,0.7293344790381532,0.72,True
S3,action300,883,map50,0.7178315898015161,0.72,True
S3,action300,884,map50,0.7177150380524101,0.72,True
S3,action300,885,map50,0.7222387626464254,0.72,True
S3,action300,886,map50,0.7150712042864896,0.72,True
S3,action300,887,map50,0.7128534132677465,0.72,True
S3,action300,888,map50,0.7237031246498659,0.72,True
S3,action300,889,map50,0.7254283098747258,0.72,True
S3,action300,890,map50,0.7216427671265068,0.72,True
S3,action300,891,map50,0.7296368791935368,0.72,True
S3,action300,892,map50,0.7161326071124027,0.72,True
S3,action300,893,map50,0.7170379491268081,0.72,True
S3,action300,894,map50,0.7240933847063328,0.72,True
S3,action300,895,map50,0.7228948479122926,0.72,True
S3,action300,896,map50,0.7185560314751097,0.72,True
S3,action300,897,map50,0.7208472929389913,0.72,True
S3,action300,898,map50,0.7210253750679801,0.72,True
S3,action300,899,map50,0.7261261351043053,0.72,True
S3,action300,900,map50,0.7124815991705605,0.72,True
S3,action300,901,map50,0.7180511548745656,0.72,True
S3,action300,902,map50,0.7213653636446512,0.72,True
S3,action300,903,map50,0.7217325957675372,0.72,True
S3,action300,904,map50,0.7161619169748739,0.72,True
S3,action300,905,map50,0.7195375393348488,0.72,True
S3,action300,906,map50,0.7205061055650342,0.72,True
S3,action300,907,map50,0.7155384339106218,0.72,True
S3,action300,908,map50,0.7206351844599692,0.72,True
S3,action300,909,map50,0.7130035610985133,0.72,True
S3,action300,910,map50,0.715225073965043,0.72,True
S3,action300,911,map50,0.7247672703093024,0.72,True
S3,action300,912,map50,0.7306678651924382,0.72,True
S3,action300,913,map50,0.7155581211028531,0.72,True
S3,action300,914,map50,0.7225548753967895,0.72,True
S3,action300,915,map50,0.7149142718505986,0.72,True
S3,action300,916,map50,0.7172735424840817,0.72,True
S3,action300,917,map50,0.7236998752035838,0.72,True
S3,action300,918,map50,0.7127992610387567,0.72,True
S3,action300,919,map50,0.7238115253625326,0.72,True
S3,action300,920,map50,0.7175394117055556,0.72,True
S3,action300,921,map50,0.726857512726283,0.72,True
S3,action300,922,map50,0.7135265523646014,0.72,True
S3,action300,923,map50,0.7149202109451761,0.72,True
S3,action300,924,map50,0.7255186276745317,0.72,True
S3,action300,925,map50,0.7223280860719993,0.72,True
S3,action300,926,map50,0.7291395766376981,0.72,True
S3,action300,927,map50,0.7207038014600949,0.72,True
S3,action300,928,map50,0.7248331732588307,0.72,True
S3,action300,929,map50,0.7197537183384156,0.72,True
S3,action300,930,map50,0.729185437882855,0.72,True
S3,action300,931,map50,0.7260659869208618,0.72,True
S3,action300,932,map50,0.7165826157573972,0.72,True
S3,action300,933,map50,0.7108316533189227,0.72,True
S3,action300,934,map50,0.7151871870190413,0.72,True
S3,action300,935,map50,0.714723119989502,0.72,True
S3,action300,936,map50,0.7181582529799266,0.72,True
S3,action300,937,map50,0.7197397714777368,0.72,True
S3,action300,938,map50,0.7193062337467602,0.72,True
S3,action300,939,map50,0.7261463609262547,0.72,True
S3,action300,940,map50,0.7185325571848246,0.72,True
S3,action300,941,map50,0.7136095152982165,0.72,True
S3,action300,942,map50,0.7193560004453851,0.72,True
S3,action300,943,map50,0.7276753535633608,0.72,True
S3,action300,944,map50,0.7154862046487996,0.72,True
S3,action300,945,map50,0.7205416387928884,0.72,True
S3,action300,946,map50,0.7124701179648808,0.72,True
S3,action300,947,map50,0.7207918509938539,0.72,True
S3,action300,948,map50,0.7197490672866708,0.72,True
S3,action300,949,map50,0.72413666712946,0.72,True
S3,action300,950,map50,0.7229322546955108,0.72,True
S3,action300,951,map50,0.7140751165441309,0.72,True
S3,action300,952,map50,0.7192402905443369,0.72,True
S3,action300,953,map50,0.725098799755381,0.72,True
S3,action300,954,map50,0.7186232371142569,0.72,True
S3,action300,955,map50,0.7228048865941475,0.72,True
S3,action300,956,map50,0.7173027510905134,0.72,True
S3,action300,957,map50,0.717410474557837,0.72,True
S3,action300,958,map50,0.7230487941721367,0.72,True
S3,action300,959,map50,0.7235000837572388,0.72,True
S3,action300,960,map50,0.7223266162301768,0.72,True
S3,action300,961,map50,0.7183948756241173,0.72,True
S3,action300,962,map50,0.714686463899801,0.72,True
S3,action300,963,map50,0.7179821510104301,0.72,True
S3,action300,964,map50,0.7224736629052757,0.72,True
S3,action300,965,map50,0.7204923120468759,0.72,True
S3,action300,966,map50,0.7227584553027304,0.72,True
S3,action300,967,map50,0.7195210514120643,0.72,True
S3,action300,968,map50,0.7072247149486824,0.72,True
S3,action300,969,map50,0.7200202387765587,0.72,True
S3,action300,970,map50,0.7263703247713573,0.72,True
S3,action300,971,map50,0.7178653008883195,0.72,True
S3,action300,972,map50,0.7183629424512974,0.72,True
S3,action300,973,map50,0.7169771287929906,0.72,True
S3,action300,974,map50,0.7201027985730044,0.72,True
S3,action300,975,map50,0.7207698431675031,0.72,True
S3,action300,976,map50,0.7190430887920762,0.72,True
S3,action300,977,map50,0.7117299811588758,0.72,True
S3,action300,978,map50,0.7187583382563819,0.72,True
S3,action300,979,map50,0.7127062015165189,0.72,True
S3,action300,980,map50,0.7208047436010901,0.72,True
S3,action300,981,map50,0.719057788830976,0.72,True
S3,action300,982,map50,0.7261945760818183,0.72,True
S3,action300,983,map50,0.7206507397622827,0.72,True
S3,action300,984,map50,0.7221725702497026,0.72,True
S3,action300,985,map50,0.7185132568783044,0.72,True
S3,action300,986,map50,0.7196844348734134,0.72,True
S3,action300,987,map50,0.7275917782305399,0.72,True
S3,action300,988,map50,0.7223405882677604,0.72,True
S3,action300,989,map50,0.7218555477159777,0.72,True
S3,action300,990,map50,0.7198801269486405,0.72,True
S3,action300,991,map50,0.7235392858920457,0.72,True
S3,action300,992,map50,0.7213636614010429,0.72,True
S3,action300,993,map50,0.720659035274228,0.72,True
S3,action300,994,map50,0.7060447873951474,0.72,True
S3,action300,995,map50,0.7203841103976744,0.72,True
S3,action300,996,map50,0.7253524277546227,0.72,True
S3,action300,997,map50,0.7279913507586493,0.72,True
S3,action300,998,map50,0.7134613069843473,0.72,True
S3,action300,999,map50,0.7278283592488923,0.72,True
S3,action300,1000,map50,0.7167804903864254,0.72,True
S1,action,1,map50_95,0.3497113350294079,0.3386527672968781,True
S1,action,2,map50_95,0.3812387804547033,0.39180788013055157,True
S1,action,3,map50_95,0.4342149688567854,0.4320900440684843,True
S1,action,4,map50_95,0.4631850593381343,0.46261679201463013,True
S1,action,5,map50_95,0.48819579348782477,0.48575066192299393,True
S1,action,6,map50_95,0.5101332970934507,0.503282039254154,True
S1,action,7,map50_95,0.5298948230382451,0.5165677191834077,True
S1,action,8,map50_95,0.5125118740332364,0.5266359122208623,True
S1,action,9,map50_95,0.5415650841595662,0.534265819879276,True
S1,action,10,map50_95,0.5406495080436994,0.540047938940696,True
S1,action,11,map50_95,0.537054996391639,0.5444297614131566,True
S1,action,12,map50_95,0.5557521514305078,0.5477504070062699,True
S1,action,13,map50_95,0.5364378748357241,0.5502668684157324,True
S1,action,14,map50_95,0.5470684832054874,0.5521739006020177,True
S1,action,15,map50_95,0.558631531091388,0.5536190933420507,True
S1,action,16,map50_95,0.5298629724134816,0.5547142935546452,True
S1,action,17,map50_95,0.547390363006206,0.5555442614007607,True
S1,action,18,map50_95,0.5663167900488592,0.5561732300748571,True
S1,action,19,map50_95,0.5567020446090953,0.556649876965271,True
S1,action,20,map50_95,0.5527292105684337,0.5570110909135931,True
S1,action,21,map50_95,0.560319733003247,0.5572848271302485,True
S1,action,22,map50_95,0.5448643334450378,0.5574922707150184,True
S1,action,23,map50_95,0.5668904332222314,0.5576494762225247,True
S1,action,24,map50_95,0.5518278836988567,0.5577686101625678,True
S1,action,25,map50_95,0.5599102232172891,0.5578588925953868,True
S1,action,26,map50_95,0.5581317174836505,0.5579273106941481,True
S1,action,27,map50_95,0.5559847222982927,0.5579791594989706,True
S1,action,28,map50_95,0.5607026396604754,0.5580184517127297,True
S1,action,29,map50_95,0.5579336927763476,0.5580482282537197,True
S1,action,30,map50_95,0.5568397480257011,0.5580707935995862,True
S1,action,31,map50_95,0.5509484578292665,0.558087894136356,True
S1,action,32,map50_95,0.5736124730446156,0.5581008533154239,True
S1,action,33,map50_95,0.5494293472946422,0.5581106740786184,True
S1,action,34,map50_95,0.562744823812201,0.5581181164782655,True
S1,action,35,map50_95,0.5604107107656748,0.5581237564994542,True
S1,action,36,map50_95,0.5621288008452543,0.558128030636899,True
S1,action,37,map50_95,0.5560895380447514,0.5581312696763077,True
S1,action,38,map50_95,0.5603257192132913,0.5581337242946784,True
S1,action,39,map50_95,0.5687608823131592,0.5581355844607913,True
S1,action,40,map50_95,0.5487286218060566,0.5581369941373457,True
S1,action,41,map50_95,0.5547689153520641,0.558138062422578,True
S1,action,42,map50_95,0.5647405983813293,0.5581388719936347,True
S1,action,43,map50_95,0.551049205000107,0.5581394855051538,True
S1,action,44,map50_95,0.5614694831791083,0.5581399504382576,True
S1,action,45,map50_95,0.5532317081271703,0.5581403027752296,True
S1,action,46,map50_95,0.5530787024271793,0.55814056978427,True
S1,action,47,map50_95,0.5713679591982589,0.5581407721298463,True
S1,action,48,map50_95,0.5556980426168785,0.558140925471966,True
S1,action,49,map50_95,0.5649368342973667,0.5581410416781422,True
S1,action,50,map50_95,0.5432303159733808,0.5581411297418484,True
S1,action,51,map50_95,0.5673348896970266,0.5581411964785451,True
S1,action,52,map50_95,0.5642296009677008,0.5581412470531449,True
S1,action,53,map50_95,0.5621919138383827,0.558141285379737,True
S1,action,54,map50_95,0.5468045018039225,0.5581413144245077,True
S1,action,55,map50_95,0.544772841449863,0.5581413364353012,True
S1,action,56,map50_95,0.5609503471312809,0.5581413531155854,True
S1,action,57,map50_95,0.5671180686565438,0.5581413657562876,True
S1,action,58,map50_95,0.5591024408009623,0.5581413753357016,True
S1,action,59,map50_95,0.5521668950325032,0.5581413825952013,True
S1,action,60,map50_95,0.557411254807476,0.5581413880966167,True
S1,action,61,map50_95,0.5615157980183705,0.5581413922657156,True
S1,action,62,map50_95,0.5711425396054073,0.5581413954251543,True
S1,action,63,map50_95,0.5673695864409912,0.5581413978194495,True
S1,action,64,map50_95,0.5377262303661943,0.5581413996339012,True
S1,action,65,map50_95,0.5576153549493725,0.5581414010089344,True
S1,action,66,map50_95,0.5630776006181729,0.5581414020509661,True
S1,action,67,map50_95,0.5528047859715398,0.5581414028406416,True
S1,action,68,map50_95,0.5501346672154922,0.5581414034390759,True
S1,action,69,map50_95,0.554424140651582,0.558141403892583,True
S1,action,70,map50_95,0.5550298479390947,0.5581414042362612,True
S1,action,71,map50_95,0.5497017308074841,0.5581414044967085,True
S1,action,72,map50_95,0.5647968406712335,0.5581414046940812,True
S1,action,73,map50_95,0.5469993745977374,0.5581414048436549,True
S1,action,74,map50_95,0.5482112157684815,0.5581414049570053,True
S1,action,75,map50_95,0.535225183859621,0.5581414050429048,True
S1,action,76,map50_95,0.5521458429661662,0.5581414051080015,True
S1,action,77,map50_95,0.5641269660827003,0.5581414051573331,True
S1,action,78,map50_95,0.5552609700785732,0.5581414051947178,True
S1,action,79,map50_95,0.5528486234922233,0.5581414052230488,True
S1,action,80,map50_95,0.5589436000401211,0.5581414052445187,True
S1,action,81,map50_95,0.5528180687283577,0.558141405260789,True
S1,action,82,map50_95,0.5726751475199897,0.5581414052731191,True
S1,action,83,map50_95,0.5599164777023359,0.5581414052824631,True
S1,action,84,map50_95,0.5546662324379107,0.5581414052895441,True
S1,action,85,map50_95,0.5550432460535557,0.5581414052949104,True
S1,action,86,map50_95,0.5495226839008734,0.558141405298977,True
S1,action,87,map50_95,0.5639691536721366,0.5581414053020588,True
S1,action,88,map50_95,0.5698879634954915,0.5581414053043943,True
S1,action,89,map50_95,0.5734325524579114,0.5581414053061642,True
S1,action,90,map50_95,0.5595097405535249,0.5581414053075054,True
S1,action,91,map50_95,0.5651199597594859,0.5581414053085219,True
S1,action,92,map50_95,0.5425285273469587,0.5581414053092921,True
S1,action,93,map50_95,0.545668361314555,0.5581414053098758,True
S1,action,94,map50_95,0.545474870506468,0.5581414053103182,True
S1,action,95,map50_95,0.5430762151776217,0.5581414053106534,True
S1,action,96,map50_95,0.5539714770394578,0.5581414053109075,True
S1,action,97,map50_95,0.556790752642303,0.5581414053111,True
S1,action,98,map50_95,0.5574467384428131,0.5581414053112459,True
S1,action,99,map50_95,0.5663677773131454,0.5581414053113565,True
S1,action,100,map50_95,0.5531091853872356,0.5581414053114402,True
S1,action,101,map50_95,0.5445343075447997,0.5581414053115037,True
S1,action,102,map50_95,0.5645124106271021,0.5581414053115519,True
S1,action,103,map50_95,0.5635801628160803,0.5581414053115883,True
S1,action,104,map50_95,0.562332331345384,0.5581414053116159,True
S1,action,105,map50_95,0.561454620989753,0.5581414053116369,True
S1,action,106,map50_95,0.5605770341354902,0.5581414053116528,True
S1,action,107,map50_95,0.5531957702159489,0.5581414053116648,True
S1,action,108,map50_95,0.5573389375644644,0.5581414053116739,True
S1,action,109,map50_95,0.5705900598660413,0.5581414053116808,True
S1,action,110,map50_95,0.5591699549712227,0.558141405311686,True
S1,action,111,map50_95,0.5543425757023198,0.55814140531169,True
S1,action,112,map50_95,0.560409623663143,0.558141405311693,True
S1,action,113,map50_95,0.5451105327698905,0.5581414053116953,True
S1,action,114,map50_95,0.5662051273992652,0.558141405311697,True
S1,action,115,map50_95,0.5560186703512616,0.5581414053116983,True
S1,action,116,map50_95,0.5466634471640536,0.5581414053116993,True
S1,action,117,map50_95,0.5451302149578858,0.5581414053117001,True
S1,action,118,map50_95,0.553978248997513,0.5581414053117006,True
S1,action,119,map50_95,0.5539961264535138,0.5581414053117011,True
S1,action,120,map50_95,0.5539210956863269,0.5581414053117014,True
S1,action,121,map50_95,0.5422687223006523,0.5581414053117016,True
S1,action,122,map50_95,0.5651018322465928,0.5581414053117019,True
S1,action,123,map50_95,0.5507540356504131,0.558141405311702,True
S1,action,124,map50_95,0.5532282114771073,0.5581414053117021,True
S1,action,125,map50_95,0.5662242681003047,0.5581414053117022,True
S1,action,126,map50_95,0.5486437186053211,0.5581414053117022,True
S1,action,127,map50_95,0.5574197790410824,0.5581414053117023,True
S1,action,128,map50_95,0.5596118287124725,0.5581414053117023,True
S1,action,129,map50_95,0.5531696302158225,0.5581414053117023,True
S1,action,130,map50_95,0.5519208100821145,0.5581414053117023,True
S1,action,131,map50_95,0.5633080945890493,0.5581414053117024,True
S1,action,132,map50_95,0.5640177317202621,0.5581414053117024,True
S1,action,133,map50_95,0.5623397093046544,0.5581414053117024,True
S1,action,134,map50_95,0.5391264004243875,0.5581414053117024,True
S1,action,135,map50_95,0.5625689697102557,0.5581414053117024,True
S1,action,136,map50_95,0.5616473745073861,0.5581414053117024,True
S1,action,137,map50_95,0.5415011628140123,0.5581414053117024,True
S1,action,138,map50_95,0.5617516311152879,0.5581414053117024,True
S1,action,139,map50_95,0.5493148163417438,0.5581414053117024,True
S1,action,140,map50_95,0.5716791007978868,0.5581414053117024,True
S1,action,141,map50_95,0.5529574939900913,0.5581414053117024,True
S1,action,142,map50_95,0.5405947869028986,0.5581414053117024,True
S1,action,143,map50_95,0.567407446797564,0.5581414053117024,True
S1,action,144,map50_95,0.5501895752377183,0.5581414053117024,True
S1,action,145,map50_95,0.5535967701084409,0.5581414053117024,True
S1,action,146,map50_95,0.5433691172672974,0.5581414053117024,True
S1,action,147,map50_95,0.5536072760387062,0.5581414053117024,True
S1,action,148,map50_95,0.5603077004386278,0.5581414053117024,True
S1,action,149,map50_95,0.5679852284170024,0.5581414053117024,True
S1,action,150,map50_95,0.5732278602437517,0.5581414053117024,True
S1,action,151,map50_95,0.5682585524609381,0.5581414053117024,True
S1,action,152,map50_95,0.5617488000278168,0.5581414053117024,True
S1,action,153,map50_95,0.5588070525007092,0.5581414053117024,True
S1,action,154,map50_95,0.5525093696333306,0.5581414053117024,True
S1,action,155,map50_95,0.5436000347017869,0.5581414053117024,True
S1,action,156,map50_95,0.5475779520616199,0.5581414053117024,True
S1,action,157,map50_95,0.5547312287714908,0.5581414053117024,True
S1,action,158,map50_95,0.5481405806943276,0.5581414053117024,True
S1,action,159,map50_95,0.5615380762566609,0.5581414053117024,True
S1,action,160,map50_95,0.544971986801662,0.5581414053117024,True
S1,action,161,map50_95,0.5587583543062558,0.5581414053117024,True
S1,action,162,map50_95,0.5535391064807683,0.5581414053117024,True
S1,action,163,map50_95,0.565941162235657,0.5581414053117024,True
S1,action,164,map50_95,0.5516280774500543,0.5581414053117024,True
S1,action,165,map50_95,0.5654215210504313,0.5581414053117024,True
S1,action,166,map50_95,0.5590355546393708,0.5581414053117024,True
S1,action,167,map50_95,0.5550720738785002,0.5581414053117024,True
S1,action,168,map50_95,0.5504747399173201,0.5581414053117024,True
S1,action,169,map50_95,0.5494096519372335,0.5581414053117024,True
S1,action,170,map50_95,0.5761377907802577,0.5581414053117024,True
S1,action,171,map50_95,0.5432392341207632,0.5581414053117024,True
S1,action,172,map50_95,0.5541137463133154,0.5581414053117024,True
S1,action,173,map50_95,0.5753585344107737,0.5581414053117024,True
S1,action,174,map50_95,0.5575354106765534,0.5581414053117024,True
S1,action,175,map50_95,0.5352655742052319,0.5581414053117024,True
S1,action,176,map50_95,0.5641741711493805,0.5581414053117024,True
S1,action,177,map50_95,0.5721256987323725,0.5581414053117024,True
S1,action,178,map50_95,0.5715260002311299,0.5581414053117024,True
S1,action,179,map50_95,0.5471098596480481,0.5581414053117024,True
S1,action,180,map50_95,0.5402151030867925,0.5581414053117024,True
S1,action,181,map50_95,0.5484630069674906,0.5581414053117024,True
S1,action,182,map50_95,0.5471753559026885,0.5581414053117024,True
S1,action,183,map50_95,0.5723303578335011,0.5581414053117024,True
S1,action,184,map50_95,0.5553767790867465,0.5581414053117024,True
S1,action,185,map50_95,0.5326999922486004,0.5581414053117024,True
S1,action,186,map50_95,0.5543044091079792,0.5581414053117024,True
S1,action,187,map50_95,0.5313717407571088,0.5581414053117024,True
S1,action,188,map50_95,0.5657537047138562,0.5581414053117024,True
S1,action,189,map50_95,0.5490747812785466,0.5581414053117024,True
S1,action,190,map50_95,0.5617945085816544,0.5581414053117024,True
S1,action,191,map50_95,0.5509698945306309,0.5581414053117024,True
S1,action,192,map50_95,0.5569137472037818,0.5581414053117024,True
S1,action,193,map50_95,0.5591543156332345,0.5581414053117024,True
S1,action,194,map50_95,0.5693870790850484,0.5581414053117024,True
S1,action,195,map50_95,0.5603448514486185,0.5581414053117024,True
S1,action,196,map50_95,0.5595377954380772,0.5581414053117024,True
S1,action,197,map50_95,0.5449161040275814,0.5581414053117024,True
S1,action,198,map50_95,0.5673070647184942,0.5581414053117024,True
S1,action,199,map50_95,0.5724750435818694,0.5581414053117024,True
S1,action,200,map50_95,0.5563253200506341,0.5581414053117024,True
S1,action,201,map50_95,0.5525283865989068,0.5581414053117024,True
S1,action,202,map50_95,0.5556629053103274,0.5581414053117024,True
S1,action,203,map50_95,0.5477162408609462,0.5581414053117024,True
S1,action,204,map50_95,0.5558781257338702,0.5581414053117024,True
S1,action,205,map50_95,0.5445541350609339,0.5581414053117024,True
S1,action,206,map50_95,0.5610453199864783,0.5581414053117024,True
S1,action,207,map50_95,0.5654299949374042,0.5581414053117024,True
S1,action,208,map50_95,0.5481235895388055,0.5581414053117024,True
S1,action,209,map50_95,0.5716547878837444,0.5581414053117024,True
S1,action,210,map50_95,0.5499790408984824,0.5581414053117024,True
S1,action,211,map50_95,0.5490962848803945,0.5581414053117024,True
S1,action,212,map50_95,0.5754504939917542,0.5581414053117024,True
S1,action,213,map50_95,0.5843266407294796,0.5581414053117024,True
S1,action,214,map50_95,0.5637610269825167,0.5581414053117024,True
S1,action,215,map50_95,0.5599402642144572,0.5581414053117024,True
S1,action,216,map50_95,0.5661919144064217,0.5581414053117024,True
S1,action,217,map50_95,0.553987883018995,0.5581414053117024,True
S1,action,218,map50_95,0.5466702481227621,0.5581414053117024,True
S1,action,219,map50_95,0.5562471382442065,0.5581414053117024,True
S1,action,220,map50_95,0.5598984342263686,0.5581414053117024,True
S1,action,221,map50_95,0.5564468522415296,0.5581414053117024,True
S1,action,222,map50_95,0.5598302730382062,0.5581414053117024,True
S1,action,223,map50_95,0.5535815352640729,0.5581414053117024,True
S1,action,224,map50_95,0.5685797263122603,0.5581414053117024,True
S1,action,225,map50_95,0.5661018874138661,0.5581414053117024,True
S1,action,226,map50_95,0.5649045959569862,0.5581414053117024,True
S1,action,227,map50_95,0.5593029824144029,0.5581414053117024,True
S1,action,228,map50_95,0.556491518498284,0.5581414053117024,True
S1,action,229,map50_95,0.5635366011713022,0.5581414053117024,True
S1,action,230,map50_95,0.5635846435877195,0.5581414053117024,True
S1,action,231,map50_95,0.5678811409110128,0.5581414053117024,True
S1,action,232,map50_95,0.5604362901932737,0.5581414053117024,True
S1,action,233,map50_95,0.5570195836477916,0.5581414053117024,True
S1,action,234,map50_95,0.5556549116582948,0.5581414053117024,True
S1,action,235,map50_95,0.5443735227793964,0.5581414053117024,True
S1,action,236,map50_95,0.5657612429519897,0.5581414053117024,True
S1,action,237,map50_95,0.5618266225903823,0.5581414053117024,True
S1,action,238,map50_95,0.5627936961818403,0.5581414053117024,True
S1,action,239,map50_95,0.5660829469587361,0.5581414053117024,True
S1,action,240,map50_95,0.5523218454074459,0.5581414053117024,True
S1,action,241,map50_95,0.5672703136555407,0.5581414053117024,True
S1,action,242,map50_95,0.5572642481664165,0.5581414053117024,True
S1,action,243,map50_95,0.5525228220205194,0.5581414053117024,True
S1,action,244,map50_95,0.5494168436392989,0.5581414053117024,True
S1,action,245,map50_95,0.5517278520934134,0.5581414053117024,True
S1,action,246,map50_95,0.565098201061738,0.5581414053117024,True
S1,action,247,map50_95,0.5476765575924477,0.5581414053117024,True
S1,action,248,map50_95,0.5545575835613576,0.5581414053117024,True
S1,action,249,map50_95,0.5691972003692882,0.5581414053117024,True
S1,action,250,map50_95,0.5694362305182384,0.5581414053117024,True
S1,action,251,map50_95,0.5548658549065114,0.5581414053117024,True
S1,action,252,map50_95,0.5717057451122657,0.5581414053117024,True
S1,action,253,map50_95,0.5489380281191487,0.5581414053117024,True
S1,action,254,map50_95,0.5514654930777171,0.5581414053117024,True
S1,action,255,map50_95,0.5542298588811262,0.5581414053117024,True
S1,action,256,map50_95,0.5652576423335056,0.5581414053117024,True
S1,action,257,map50_95,0.5644364618988197,0.5581414053117024,True
S1,action,258,map50_95,0.5561468651208241,0.5581414053117024,True
S1,action,259,map50_95,0.5617466142091821,0.5581414053117024,True
S1,action,260,map50_95,0.5533506955084988,0.5581414053117024,True
S1,action,261,map50_95,0.5630969050202507,0.5581414053117024,True
S1,action,262,map50_95,0.5551512082642879,0.5581414053117024,True
S1,action,263,map50_95,0.5668130630381966,0.5581414053117024,True
S1,action,264,map50_95,0.5393420541966759,0.5581414053117024,True
S1,action,265,map50_95,0.5568501654123554,0.5581414053117024,True
S1,action,266,map50_95,0.5591064701081243,0.5581414053117024,True
S1,action,267,map50_95,0.5594506210126418,0.5581414053117024,True
S1,action,268,map50_95,0.5539775412857201,0.5581414053117024,True
S1,action,269,map50_95,0.5617058369435576,0.5581414053117024,True
S1,action,270,map50_95,0.5606291911389446,0.5581414053117024,True
S1,action,271,map50_95,0.5539570691007534,0.5581414053117024,True
S1,action,272,map50_95,0.5303385021858146,0.5581414053117024,True
S1,action,273,map50_95,0.5616506324909033,0.5581414053117024,True
S1,action,274,map50_95,0.5499110338947805,0.5581414053117024,True
S1,action,275,map50_95,0.5692967589865451,0.5581414053117024,True
S1,action,276,map50_95,0.5550573141277054,0.5581414053117024,True
S1,action,277,map50_95,0.5601578188810079,0.5581414053117024,True
S1,action,278,map50_95,0.5581704365666011,0.5581414053117024,True
S1,action,279,map50_95,0.5483970946261731,0.5581414053117024,True
S1,action,280,map50_95,0.5490346267964744,0.5581414053117024,True
S1,action,281,map50_95,0.544732577571902,0.5581414053117024,True
S1,action,282,map50_95,0.549659694838541,0.5581414053117024,True
S1,action,283,map50_95,0.558630111365886,0.5581414053117024,True
S1,action,284,map50_95,0.5504063951228277,0.5581414053117024,True
S1,action,285,map50_95,0.5612545172277272,0.5581414053117024,True
S1,action,286,map50_95,0.5699066904281938,0.5581414053117024,True
S1,action,287,map50_95,0.5601432582599754,0.5581414053117024,True
S1,action,288,map50_95,0.5484835309387966,0.5581414053117024,True
S1,action,289,map50_95,0.5632345141173861,0.5581414053117024,True
S1,action,290,map50_95,0.5457454512009301,0.5581414053117024,True
S1,action,291,map50_95,0.5688219323450803,0.5581414053117024,True
S1,action,292,map50_95,0.5553750118224301,0.5581414053117024,True
S1,action,293,map50_95,0.5527811538258971,0.5581414053117024,True
S1,action,294,map50_95,0.5421944306482821,0.5581414053117024,True
S1,action,295,map50_95,0.576351110070968,0.5581414053117024,True
S1,action,296,map50_95,0.563929586968668,0.5581414053117024,True
S1,action,297,map50_95,0.56418411564162,0.5581414053117024,True
S1,action,298,map50_95,0.5627582628909941,0.5581414053117024,True
S1,action,299,map50_95,0.5381386312502776,0.5581414053117024,True
S1,action,300,map50_95,0.5570239377205354,0.5581414053117024,True
S1,action,301,map50_95,0.5636475486400581,0.5581414053117024,True
S1,action,302,map50_95,0.5664098339339253,0.5581414053117024,True
S1,action,303,map50_95,0.5649251775563848,0.5581414053117024,True
S1,action,304,map50_95,0.5516226467464489,0.5581414053117024,True
S1,action,305,map50_95,0.5549070139135995,0.5581414053117024,True
S1,action,306,map50_95,0.5707826474942066,0.5581414053117024,True
S1,action,307,map50_95,0.5688347467101786,0.5581414053117024,True
S1,action,308,map50_95,0.5654036165036865,0.5581414053117024,True
S1,action,309,map50_95,0.5533752198296075,0.5581414053117024,True
S1,action,310,map50_95,0.552323914823704,0.5581414053117024,True
S1,action,311,map50_95,0.5654223015127273,0.5581414053117024,True
S1,action,312,map50_95,0.5626343844118763,0.5581414053117024,True
S1,action,313,map50_95,0.558639993896479,0.5581414053117024,True
S1,action,314,map50_95,0.5539111794098097,0.5581414053117024,True
S1,action,315,map50_95,0.5584434739362633,0.5581414053117024,True
S1,action,316,map50_95,0.5533789272922326,0.5581414053117024,True
S1,action,317,map50_95,0.5431050315365549,0.5581414053117024,True
S1,action,318,map50_95,0.5618585376059384,0.5581414053117024,True
S1,action,319,map50_95,0.5623924945098113,0.5581414053117024,True
S1,action,320,map50_95,0.5767251140451087,0.5581414053117024,True
S1,action,321,map50_95,0.5587964051633433,0.5581414053117024,True
S1,action,322,map50_95,0.5592776199352659,0.5581414053117024,True
S1,action,323,map50_95,0.5521589458681297,0.5581414053117024,True
S1,action,324,map50_95,0.5593083235264131,0.5581414053117024,True
S1,action,325,map50_95,0.5573560694818871,0.5581414053117024,True
S1,action,326,map50_95,0.5574120176164858,0.5581414053117024,True
S1,action,327,map50_95,0.5638747142931994,0.5581414053117024,True
S1,action,328,map50_95,0.560549121545283,0.5581414053117024,True
S1,action,329,map50_95,0.5496803519808066,0.5581414053117024,True
S1,action,330,map50_95,0.5739108078575826,0.5581414053117024,True
S1,action,331,map50_95,0.5737533449927835,0.5581414053117024,True
S1,action,332,map50_95,0.5577424125384404,0.5581414053117024,True
S1,action,333,map50_95,0.5546102811845174,0.5581414053117024,True
S1,action,334,map50_95,0.5604841870498133,0.5581414053117024,True
S1,action,335,map50_95,0.5521244579313329,0.5581414053117024,True
S1,action,336,map50_95,0.5624811653772337,0.5581414053117024,True
S1,action,337,map50_95,0.5582523905408446,0.5581414053117024,True
S1,action,338,map50_95,0.5692746333060072,0.5581414053117024,True
S1,action,339,map50_95,0.5513841359208951,0.5581414053117024,True
S1,action,340,map50_95,0.5580518603237038,0.5581414053117024,True
S1,action,341,map50_95,0.5684378450247674,0.5581414053117024,True
S1,action,342,map50_95,0.5590947491320057,0.5581414053117024,True
S1,action,343,map50_95,0.5604591557845993,0.5581414053117024,True
S1,action,344,map50_95,0.5620531819784882,0.5581414053117024,True
S1,action,345,map50_95,0.5547102243219607,0.5581414053117024,True
S1,action,346,map50_95,0.5713783395846398,0.5581414053117024,True
S1,action,347,map50_95,0.5445309167648771,0.5581414053117024,True
S1,action,348,map50_95,0.5600126283868664,0.5581414053117024,True
S1,action,349,map50_95,0.5595991052689224,0.5581414053117024,True
S1,action,350,map50_95,0.5518625307659847,0.5581414053117024,True
S1,action,351,map50_95,0.5473297641279283,0.5581414053117024,True
S1,action,352,map50_95,0.5518003680572175,0.5581414053117024,True
S1,action,353,map50_95,0.5561668051003857,0.5581414053117024,True
S1,action,354,map50_95,0.5776763659719978,0.5581414053117024,True
S1,action,355,map50_95,0.5465432594738968,0.5581414053117024,True
S1,action,356,map50_95,0.5704118943132606,0.5581414053117024,True
S1,action,357,map50_95,0.5625350024389777,0.5581414053117024,True
S1,action,358,map50_95,0.5551839656570473,0.5581414053117024,True
S1,action,359,map50_95,0.5624560343277062,0.5581414053117024,True
S1,action,360,map50_95,0.5545398266007149,0.5581414053117024,True
S1,action,361,map50_95,0.5617468278364238,0.5581414053117024,True
S1,action,362,map50_95,0.5563474696298547,0.5581414053117024,True
S1,action,363,map50_95,0.5575323637246485,0.5581414053117024,True
S1,action,364,map50_95,0.5625765151427129,0.5581414053117024,True
S1,action,365,map50_95,0.5734120987201032,0.5581414053117024,True
S1,action,366,map50_95,0.5572936821034504,0.5581414053117024,True
S1,action,367,map50_95,0.5424335664522972,0.5581414053117024,True
S1,action,368,map50_95,0.5573443346202692,0.5581414053117024,True
S1,action,369,map50_95,0.5580554419530104,0.5581414053117024,True
S1,action,370,map50_95,0.5607129414922737,0.5581414053117024,True
S1,action,371,map50_95,0.5673114639874601,0.5581414053117024,True
S1,action,372,map50_95,0.5546829386813881,0.5581414053117024,True
S1,action,373,map50_95,0.5567451822005991,0.5581414053117024,True
S1,action,374,map50_95,0.5600772734140804,0.5581414053117024,True
S1,action,375,map50_95,0.5515817123548556,0.5581414053117024,True
S1,action,376,map50_95,0.5422358769479366,0.5581414053117024,True
S1,action,377,map50_95,0.5604053692397761,0.5581414053117024,True
S1,action,378,map50_95,0.5513788142328919,0.5581414053117024,True
S1,action,379,map50_95,0.5557553373370419,0.5581414053117024,True
S1,action,380,map50_95,0.5542764719942526,0.5581414053117024,True
S1,action,381,map50_95,0.5559719274906121,0.5581414053117024,True
S1,action,382,map50_95,0.5402011236925484,0.5581414053117024,True
S1,action,383,map50_95,0.5521414766633259,0.5581414053117024,True
S1,action,384,map50_95,0.5514929830052656,0.5581414053117024,True
S1,action,385,map50_95,0.554546513133332,0.5581414053117024,True
S1,action,386,map50_95,0.5678558441313983,0.5581414053117024,True
S1,action,387,map50_95,0.5561883465582047,0.5581414053117024,True
S1,action,388,map50_95,0.5661970689659847,0.5581414053117024,True
S1,action,389,map50_95,0.5738817901136615,0.5581414053117024,True
S1,action,390,map50_95,0.5640220909354777,0.5581414053117024,True
S1,action,391,map50_95,0.5616306486399522,0.5581414053117024,True
S1,action,392,map50_95,0.5627411815822501,0.5581414053117024,True
S1,action,393,map50_95,0.5555220893389397,0.5581414053117024,True
S1,action,394,map50_95,0.552015481128623,0.5581414053117024,True
S1,action,395,map50_95,0.555992669384648,0.5581414053117024,True
S1,action,396,map50_95,0.5611999077127442,0.5581414053117024,True
S1,action,397,map50_95,0.559106904251194,0.5581414053117024,True
S1,action,398,map50_95,0.5544800171879296,0.5581414053117024,True
S1,action,399,map50_95,0.5553240570079494,0.5581414053117024,True
S1,action,400,map50_95,0.5598681422070951,0.5581414053117024,True
S1,action,401,map50_95,0.5524482152595334,0.5581414053117024,True
S1,action,402,map50_95,0.5426081856712934,0.5581414053117024,True
S1,action,403,map50_95,0.5651534022136713,0.5581414053117024,True
S1,action,404,map50_95,0.5572476994567922,0.5581414053117024,True
S1,action,405,map50_95,0.5523052161954487,0.5581414053117024,True
S1,action,406,map50_95,0.5535776718089398,0.5581414053117024,True
S1,action,407,map50_95,0.554884148088974,0.5581414053117024,True
S1,action,408,map50_95,0.5668762137154182,0.5581414053117024,True
S1,action,409,map50_95,0.560401864052055,0.5581414053117024,True
S1,action,410,map50_95,0.5548101913552299,0.5581414053117024,True
S1,action,411,map50_95,0.5554329728706533,0.5581414053117024,True
S1,action,412,map50_95,0.5643005987909969,0.5581414053117024,True
S1,action,413,map50_95,0.5515615232191625,0.5581414053117024,True
S1,action,414,map50_95,0.5565053329718154,0.5581414053117024,True
S1,action,415,map50_95,0.5640655163548528,0.5581414053117024,True
S1,action,416,map50_95,0.5603050736930193,0.5581414053117024,True
S1,action,417,map50_95,0.54170066327501,0.5581414053117024,True
S1,action,418,map50_95,0.5606245510533497,0.5581414053117024,True
S1,action,419,map50_95,0.5642447460607937,0.5581414053117024,True
S1,action,420,map50_95,0.5785496897469711,0.5581414053117024,True
S1,action,421,map50_95,0.5585406913727038,0.5581414053117024,True
S1,action,422,map50_95,0.5625370072937148,0.5581414053117024,True
S1,action,423,map50_95,0.5690358269552845,0.5581414053117024,True
S1,action,424,map50_95,0.5420205489176334,0.5581414053117024,True
S1,action,425,map50_95,0.547699219029949,0.5581414053117024,True
S1,action,426,map50_95,0.5630816142323205,0.5581414053117024,True
S1,action,427,map50_95,0.5456834661480755,0.5581414053117024,True
S1,action,428,map50_95,0.553651207165048,0.5581414053117024,True
S1,action,429,map50_95,0.5523531817916953,0.5581414053117024,True
S1,action,430,map50_95,0.5615253998515088,0.5581414053117024,True
S1,action,431,map50_95,0.5534362797264146,0.5581414053117024,True
S1,action,432,map50_95,0.5815034828555213,0.5581414053117024,True
S1,action,433,map50_95,0.5601466713869955,0.5581414053117024,True
S1,action,434,map50_95,0.550959724063085,0.5581414053117024,True
S1,action,435,map50_95,0.5476558337829419,0.5581414053117024,True
S1,action,436,map50_95,0.5596854726750885,0.5581414053117024,True
S1,action,437,map50_95,0.5628591963360865,0.5581414053117024,True
S1,action,438,map50_95,0.5492699621492398,0.5581414053117024,True
S1,action,439,map50_95,0.5487902305332216,0.5581414053117024,True
S1,action,440,map50_95,0.56005229868136,0.5581414053117024,True
S1,action,441,map50_95,0.5595866233748182,0.5581414053117024,True
S1,action,442,map50_95,0.5704644584085751,0.5581414053117024,True
S1,action,443,map50_95,0.5634155509682848,0.5581414053117024,True
S1,action,444,map50_95,0.5646698721404197,0.5581414053117024,True
S1,action,445,map50_95,0.567009442379358,0.5581414053117024,True
S1,action,446,map50_95,0.550006671844018,0.5581414053117024,True
S1,action,447,map50_95,0.5418521392959794,0.5581414053117024,True
S1,action,448,map50_95,0.5526837093680194,0.5581414053117024,True
S1,action,449,map50_95,0.5575630598463489,0.5581414053117024,True
S1,action,450,map50_95,0.5621181666282653,0.5581414053117024,True
S1,action,451,map50_95,0.5606409814130113,0.5581414053117024,True
S1,action,452,map50_95,0.5421504458944894,0.5581414053117024,True
S1,action,453,map50_95,0.5553477036398101,0.5581414053117024,True
S1,action,454,map50_95,0.5549861941580619,0.5581414053117024,True
S1,action,455,map50_95,0.5524734396360121,0.5581414053117024,True
S1,action,456,map50_95,0.5447046595022306,0.5581414053117024,True
S1,action,457,map50_95,0.5496111523487995,0.5581414053117024,True
S1,action,458,map50_95,0.5633681070307329,0.5581414053117024,True
S1,action,459,map50_95,0.5404980871114753,0.5581414053117024,True
S1,action,460,map50_95,0.5581641548729733,0.5581414053117024,True
S1,action,461,map50_95,0.5674180913234339,0.5581414053117024,True
S1,action,462,map50_95,0.5461760405538985,0.5581414053117024,True
S1,action,463,map50_95,0.5557698149359873,0.5581414053117024,True
S1,action,464,map50_95,0.5598949593844692,0.5581414053117024,True
S1,action,465,map50_95,0.5504595805703311,0.5581414053117024,True
S1,action,466,map50_95,0.5631275183735615,0.5581414053117024,True
S1,action,467,map50_95,0.5669356353341272,0.5581414053117024,True
S1,action,468,map50_95,0.5737327482013457,0.5581414053117024,True
S1,action,469,map50_95,0.5734332649888744,0.5581414053117024,True
S1,action,470,map50_95,0.5713671976967707,0.5581414053117024,True
S1,action,471,map50_95,0.5657548507604362,0.5581414053117024,True
S1,action,472,map50_95,0.5494393347462462,0.5581414053117024,True
S1,action,473,map50_95,0.578906304603644,0.5581414053117024,True
S1,action,474,map50_95,0.5656205092313534,0.5581414053117024,True
S1,action,475,map50_95,0.5650302197632243,0.5581414053117024,True
S1,action,476,map50_95,0.5518648674293622,0.5581414053117024,True
S1,action,477,map50_95,0.5520205369288097,0.5581414053117024,True
S1,action,478,map50_95,0.5591316150275638,0.5581414053117024,True
S1,action,479,map50_95,0.5314978318537403,0.5581414053117024,True
S1,action,480,map50_95,0.5634752422363319,0.5581414053117024,True
S1,action,481,map50_95,0.5431987976404313,0.5581414053117024,True
S1,action,482,map50_95,0.5558423873100832,0.5581414053117024,True
S1,action,483,map50_95,0.5693721103600012,0.5581414053117024,True
S1,action,484,map50_95,0.5600045931914037,0.5581414053117024,True
S1,action,485,map50_95,0.5717570109758228,0.5581414053117024,True
S1,action,486,map50_95,0.5601682215099894,0.5581414053117024,True
S1,action,487,map50_95,0.5584277140630506,0.5581414053117024,True
S1,action,488,map50_95,0.5665303039068245,0.5581414053117024,True
S1,action,489,map50_95,0.5581753225774279,0.5581414053117024,True
S1,action,490,map50_95,0.5741004454145427,0.5581414053117024,True
S1,action,491,map50_95,0.556964427559982,0.5581414053117024,True
S1,action,492,map50_95,0.5666029259115274,0.5581414053117024,True
S1,action,493,map50_95,0.5605996428489994,0.5581414053117024,True
S1,action,494,map50_95,0.5426137799633642,0.5581414053117024,True
S1,action,495,map50_95,0.550598245439025,0.5581414053117024,True
S1,action,496,map50_95,0.5678695294997537,0.5581414053117024,True
S1,action,497,map50_95,0.5635315615357924,0.5581414053117024,True
S1,action,498,map50_95,0.5619955568217843,0.5581414053117024,True
S1,action,499,map50_95,0.5736787687467418,0.5581414053117024,True
S1,action,500,map50_95,0.547533856512863,0.5581414053117024,True
S1,action,501,map50_95,0.5737717337199311,0.5581414053117024,True
S1,action,502,map50_95,0.5576518129202568,0.5581414053117024,True
S1,action,503,map50_95,0.5724482252416092,0.5581414053117024,True
S1,action,504,map50_95,0.5583034641616148,0.5581414053117024,True
S1,action,505,map50_95,0.5529103318913626,0.5581414053117024,True
S1,action,506,map50_95,0.5522173959325968,0.5581414053117024,True
S1,action,507,map50_95,0.556111637422577,0.5581414053117024,True
S1,action,508,map50_95,0.5580860815992692,0.5581414053117024,True
S1,action,509,map50_95,0.5663411691049545,0.5581414053117024,True
S1,action,510,map50_95,0.5529547394171757,0.5581414053117024,True
S1,action,511,map50_95,0.5652656223625603,0.5581414053117024,True
S1,action,512,map50_95,0.5644659789875328,0.5581414053117024,True
S1,action,513,map50_95,0.558332952413107,0.5581414053117024,True
S1,action,514,map50_95,0.5721055629005595,0.5581414053117024,True
S1,action,515,map50_95,0.5657167089659392,0.5581414053117024,True
S1,action,516,map50_95,0.5637453049975896,0.5581414053117024,True
S1,action,517,map50_95,0.5541825672818073,0.5581414053117024,True
S1,action,518,map50_95,0.5675816596517553,0.5581414053117024,True
S1,action,519,map50_95,0.5585459732778637,0.5581414053117024,True
S1,action,520,map50_95,0.55626638637453,0.5581414053117024,True
S1,action,521,map50_95,0.5488167771015612,0.5581414053117024,True
S1,action,522,map50_95,0.5606404043714156,0.5581414053117024,True
S1,action,523,map50_95,0.5591222941561743,0.5581414053117024,True
S1,action,524,map50_95,0.5581439095206696,0.5581414053117024,True
S1,action,525,map50_95,0.5599364389989763,0.5581414053117024,True
S1,action,526,map50_95,0.5632359706193464,0.5581414053117024,True
S1,action,527,map50_95,0.5555803630277835,0.5581414053117024,True
S1,action,528,map50_95,0.5449558621258425,0.5581414053117024,True
S1,action,529,map50_95,0.5738211625845214,0.5581414053117024,True
S1,action,530,map50_95,0.5625486287739969,0.5581414053117024,True
S1,action,531,map50_95,0.547022491958961,0.5581414053117024,True
S1,action,532,map50_95,0.5536258336907405,0.5581414053117024,True
S1,action,533,map50_95,0.5699166243144946,0.5581414053117024,True
S1,action,534,map50_95,0.5501841519892371,0.5581414053117024,True
S1,action,535,map50_95,0.5500375674783076,0.5581414053117024,True
S1,action,536,map50_95,0.5531898236605931,0.5581414053117024,True
S1,action,537,map50_95,0.5581021388726027,0.5581414053117024,True
S1,action,538,map50_95,0.5632092154322755,0.5581414053117024,True
S1,action,539,map50_95,0.5554184115074372,0.5581414053117024,True
S1,action,540,map50_95,0.5515195088918686,0.5581414053117024,True
S1,action,541,map50_95,0.5673636308909781,0.5581414053117024,True
S1,action,542,map50_95,0.5661423019740884,0.5581414053117024,True
S1,action,543,map50_95,0.5684520738850344,0.5581414053117024,True
S1,action,544,map50_95,0.5541680604964164,0.5581414053117024,True
S1,action,545,map50_95,0.5691459375858883,0.5581414053117024,True
S1,action,546,map50_95,0.5545453873218232,0.5581414053117024,True
S1,action,547,map50_95,0.5521904474451307,0.5581414053117024,True
S1,action,548,map50_95,0.5515397134124611,0.5581414053117024,True
S1,action,549,map50_95,0.5649213443908595,0.5581414053117024,True
S1,action,550,map50_95,0.564073502750692,0.5581414053117024,True
S1,action,551,map50_95,0.5470338439502535,0.5581414053117024,True
S1,action,552,map50_95,0.5431626790084721,0.5581414053117024,True
S1,action,553,map50_95,0.5581739693911855,0.5581414053117024,True
S1,action,554,map50_95,0.5622346403599797,0.5581414053117024,True
S1,action,555,map50_95,0.5560395338814136,0.5581414053117024,True
S1,action,556,map50_95,0.5527267348776701,0.5581414053117024,True
S1,action,557,map50_95,0.5701023932712928,0.5581414053117024,True
S1,action,558,map50_95,0.5513388996905382,0.5581414053117024,True
S1,action,559,map50_95,0.5677326759940899,0.5581414053117024,True
S1,action,560,map50_95,0.5655601107145901,0.5581414053117024,True
S1,action,561,map50_95,0.5487212925310809,0.5581414053117024,True
S1,action,562,map50_95,0.5667947431994527,0.5581414053117024,True
S1,action,563,map50_95,0.5596865031111815,0.5581414053117024,True
S1,action,564,map50_95,0.5625756784911321,0.5581414053117024,True
S1,action,565,map50_95,0.5496398290280673,0.5581414053117024,True
S1,action,566,map50_95,0.5613818796931466,0.5581414053117024,True
S1,action,567,map50_95,0.5675142069026003,0.5581414053117024,True
S1,action,568,map50_95,0.552068211637244,0.5581414053117024,True
S1,action,569,map50_95,0.5730967274697967,0.5581414053117024,True
S1,action,570,map50_95,0.5634637350923727,0.5581414053117024,True
S1,action,571,map50_95,0.5637164546112124,0.5581414053117024,True
S1,action,572,map50_95,0.563560451849892,0.5581414053117024,True
S1,action,573,map50_95,0.5493313134845245,0.5581414053117024,True
S1,action,574,map50_95,0.5620423140233842,0.5581414053117024,True
S1,action,575,map50_95,0.5572815731104257,0.5581414053117024,True
S1,action,576,map50_95,0.5568432007362458,0.5581414053117024,True
S1,action,577,map50_95,0.5605931526324549,0.5581414053117024,True
S1,action,578,map50_95,0.5575203727058188,0.5581414053117024,True
S1,action,579,map50_95,0.5617522305958483,0.5581414053117024,True
S1,action,580,map50_95,0.5573868729953011,0.5581414053117024,True
S1,action,581,map50_95,0.557636875970746,0.5581414053117024,True
S1,action,582,map50_95,0.5582380737275321,0.5581414053117024,True
S1,action,583,map50_95,0.5619906277712196,0.5581414053117024,True
S1,action,584,map50_95,0.562099179114999,0.5581414053117024,True
S1,action,585,map50_95,0.5488661992370526,0.5581414053117024,True
S1,action,586,map50_95,0.5568593934043825,0.5581414053117024,True
S1,action,587,map50_95,0.5566235255523427,0.5581414053117024,True
S1,action,588,map50_95,0.5636713432222069,0.5581414053117024,True
S1,action,589,map50_95,0.5607284705659784,0.5581414053117024,True
S1,action,590,map50_95,0.5776160320393577,0.5581414053117024,True
S1,action,591,map50_95,0.5724330158452945,0.5581414053117024,True
S1,action,592,map50_95,0.5448848487832318,0.5581414053117024,True
S1,action,593,map50_95,0.5585687413457805,0.5581414053117024,True
S1,action,594,map50_95,0.5541233223719815,0.5581414053117024,True
S1,action,595,map50_95,0.5583457106857835,0.5581414053117024,True
S1,action,596,map50_95,0.556462312810588,0.5581414053117024,True
S1,action,597,map50_95,0.5481242414857517,0.5581414053117024,True
S1,action,598,map50_95,0.555485659938038,0.5581414053117024,True
S1,action,599,map50_95,0.5570381369699063,0.5581414053117024,True
S1,action,600,map50_95,0.5614423823105881,0.5581414053117024,True
S1,action,601,map50_95,0.5565739667226041,0.5581414053117024,True
S1,action,602,map50_95,0.5635570398213977,0.5581414053117024,True
S1,action,603,map50_95,0.5629713883832904,0.5581414053117024,True
S1,action,604,map50_95,0.5643614328160398,0.5581414053117024,True
S1,action,605,map50_95,0.5624926124933001,0.5581414053117024,True
S1,action,606,map50_95,0.5484278710424417,0.5581414053117024,True
S1,action,607,map50_95,0.5542550009743094,0.5581414053117024,True
S1,action,608,map50_95,0.5467775113466965,0.5581414053117024,True
S1,action,609,map50_95,0.5697310270889103,0.5581414053117024,True
S1,action,610,map50_95,0.558422162335945,0.5581414053117024,True
S1,action,611,map50_95,0.5517426675851591,0.5581414053117024,True
S1,action,612,map50_95,0.5627822058631001,0.5581414053117024,True
S1,action,613,map50_95,0.5665049255567862,0.5581414053117024,True
S1,action,614,map50_95,0.552058706277768,0.5581414053117024,True
S1,action,615,map50_95,0.5481536592392401,0.5581414053117024,True
S1,action,616,map50_95,0.5610436098921563,0.5581414053117024,True
S1,action,617,map50_95,0.5491432949703158,0.5581414053117024,True
S1,action,618,map50_95,0.5438359277144079,0.5581414053117024,True
S1,action,619,map50_95,0.5658406652463539,0.5581414053117024,True
S1,action,620,map50_95,0.5589884654773333,0.5581414053117024,True
S1,action,621,map50_95,0.5610843252958939,0.5581414053117024,True
S1,action,622,map50_95,0.5622629947844318,0.5581414053117024,True
S1,action,623,map50_95,0.5651011958297832,0.5581414053117024,True
S1,action,624,map50_95,0.5672962410691798,0.5581414053117024,True
S1,action,625,map50_95,0.5617282816879391,0.5581414053117024,True
S1,action,626,map50_95,0.5618546478551991,0.5581414053117024,True
S1,action,627,map50_95,0.5647706384428239,0.5581414053117024,True
S1,action,628,map50_95,0.5676271651532766,0.5581414053117024,True
S1,action,629,map50_95,0.545773051707043,0.5581414053117024,True
S1,action,630,map50_95,0.5765369273742722,0.5581414053117024,True
S1,action,631,map50_95,0.5530311909276028,0.5581414053117024,True
S1,action,632,map50_95,0.573966904215986,0.5581414053117024,True
S1,action,633,map50_95,0.5565659904837845,0.5581414053117024,True
S1,action,634,map50_95,0.5620556284741238,0.5581414053117024,True
S1,action,635,map50_95,0.5621752369382079,0.5581414053117024,True
S1,action,636,map50_95,0.5540822222189627,0.5581414053117024,True
S1,action,637,map50_95,0.5579757465532655,0.5581414053117024,True
S1,action,638,map50_95,0.5483474596477884,0.5581414053117024,True
S1,action,639,map50_95,0.5669521184751392,0.5581414053117024,True
S1,action,640,map50_95,0.5460016959521542,0.5581414053117024,True
S1,action,641,map50_95,0.5632274408216436,0.5581414053117024,True
S1,action,642,map50_95,0.5684049675195607,0.5581414053117024,True
S1,action,643,map50_95,0.5662308823981499,0.5581414053117024,True
S1,action,644,map50_95,0.5504896048267139,0.5581414053117024,True
S1,action,645,map50_95,0.5549192974695746,0.5581414053117024,True
S1,action,646,map50_95,0.5698855951398003,0.5581414053117024,True
S1,action,647,map50_95,0.5593379307309837,0.5581414053117024,True
S1,action,648,map50_95,0.5394792312238168,0.5581414053117024,True
S1,action,649,map50_95,0.5623688000818309,0.5581414053117024,True
S1,action,650,map50_95,0.563922443706477,0.5581414053117024,True
S1,action,651,map50_95,0.5547706203981317,0.5581414053117024,True
S1,action,652,map50_95,0.5497038543998761,0.5581414053117024,True
S1,action,653,map50_95,0.5760290018319758,0.5581414053117024,True
S1,action,654,map50_95,0.5592965949065626,0.5581414053117024,True
S1,action,655,map50_95,0.5617361075479756,0.5581414053117024,True
S1,action,656,map50_95,0.5496967370819555,0.5581414053117024,True
S1,action,657,map50_95,0.5664241085107748,0.5581414053117024,True
S1,action,658,map50_95,0.5673319052579295,0.5581414053117024,True
S1,action,659,map50_95,0.5589307697522822,0.5581414053117024,True
S1,action,660,map50_95,0.5612115143718995,0.5581414053117024,True
S1,action,661,map50_95,0.558639172561991,0.5581414053117024,True
S1,action,662,map50_95,0.5636619529069802,0.5581414053117024,True
S1,action,663,map50_95,0.5684413849190548,0.5581414053117024,True
S1,action,664,map50_95,0.5571199941653844,0.5581414053117024,True
S1,action,665,map50_95,0.5584329128582998,0.5581414053117024,True
S1,action,666,map50_95,0.5508119268724785,0.5581414053117024,True
S1,action,667,map50_95,0.5511765390395248,0.5581414053117024,True
S1,action,668,map50_95,0.5605158703141518,0.5581414053117024,True
S1,action,669,map50_95,0.5646070709376315,0.5581414053117024,True
S1,action,670,map50_95,0.5525436525160748,0.5581414053117024,True
S1,action,671,map50_95,0.5574394971046568,0.5581414053117024,True
S1,action,672,map50_95,0.5576669987562616,0.5581414053117024,True
S1,action,673,map50_95,0.564749572707865,0.5581414053117024,True
S1,action,674,map50_95,0.5511292925455245,0.5581414053117024,True
S1,action,675,map50_95,0.5652796164377816,0.5581414053117024,True
S1,action,676,map50_95,0.5616733725452612,0.5581414053117024,True
S1,action,677,map50_95,0.5495103408450952,0.5581414053117024,True
S1,action,678,map50_95,0.5525399742693735,0.5581414053117024,True
S1,action,679,map50_95,0.5589896392334183,0.5581414053117024,True
S1,action,680,map50_95,0.5550926545591107,0.5581414053117024,True
S1,action,681,map50_95,0.5461456113331621,0.5581414053117024,True
S1,action,682,map50_95,0.5800118001670352,0.5581414053117024,True
S1,action,683,map50_95,0.5574109149018134,0.5581414053117024,True
S1,action,684,map50_95,0.5541218125246562,0.5581414053117024,True
S1,action,685,map50_95,0.5453312752108833,0.5581414053117024,True
S1,action,686,map50_95,0.5687701587655042,0.5581414053117024,True
S1,action,687,map50_95,0.5487675763072238,0.5581414053117024,True
S1,action,688,map50_95,0.5484753112643665,0.5581414053117024,True
S1,action,689,map50_95,0.5547255793954476,0.5581414053117024,True
S1,action,690,map50_95,0.5706499340251311,0.5581414053117024,True
S1,action,691,map50_95,0.5755308733942713,0.5581414053117024,True
S1,action,692,map50_95,0.5631244756668814,0.5581414053117024,True
S1,action,693,map50_95,0.5535395433372421,0.5581414053117024,True
S1,action,694,map50_95,0.5497973709052024,0.5581414053117024,True
S1,action,695,map50_95,0.5493198713932804,0.5581414053117024,True
S1,action,696,map50_95,0.5736176939013619,0.5581414053117024,True
S1,action,697,map50_95,0.5525752024586225,0.5581414053117024,True
S1,action,698,map50_95,0.572206485155565,0.5581414053117024,True
S1,action,699,map50_95,0.5597582332551042,0.5581414053117024,True
S1,action,700,map50_95,0.5690426059844592,0.5581414053117024,True
S1,action,701,map50_95,0.5594552157548207,0.5581414053117024,True
S1,action,702,map50_95,0.564055694628503,0.5581414053117024,True
S1,action,703,map50_95,0.5486213219397563,0.5581414053117024,True
S1,action,704,map50_95,0.5523731688904215,0.5581414053117024,True
S1,action,705,map50_95,0.5663449232819977,0.5581414053117024,True
S1,action,706,map50_95,0.5440523707096255,0.5581414053117024,True
S1,action,707,map50_95,0.5629635186945433,0.5581414053117024,True
S1,action,708,map50_95,0.5531623991364875,0.5581414053117024,True
S1,action,709,map50_95,0.5588291326170309,0.5581414053117024,True
S1,action,710,map50_95,0.5538885334485447,0.5581414053117024,True
S1,action,711,map50_95,0.5574488221598858,0.5581414053117024,True
S1,action,712,map50_95,0.5528261301449006,0.5581414053117024,True
S1,action,713,map50_95,0.5719522903917688,0.5581414053117024,True
S1,action,714,map50_95,0.5658864410644955,0.5581414053117024,True
S1,action,715,map50_95,0.549456845157403,0.5581414053117024,True
S1,action,716,map50_95,0.540948006330939,0.5581414053117024,True
S1,action,717,map50_95,0.5615574932946339,0.5581414053117024,True
S1,action,718,map50_95,0.5582954073708061,0.5581414053117024,True
S1,action,719,map50_95,0.5605828674452435,0.5581414053117024,True
S1,action,720,map50_95,0.5620865253724265,0.5581414053117024,True
S1,action,721,map50_95,0.5584122780559105,0.5581414053117024,True
S1,action,722,map50_95,0.5641519435268578,0.5581414053117024,True
S1,action,723,map50_95,0.5560684918820773,0.5581414053117024,True
S1,action,724,map50_95,0.5559323443505899,0.5581414053117024,True
S1,action,725,map50_95,0.5648501672513379,0.5581414053117024,True
S1,action,726,map50_95,0.5611296963899703,0.5581414053117024,True
S1,action,727,map50_95,0.5787191358648215,0.5581414053117024,True
S1,action,728,map50_95,0.5602811839725539,0.5581414053117024,True
S1,action,729,map50_95,0.5514384023405972,0.5581414053117024,True
S1,action,730,map50_95,0.5526854019571107,0.5581414053117024,True
S1,action,731,map50_95,0.552873977243081,0.5581414053117024,True
S1,action,732,map50_95,0.5438268595886726,0.5581414053117024,True
S1,action,733,map50_95,0.5533379706616023,0.5581414053117024,True
S1,action,734,map50_95,0.5502192468401687,0.5581414053117024,True
S1,action,735,map50_95,0.5518920838375816,0.5581414053117024,True
S1,action,736,map50_95,0.5516177161857333,0.5581414053117024,True
S1,action,737,map50_95,0.5693485821964663,0.5581414053117024,True
S1,action,738,map50_95,0.5792937277032448,0.5581414053117024,True
S1,action,739,map50_95,0.5716098166957954,0.5581414053117024,True
S1,action,740,map50_95,0.5438109549677952,0.5581414053117024,True
S1,action,741,map50_95,0.5518813302726625,0.5581414053117024,True
S1,action,742,map50_95,0.5581068761706671,0.5581414053117024,True
S1,action,743,map50_95,0.546658547313542,0.5581414053117024,True
S1,action,744,map50_95,0.5595417507086275,0.5581414053117024,True
S1,action,745,map50_95,0.560246101698849,0.5581414053117024,True
S1,action,746,map50_95,0.5740192343534576,0.5581414053117024,True
S1,action,747,map50_95,0.5696855040683106,0.5581414053117024,True
S1,action,748,map50_95,0.5542524081742094,0.5581414053117024,True
S1,action,749,map50_95,0.5445361303244728,0.5581414053117024,True
S1,action,750,map50_95,0.5492720216135991,0.5581414053117024,True
S1,action,751,map50_95,0.5523104666961892,0.5581414053117024,True
S1,action,752,map50_95,0.569185815828722,0.5581414053117024,True
S1,action,753,map50_95,0.568789757606609,0.5581414053117024,True
S1,action,754,map50_95,0.5488386840641754,0.5581414053117024,True
S1,action,755,map50_95,0.5599727475062857,0.5581414053117024,True
S1,action,756,map50_95,0.5582993380879981,0.5581414053117024,True
S1,action,757,map50_95,0.5800553548526045,0.5581414053117024,True
S1,action,758,map50_95,0.5680176138158302,0.5581414053117024,True
S1,action,759,map50_95,0.5503795556603924,0.5581414053117024,True
S1,action,760,map50_95,0.5561653691516435,0.5581414053117024,True
S1,action,761,map50_95,0.5509444027948069,0.5581414053117024,True
S1,action,762,map50_95,0.5593703403897705,0.5581414053117024,True
S1,action,763,map50_95,0.5669786386234059,0.5581414053117024,True
S1,action,764,map50_95,0.5540737779133299,0.5581414053117024,True
S1,action,765,map50_95,0.5388659905427107,0.5581414053117024,True
S1,action,766,map50_95,0.5462571488686667,0.5581414053117024,True
S1,action,767,map50_95,0.5688357090608228,0.5581414053117024,True
S1,action,768,map50_95,0.5723985058466552,0.5581414053117024,True
S1,action,769,map50_95,0.5677538915816153,0.5581414053117024,True
S1,action,770,map50_95,0.5523549468314737,0.5581414053117024,True
S1,action,771,map50_95,0.5352342761975467,0.5581414053117024,True
S1,action,772,map50_95,0.5578832151144785,0.5581414053117024,True
S1,action,773,map50_95,0.5606783105426513,0.5581414053117024,True
S1,action,774,map50_95,0.5518761891803566,0.5581414053117024,True
S1,action,775,map50_95,0.5664008119519267,0.5581414053117024,True
S1,action,776,map50_95,0.5534953267819719,0.5581414053117024,True
S1,action,777,map50_95,0.5584913582885184,0.5581414053117024,True
S1,action,778,map50_95,0.5640885656619233,0.5581414053117024,True
S1,action,779,map50_95,0.5565943083806438,0.5581414053117024,True
S1,action,780,map50_95,0.5669597995481797,0.5581414053117024,True
S1,action,781,map50_95,0.5647572246623369,0.5581414053117024,True
S1,action,782,map50_95,0.5634228520629598,0.5581414053117024,True
S1,action,783,map50_95,0.5543862245984316,0.5581414053117024,True
S1,action,784,map50_95,0.5731226327447935,0.5581414053117024,True
S1,action,785,map50_95,0.5397867347509582,0.5581414053117024,True
S1,action,786,map50_95,0.5482381867901137,0.5581414053117024,True
S1,action,787,map50_95,0.5610220659635454,0.5581414053117024,True
S1,action,788,map50_95,0.569609340354498,0.5581414053117024,True
S1,action,789,map50_95,0.5549631583822472,0.5581414053117024,True
S1,action,790,map50_95,0.5690876618815262,0.5581414053117024,True
S1,action,791,map50_95,0.5665334827577254,0.5581414053117024,True
S1,action,792,map50_95,0.5498407809156198,0.5581414053117024,True
S1,action,793,map50_95,0.5473420152022543,0.5581414053117024,True
S1,action,794,map50_95,0.5630038914525393,0.5581414053117024,True
S1,action,795,map50_95,0.5577378907257747,0.5581414053117024,True
S1,action,796,map50_95,0.5471239552827681,0.5581414053117024,True
S1,action,797,map50_95,0.5573797879512772,0.5581414053117024,True
S1,action,798,map50_95,0.5612244765996847,0.5581414053117024,True
S1,action,799,map50_95,0.5485514972815143,0.5581414053117024,True
S1,action,800,map50_95,0.571007741642102,0.5581414053117024,True
S1,action,801,map50_95,0.5510881480746017,0.5581414053117024,True
S1,action,802,map50_95,0.540399786999359,0.5581414053117024,True
S1,action,803,map50_95,0.5533536291807901,0.5581414053117024,True
S1,action,804,map50_95,0.5528867296541703,0.5581414053117024,True
S1,action,805,map50_95,0.5576391142135121,0.5581414053117024,True
S1,action,806,map50_95,0.5604343777445673,0.5581414053117024,True
S1,action,807,map50_95,0.5722899386501683,0.5581414053117024,True
S1,action,808,map50_95,0.5626854238096065,0.5581414053117024,True
S1,action,809,map50_95,0.5603128344563635,0.5581414053117024,True
S1,action,810,map50_95,0.5523397863289655,0.5581414053117024,True
S1,action,811,map50_95,0.5477742166198398,0.5581414053117024,True
S1,action,812,map50_95,0.5462635877665317,0.5581414053117024,True
S1,action,813,map50_95,0.5573342834569094,0.5581414053117024,True
S1,action,814,map50_95,0.5637014426448476,0.5581414053117024,True
S1,action,815,map50_95,0.5592990763903694,0.5581414053117024,True
S1,action,816,map50_95,0.5574218132889719,0.5581414053117024,True
S1,action,817,map50_95,0.5524294000680506,0.5581414053117024,True
S1,action,818,map50_95,0.5681549803174779,0.5581414053117024,True
S1,action,819,map50_95,0.5598923477397949,0.5581414053117024,True
S1,action,820,map50_95,0.5404227729680403,0.5581414053117024,True
S1,action,821,map50_95,0.5493164898215228,0.5581414053117024,True
S1,action,822,map50_95,0.5468319128401329,0.5581414053117024,True
S1,action,823,map50_95,0.5738039228138311,0.5581414053117024,True
S1,action,824,map50_95,0.5562665901591707,0.5581414053117024,True
S1,action,825,map50_95,0.5595689722072201,0.5581414053117024,True
S1,action,826,map50_95,0.5439402659177501,0.5581414053117024,True
S1,action,827,map50_95,0.5579423382118901,0.5581414053117024,True
S1,action,828,map50_95,0.5434494348803026,0.5581414053117024,True
S1,action,829,map50_95,0.5610088793778436,0.5581414053117024,True
S1,action,830,map50_95,0.570462098236077,0.5581414053117024,True
S1,action,831,map50_95,0.5615993295521711,0.5581414053117024,True
S1,action,832,map50_95,0.5592513971192852,0.5581414053117024,True
S1,action,833,map50_95,0.5702800233235223,0.5581414053117024,True
S1,action,834,map50_95,0.5648307509433825,0.5581414053117024,True
S1,action,835,map50_95,0.5672100121818117,0.5581414053117024,True
S1,action,836,map50_95,0.5483942280397281,0.5581414053117024,True
S1,action,837,map50_95,0.5359786654177509,0.5581414053117024,True
S1,action,838,map50_95,0.5716963953719449,0.5581414053117024,True
S1,action,839,map50_95,0.5585886750589568,0.5581414053117024,True
S1,action,840,map50_95,0.5422447330397455,0.5581414053117024,True
S1,action,841,map50_95,0.5623567374662766,0.5581414053117024,True
S1,action,842,map50_95,0.5356479599639127,0.5581414053117024,True
S1,action,843,map50_95,0.5540871668096211,0.5581414053117024,True
S1,action,844,map50_95,0.5572628815421026,0.5581414053117024,True
S1,action,845,map50_95,0.559594739401885,0.5581414053117024,True
S1,action,846,map50_95,0.5701523986559411,0.5581414053117024,True
S1,action,847,map50_95,0.5675640890100824,0.5581414053117024,True
S1,action,848,map50_95,0.5551681598077158,0.5581414053117024,True
S1,action,849,map50_95,0.5489460907517462,0.5581414053117024,True
S1,action,850,map50_95,0.5439552292919725,0.5581414053117024,True
S1,action,851,map50_95,0.5569830716853116,0.5581414053117024,True
S1,action,852,map50_95,0.5551187890098344,0.5581414053117024,True
S1,action,853,map50_95,0.5459194252936034,0.5581414053117024,True
S1,action,854,map50_95,0.5385048048982263,0.5581414053117024,True
S1,action,855,map50_95,0.5578033710350797,0.5581414053117024,True
S1,action,856,map50_95,0.5473819961371914,0.5581414053117024,True
S1,action,857,map50_95,0.5591899443529469,0.5581414053117024,True
S1,action,858,map50_95,0.571099586818644,0.5581414053117024,True
S1,action,859,map50_95,0.5620310324872005,0.5581414053117024,True
S1,action,860,map50_95,0.562199211452061,0.5581414053117024,True
S1,action,861,map50_95,0.5524714248390763,0.5581414053117024,True
S1,action,862,map50_95,0.5585198196312856,0.5581414053117024,True
S1,action,863,map50_95,0.5567863044823087,0.5581414053117024,True
S1,action,864,map50_95,0.5505715633143522,0.5581414053117024,True
S1,action,865,map50_95,0.5502962978046055,0.5581414053117024,True
S1,action,866,map50_95,0.5526753984005309,0.5581414053117024,True
S1,action,867,map50_95,0.5521719717079093,0.5581414053117024,True
S1,action,868,map50_95,0.5554961822194144,0.5581414053117024,True
S1,action,869,map50_95,0.5738187823772101,0.5581414053117024,True
S1,action,870,map50_95,0.5681112605034672,0.5581414053117024,True
S1,action,871,map50_95,0.5617464705989939,0.5581414053117024,True
S1,action,872,map50_95,0.5600414601855719,0.5581414053117024,True
S1,action,873,map50_95,0.5619045835220774,0.5581414053117024,True
S1,action,874,map50_95,0.5605907702351761,0.5581414053117024,True
S1,action,875,map50_95,0.5458684883069221,0.5581414053117024,True
S1,action,876,map50_95,0.5519766059691693,0.5581414053117024,True
S1,action,877,map50_95,0.5700366456491083,0.5581414053117024,True
S1,action,878,map50_95,0.5589254314526322,0.5581414053117024,True
S1,action,879,map50_95,0.5587600051980577,0.5581414053117024,True
S1,action,880,map50_95,0.5566922412049965,0.5581414053117024,True
S1,action,881,map50_95,0.5567460339505337,0.5581414053117024,True
S1,action,882,map50_95,0.5507802544605863,0.5581414053117024,True
S1,action,883,map50_95,0.5675227332605695,0.5581414053117024,True
S1,action,884,map50_95,0.560414493753569,0.5581414053117024,True
S1,action,885,map50_95,0.5802157848661857,0.5581414053117024,True
S1,action,886,map50_95,0.5514474972530257,0.5581414053117024,True
S1,action,887,map50_95,0.5667104523952406,0.5581414053117024,True
S1,action,888,map50_95,0.5730831753549145,0.5581414053117024,True
S1,action,889,map50_95,0.5563932920943008,0.5581414053117024,True
S1,action,890,map50_95,0.5521667655720994,0.5581414053117024,True
S1,action,891,map50_95,0.5753195472664292,0.5581414053117024,True
S1,action,892,map50_95,0.5620052619616412,0.5581414053117024,True
S1,action,893,map50_95,0.5642760512311841,0.5581414053117024,True
S1,action,894,map50_95,0.5443880506647703,0.5581414053117024,True
S1,action,895,map50_95,0.5743983183282612,0.5581414053117024,True
S1,action,896,map50_95,0.5436382993619127,0.5581414053117024,True
S1,action,897,map50_95,0.5631328590211969,0.5581414053117024,True
S1,action,898,map50_95,0.5587598506438842,0.5581414053117024,True
S1,action,899,map50_95,0.5491388507034617,0.5581414053117024,True
S1,action,900,map50_95,0.5824439502940211,0.5581414053117024,True
S1,action,901,map50_95,0.5485389802017634,0.5581414053117024,True
S1,action,902,map50_95,0.5485531067400388,0.5581414053117024,True
S1,action,903,map50_95,0.546912210775198,0.5581414053117024,True
S1,action,904,map50_95,0.547535421954548,0.5581414053117024,True
S1,action,905,map50_95,0.5383459305875791,0.5581414053117024,True
S1,action,906,map50_95,0.567167760558888,0.5581414053117024,True
S1,action,907,map50_95,0.5554952629112578,0.5581414053117024,True
S1,action,908,map50_95,0.5603029012721163,0.5581414053117024,True
S1,action,909,map50_95,0.5654492217083569,0.5581414053117024,True
S1,action,910,map50_95,0.5615379352005003,0.5581414053117024,True
S1,action,911,map50_95,0.5482059222479208,0.5581414053117024,True
S1,action,912,map50_95,0.5517614818800286,0.5581414053117024,True
S1,action,913,map50_95,0.5460867489709479,0.5581414053117024,True
S1,action,914,map50_95,0.5575210985663285,0.5581414053117024,True
S1,action,915,map50_95,0.5702700893318127,0.5581414053117024,True
S1,action,916,map50_95,0.5670490060454506,0.5581414053117024,True
S1,action,917,map50_95,0.5646079406515969,0.5581414053117024,True
S1,action,918,map50_95,0.5609459648701965,0.5581414053117024,True
S1,action,919,map50_95,0.5558611486921864,0.5581414053117024,True
S1,action,920,map50_95,0.5575290911506905,0.5581414053117024,True
S1,action,921,map50_95,0.5482524886825675,0.5581414053117024,True
S1,action,922,map50_95,0.5564679366709276,0.5581414053117024,True
S1,action,923,map50_95,0.5641455924159305,0.5581414053117024,True
S1,action,924,map50_95,0.5657668142552444,0.5581414053117024,True
S1,action,925,map50_95,0.5689082918046922,0.5581414053117024,True
S1,action,926,map50_95,0.5635955505091353,0.5581414053117024,True
S1,action,927,map50_95,0.5517865738000091,0.5581414053117024,True
S1,action,928,map50_95,0.5655849657300122,0.5581414053117024,True
S1,action,929,map50_95,0.5562312387336906,0.5581414053117024,True
S1,action,930,map50_95,0.5530567804283901,0.5581414053117024,True
S1,action,931,map50_95,0.5649562805373536,0.5581414053117024,True
S1,action,932,map50_95,0.5612324397243219,0.5581414053117024,True
S1,action,933,map50_95,0.5670197138561127,0.5581414053117024,True
S1,action,934,map50_95,0.5515981923062349,0.5581414053117024,True
S1,action,935,map50_95,0.5603756509174687,0.5581414053117024,True
S1,action,936,map50_95,0.5603358181836576,0.5581414053117024,True
S1,action,937,map50_95,0.5611381174145055,0.5581414053117024,True
S1,action,938,map50_95,0.5719456526004767,0.5581414053117024,True
S1,action,939,map50_95,0.5721741908172441,0.5581414053117024,True
S1,action,940,map50_95,0.5550595297523657,0.5581414053117024,True
S1,action,941,map50_95,0.5571669051592274,0.5581414053117024,True
S1,action,942,map50_95,0.573416563809602,0.5581414053117024,True
S1,action,943,map50_95,0.5637698851757887,0.5581414053117024,True
S1,action,944,map50_95,0.5523966945379081,0.5581414053117024,True
S1,action,945,map50_95,0.5619823289845328,0.5581414053117024,True
S1,action,946,map50_95,0.5613194840375749,0.5581414053117024,True
S1,action,947,map50_95,0.546397190086729,0.5581414053117024,True
S1,action,948,map50_95,0.558040021997532,0.5581414053117024,True
S1,action,949,map50_95,0.5450578032683048,0.5581414053117024,True
S1,action,950,map50_95,0.5610649366293329,0.5581414053117024,True
S1,action,951,map50_95,0.5679714061138472,0.5581414053117024,True
S1,action,952,map50_95,0.5523083748066637,0.5581414053117024,True
S1,action,953,map50_95,0.5559909967332325,0.5581414053117024,True
S1,action,954,map50_95,0.5532382046527565,0.5581414053117024,True
S1,action,955,map50_95,0.5609077101537886,0.5581414053117024,True
S1,action,956,map50_95,0.5540067148158638,0.5581414053117024,True
S1,action,957,map50_95,0.557790175775672,0.5581414053117024,True
S1,action,958,map50_95,0.5505105933986953,0.5581414053117024,True
S1,action,959,map50_95,0.5451936954965305,0.5581414053117024,True
S1,action,960,map50_95,0.5674542262531168,0.5581414053117024,True
S1,action,961,map50_95,0.5632430082148407,0.5581414053117024,True
S1,action,962,map50_95,0.5569421387865614,0.5581414053117024,True
S1,action,963,map50_95,0.5618800853545441,0.5581414053117024,True
S1,action,964,map50_95,0.5588409510348664,0.5581414053117024,True
S1,action,965,map50_95,0.5630941722989248,0.5581414053117024,True
S1,action,966,map50_95,0.5441346193683803,0.5581414053117024,True
S1,action,967,map50_95,0.5554989114307416,0.5581414053117024,True
S1,action,968,map50_95,0.5522852922959427,0.5581414053117024,True
S1,action,969,map50_95,0.5559850445467202,0.5581414053117024,True
S1,action,970,map50_95,0.5662634759264614,0.5581414053117024,True
S1,action,971,map50_95,0.5629428763660796,0.5581414053117024,True
S1,action,972,map50_95,0.5466118597229634,0.5581414053117024,True
S1,action,973,map50_95,0.5654852390711285,0.5581414053117024,True
S1,action,974,map50_95,0.5557528778354733,0.5581414053117024,True
S1,action,975,map50_95,0.5328415530624983,0.5581414053117024,True
S1,action,976,map50_95,0.5660202560347565,0.5581414053117024,True
S1,action,977,map50_95,0.5645780545858181,0.5581414053117024,True
S1,action,978,map50_95,0.5509528628502062,0.5581414053117024,True
S1,action,979,map50_95,0.5614030098458646,0.5581414053117024,True
S1,action,980,map50_95,0.5626315998347806,0.5581414053117024,True
S1,action,981,map50_95,0.5507472182969527,0.5581414053117024,True
S1,action,982,map50_95,0.5549098004482423,0.5581414053117024,True
S1,action,983,map50_95,0.5464103437187561,0.5581414053117024,True
S1,action,984,map50_95,0.5436170342746012,0.5581414053117024,True
S1,action,985,map50_95,0.5358796057262043,0.5581414053117024,True
S1,action,986,map50_95,0.5557922148446955,0.5581414053117024,True
S1,action,987,map50_95,0.548209572793598,0.5581414053117024,True
S1,action,988,map50_95,0.5705234665763407,0.5581414053117024,True
S1,action,989,map50_95,0.5561380418489001,0.5581414053117024,True
S1,action,990,map50_95,0.5616567292832149,0.5581414053117024,True
S1,action,991,map50_95,0.5572453895529995,0.5581414053117024,True
S1,action,992,map50_95,0.547561362648107,0.5581414053117024,True
S1,action,993,map50_95,0.5596241806043808,0.5581414053117024,True
S1,action,994,map50_95,0.553310229456276,0.5581414053117024,True
S1,action,995,map50_95,0.5745050923687984,0.5581414053117024,True
S1,action,996,map50_95,0.5512818589782654,0.5581414053117024,True
S1,action,997,map50_95,0.5526765866670336,0.5581414053117024,True
S1,action,998,map50_95,0.5604425566708886,0.5581414053117024,True
S1,action,999,map50_95,0.5597688866952547,0.5581414053117024,True
S1,action,1000,map50_95,0.5513639487322285,0.5581414053117024,True
S2,action300,1,map50_95,0.3364752420035762,0.33881208525698553,True
S2,action300,2,map50_95,0.3870616596961129,0.39130810193800114,True
S2,action300,3,map50_95,0.4292682769785745,0.4312657118436361,True
S2,action300,4,map50_95,0.44754887453205827,0.4616796497062452,True
S2,action300,5,map50_95,0.49953974700531695,0.4848293730879782,True
S2,action300,6,map50_95,0.5096022533775256,0.5024499026975163,True
S2,action300,7,map50_95,0.5072737759696797,0.5158618583654448,True
S2,action300,8,map50_95,0.5258218354946018,0.5260704365878105,True
S2,action300,9,map50_95,0.5511778296292538,0.5338407477864496,True
S2,action300,10,map50_95,0.547538078120408,0.539755159647586,True
S2,action300,11,map50_95,0.5427968696015849,0.5442569442954488,True
S2,action300,12,map50_95,0.5311054848762478,0.5476835005603079,True
S2,action300,13,map50_95,0.5639937328006034,0.5502916412766389,True
S2,action300,14,map50_95,0.5454388375486136,0.5522768408386438,True
S2,action300,15,map50_95,0.5479062710223475,0.5537878855749603,True
S2,action300,16,map50_95,0.5726675091175952,0.5549380249558313,True
S2,action300,17,map50_95,0.5543366121532579,0.5558134593911181,True
S2,action300,18,map50_95,0.5462305672522766,0.5564798007608968,True
S2,action300,19,map50_95,0.5750029942032154,0.5569869898811569,True
S2,action300,20,map50_95,0.5562888696489753,0.557373039457811,True
S2,action300,21,map50_95,0.5596765985057954,0.5576668830551627,True
S2,action300,22,map50_95,0.559319287966697,0.5578905436027349,True
S2,action300,23,map50_95,0.5545074609152332,0.5580607839652654,True
S2,action300,24,map50_95,0.5429113096873994,0.5581903632824452,True
S2,action300,25,map50_95,0.5411289477104322,0.5582889932382982,True
S2,action300,26,map50_95,0.5575739856362264,0.5583640659304785,True
S2,action300,27,map50_95,0.5860606954859965,0.5584212078916854,True
S2,action300,28,map50_95,0.562398676159807,0.5584647017858797,True
S2,action300,29,map50_95,0.5490863266980986,0.5584978073845017,True
S2,action300,30,map50_95,0.5389247157025807,0.5585230058791507,True
S2,action300,31,map50_95,0.5571499797889568,0.5585421858414231,True
S2,action300,32,map50_95,0.5405085883530233,0.5585567847671882,True
S2,action300,33,map50_95,0.5735335014782857,0.5585678968137326,True
S2,action300,34,map50_95,0.5716255297151588,0.5585763548044366,True
S2,action300,35,map50_95,0.5582994324819561,0.5585827926470482,True
S2,action300,36,map50_95,0.5678212459081232,0.5585876928436722,True
S2,action300,37,map50_95,0.5598919603815662,0.5585914226532375,True
S2,action300,38,map50_95,0.5578273671528333,0.5585942616167447,True
S2,action300,39,map50_95,0.5578329954014632,0.5585964225082473,True
S2,action300,40,map50_95,0.5545995729328804,0.5585980672817971,True
S2,action300,41,map50_95,0.5660195740793229,0.5585993192095439,True
S2,action300,42,map50_95,0.5441527524281873,0.5586002721207113,True
S2,action300,43,map50_95,0.5547527686287916,0.5586009974338896,True
S2,action300,44,map50_95,0.5645583239784383,0.5586015495097015,True
S2,action300,45,map50_95,0.5493506330310642,0.5586019697250117,True
S2,action300,46,map50_95,0.5625361300383227,0.5586022895740308,True
S2,action300,47,map50_95,0.5573362621792016,0.5586025330287373,True
S2,action300,48,map50_95,0.5520590027657089,0.5586027183355244,True
S2,action300,49,map50_95,0.5663024904636943,0.5586028593827274,True
S2,action300,50,map50_95,0.5553501995657835,0.5586029667415227,True
S2,action300,51,map50_95,0.5482751116776649,0.5586030484582154,True
S2,action300,52,map50_95,0.5655478498629251,0.5586031106572914,True
S2,action300,53,map50_95,0.5703760236785714,0.5586031580004343,True
S2,action300,54,map50_95,0.5662937048452977,0.558603194035908,True
S2,action300,55,map50_95,0.5652819017791948,0.558603221464492,True
S2,action300,56,map50_95,0.5355109177984871,0.5586032423418981,True
S2,action300,57,map50_95,0.5573129880994244,0.5586032582328418,True
S2,action300,58,map50_95,0.5547894763232885,0.5586032703283145,True
S2,action300,59,map50_95,0.5423576891858021,0.558603279534845,True
S2,action300,60,map50_95,0.562946057002559,0.5586032865424424,True
S2,action300,61,map50_95,0.5470937110599955,0.5586032918763109,True
S2,action300,62,map50_95,0.5591306329969458,0.5586032959362119,True
S2,action300,63,map50_95,0.5451793173191082,0.5586032990264262,True
S2,action300,64,map50_95,0.5656841364043055,0.5586033013785585,True
S2,action300,65,map50_95,0.5590198152606471,0.5586033031688961,True
S2,action300,66,map50_95,0.5454904741876104,0.5586033045316205,True
S2,action300,67,map50_95,0.5546082111014015,0.5586033055688652,True
S2,action300,68,map50_95,0.5691394763698481,0.5586033063583692,True
S2,action300,69,map50_95,0.5517066907961817,0.5586033069593043,True
S2,action300,70,map50_95,0.5521628410293623,0.5586033074167089,True
S2,action300,71,map50_95,0.5522606878504268,0.5586033077648649,True
S2,action300,72,map50_95,0.5611784499891285,0.5586033080298656,True
S2,action300,73,map50_95,0.5573053197470337,0.5586033082315722,True
S2,action300,74,map50_95,0.559242464343311,0.5586033083851022,True
S2,action300,75,map50_95,0.5649715931232457,0.5586033085019624,True
S2,action300,76,map50_95,0.5542190906116955,0.558603308590911,True
S2,action300,77,map50_95,0.5590298214551938,0.5586033086586147,True
S2,action300,78,map50_95,0.5500346484533616,0.5586033087101479,True
S2,action300,79,map50_95,0.5489645417186042,0.5586033087493725,True
S2,action300,80,map50_95,0.5565312759021493,0.5586033087792285,True
S2,action300,81,map50_95,0.564390881887332,0.5586033088019536,True
S2,action300,82,map50_95,0.5505137316015576,0.5586033088192509,True
S2,action300,83,map50_95,0.5424161306694251,0.5586033088324168,True
S2,action300,84,map50_95,0.5542509961000406,0.5586033088424381,True
S2,action300,85,map50_95,0.5431797819900479,0.5586033088500659,True
S2,action300,86,map50_95,0.5579849195303073,0.5586033088558718,True
S2,action300,87,map50_95,0.5604523230419405,0.5586033088602911,True
S2,action300,88,map50_95,0.5516968470134466,0.5586033088636547,True
S2,action300,89,map50_95,0.5583455843298025,0.558603308866215,True
S2,action300,90,map50_95,0.5651682243874288,0.5586033088681639,True
S2,action300,91,map50_95,0.5618972374039485,0.5586033088696472,True
S2,action300,92,map50_95,0.5499091761430208,0.5586033088707762,True
S2,action300,93,map50_95,0.5556697133117428,0.5586033088716356,True
S2,action300,94,map50_95,0.5477948355142706,0.5586033088722897,True
S2,action300,95,map50_95,0.5637227018864412,0.5586033088727876,True
S2,action300,96,map50_95,0.5317974335456737,0.5586033088731666,True
S2,action300,97,map50_95,0.5478055235019584,0.558603308873455,True
S2,action300,98,map50_95,0.5620488386790692,0.5586033088736746,True
S2,action300,99,map50_95,0.5508072680989153,0.5586033088738417,True
S2,action300,100,map50_95,0.5528966672468516,0.5586033088739689,True
S2,action300,101,map50_95,0.532561275920387,0.5586033088740657,True
S2,action300,102,map50_95,0.5585249315631647,0.5586033088741394,True
S2,action300,103,map50_95,0.5573265632568218,0.5586033088741955,True
S2,action300,104,map50_95,0.5637170536791358,0.5586033088742381,True
S2,action300,105,map50_95,0.5729356026577509,0.5586033088742707,True
S2,action300,106,map50_95,0.5661884880485846,0.5586033088742954,True
S2,action300,107,map50_95,0.5541502581133536,0.5586033088743143,True
S2,action300,108,map50_95,0.5581885078683732,0.5586033088743286,True
S2,action300,109,map50_95,0.5744375640911948,0.5586033088743395,True
S2,action300,110,map50_95,0.5571272872323141,0.5586033088743478,True
S2,action300,111,map50_95,0.5601560991971786,0.5586033088743542,True
S2,action300,112,map50_95,0.5643643601159342,0.5586033088743589,True
S2,action300,113,map50_95,0.5594423353372122,0.5586033088743626,True
S2,action300,114,map50_95,0.5647113257064855,0.5586033088743654,True
S2,action300,115,map50_95,0.5371917871049076,0.5586033088743675,True
S2,action300,116,map50_95,0.5492768074802987,0.5586033088743692,True
S2,action300,117,map50_95,0.5556731665596434,0.5586033088743704,True
S2,action300,118,map50_95,0.5564887052989925,0.5586033088743713,True
S2,action300,119,map50_95,0.5740612869721214,0.558603308874372,True
S2,action300,120,map50_95,0.5576119901711054,0.5586033088743725,True
S2,action300,121,map50_95,0.5694043041514741,0.5586033088743729,True
S2,action300,122,map50_95,0.556020464680053,0.5586033088743733,True
S2,action300,123,map50_95,0.5647820403308119,0.5586033088743735,True
S2,action300,124,map50_95,0.5595907685334616,0.5586033088743737,True
S2,action300,125,map50_95,0.543252351077451,0.5586033088743738,True
S2,action300,126,map50_95,0.563269110599283,0.5586033088743739,True
S2,action300,127,map50_95,0.5635259808582225,0.558603308874374,True
S2,action300,128,map50_95,0.564680517674209,0.558603308874374,True
S2,action300,129,map50_95,0.5689982641487049,0.5586033088743741,True
S2,action300,130,map50_95,0.567329477420159,0.5586033088743741,True
S2,action300,131,map50_95,0.5571844470236424,0.5586033088743741,True
S2,action300,132,map50_95,0.5598499644518871,0.5586033088743741,True
S2,action300,133,map50_95,0.5566643195627862,0.5586033088743743,True
S2,action300,134,map50_95,0.5554273249082582,0.5586033088743743,True
S2,action300,135,map50_95,0.5482206982072303,0.5586033088743743,True
S2,action300,136,map50_95,0.5540448087668511,0.5586033088743743,True
S2,action300,137,map50_95,0.564501628366669,0.5586033088743743,True
S2,action300,138,map50_95,0.5653231743990832,0.5586033088743743,True
S2,action300,139,map50_95,0.5491201299147396,0.5586033088743743,True
S2,action300,140,map50_95,0.5694723665282994,0.5586033088743743,True
S2,action300,141,map50_95,0.5358014965749894,0.5586033088743743,True
S2,action300,142,map50_95,0.5678504652167268,0.5586033088743743,True
S2,action300,143,map50_95,0.5641067611241208,0.5586033088743743,True
S2,action300,144,map50_95,0.5541959722377242,0.5586033088743743,True
S2,action300,145,map50_95,0.5537176008994392,0.5586033088743743,True
S2,action300,146,map50_95,0.5459464699073535,0.5586033088743743,True
S2,action300,147,map50_95,0.5603321177432509,0.5586033088743743,True
S2,action300,148,map50_95,0.5738009734474128,0.5586033088743743,True
S2,action300,149,map50_95,0.5714905014697191,0.5586033088743743,True
S2,action300,150,map50_95,0.554665646125826,0.5586033088743743,True
S2,action300,151,map50_95,0.5511903646028032,0.5586033088743743,True
S2,action300,152,map50_95,0.551392408396458,0.5586033088743743,True
S2,action300,153,map50_95,0.5707852122003626,0.5586033088743743,True
S2,action300,154,map50_95,0.5682994268174498,0.5586033088743743,True
S2,action300,155,map50_95,0.5576967056972328,0.5586033088743743,True
S2,action300,156,map50_95,0.5617253301376545,0.5586033088743743,True
S2,action300,157,map50_95,0.5539467410373623,0.5586033088743743,True
S2,action300,158,map50_95,0.5552854623183819,0.5586033088743743,True
S2,action300,159,map50_95,0.5701448776178858,0.5586033088743743,True
S2,action300,160,map50_95,0.5341908925738148,0.5586033088743743,True
S2,action300,161,map50_95,0.5587111344245319,0.5586033088743743,True
S2,action300,162,map50_95,0.5515679970928077,0.5586033088743743,True
S2,action300,163,map50_95,0.5566935263653555,0.5586033088743743,True
S2,action300,164,map50_95,0.555643030620668,0.5586033088743743,True
S2,action300,165,map50_95,0.5694369804445569,0.5586033088743743,True
S2,action300,166,map50_95,0.5361867226146697,0.5586033088743743,True
S2,action300,167,map50_95,0.5586878231853202,0.5586033088743743,True
S2,action300,168,map50_95,0.5498854894175497,0.5586033088743743,True
S2,action300,169,map50_95,0.555258712281016,0.5586033088743743,True
S2,action300,170,map50_95,0.5564164998322672,0.5586033088743743,True
S2,action300,171,map50_95,0.5589754210479336,0.5586033088743743,True
S2,action300,172,map50_95,0.5516953336267768,0.5586033088743743,True
S2,action300,173,map50_95,0.5443673335664659,0.5586033088743743,True
S2,action300,174,map50_95,0.5548842927249423,0.5586033088743743,True
S2,action300,175,map50_95,0.5507496372800615,0.5586033088743743,True
S2,action300,176,map50_95,0.5624057156150404,0.5586033088743743,True
S2,action300,177,map50_95,0.5540320606824157,0.5586033088743743,True
S2,action300,178,map50_95,0.5723746923629712,0.5586033088743743,True
S2,action300,179,map50_95,0.5561304642730825,0.5586033088743743,True
S2,action300,180,map50_95,0.5584448929775353,0.5586033088743743,True
S2,action300,181,map50_95,0.5568880542174505,0.5586033088743743,True
S2,action300,182,map50_95,0.5658026455265722,0.5586033088743743,True
S2,action300,183,map50_95,0.5488218099349776,0.5586033088743743,True
S2,action300,184,map50_95,0.5545909478939383,0.5586033088743743,True
S2,action300,185,map50_95,0.5423652657588585,0.5586033088743743,True
S2,action300,186,map50_95,0.542326128134426,0.5586033088743743,True
S2,action300,187,map50_95,0.5561674930743682,0.5586033088743743,True
S2,action300,188,map50_95,0.5514780420109432,0.5586033088743743,True
S2,action300,189,map50_95,0.551889370516786,0.5586033088743743,True
S2,action300,190,map50_95,0.5530534938937018,0.5586033088743743,True
S2,action300,191,map50_95,0.5476665752232958,0.5586033088743743,True
S2,action300,192,map50_95,0.5649299664727678,0.5586033088743743,True
S2,action300,193,map50_95,0.5822493166300617,0.5586033088743743,True
S2,action300,194,map50_95,0.5594670494208996,0.5586033088743743,True
S2,action300,195,map50_95,0.552991231290809,0.5586033088743743,True
S2,action300,196,map50_95,0.56321305970841,0.5586033088743743,True
S2,action300,197,map50_95,0.5642764436688156,0.5586033088743743,True
S2,action300,198,map50_95,0.5338992106858346,0.5586033088743743,True
S2,action300,199,map50_95,0.5684053642036558,0.5586033088743743,True
S2,action300,200,map50_95,0.5607008397564983,0.5586033088743743,True
S2,action300,201,map50_95,0.5472594142917925,0.5586033088743743,True
S2,action300,202,map50_95,0.5640533746732266,0.5586033088743743,True
S2,action300,203,map50_95,0.5558696456181939,0.5586033088743743,True
S2,action300,204,map50_95,0.5486977448728989,0.5586033088743743,True
S2,action300,205,map50_95,0.5692869239547909,0.5586033088743743,True
S2,action300,206,map50_95,0.5576528411007644,0.5586033088743743,True
S2,action300,207,map50_95,0.5626687399105592,0.5586033088743743,True
S2,action300,208,map50_95,0.5459367661625687,0.5586033088743743,True
S2,action300,209,map50_95,0.5601876635571007,0.5586033088743743,True
S2,action300,210,map50_95,0.5565640797352752,0.5586033088743743,True
S2,action300,211,map50_95,0.5607133733670417,0.5586033088743743,True
S2,action300,212,map50_95,0.5295743328740171,0.5586033088743743,True
S2,action300,213,map50_95,0.5686155323317879,0.5586033088743743,True
S2,action300,214,map50_95,0.5587464804545451,0.5586033088743743,True
S2,action300,215,map50_95,0.5549939016751609,0.5586033088743743,True
S2,action300,216,map50_95,0.5612873044289846,0.5586033088743743,True
S2,action300,217,map50_95,0.5678498403877122,0.5586033088743743,True
S2,action300,218,map50_95,0.5630218491063448,0.5586033088743743,True
S2,action300,219,map50_95,0.5506822720774248,0.5586033088743743,True
S2,action300,220,map50_95,0.5536203392208222,0.5586033088743743,True
S2,action300,221,map50_95,0.5647109482056925,0.5586033088743743,True
S2,action300,222,map50_95,0.5681902125750878,0.5586033088743743,True
S2,action300,223,map50_95,0.5690432367685492,0.5586033088743743,True
S2,action300,224,map50_95,0.565781287412586,0.5586033088743743,True
S2,action300,225,map50_95,0.5560932052827176,0.5586033088743743,True
S2,action300,226,map50_95,0.5588759982882245,0.5586033088743743,True
S2,action300,227,map50_95,0.5638415658062977,0.5586033088743743,True
S2,action300,228,map50_95,0.5529980787411064,0.5586033088743743,True
S2,action300,229,map50_95,0.5554574139409157,0.5586033088743743,True
S2,action300,230,map50_95,0.5615854455480228,0.5586033088743743,True
S2,action300,231,map50_95,0.5460674338533887,0.5586033088743743,True
S2,action300,232,map50_95,0.5500084445697976,0.5586033088743743,True
S2,action300,233,map50_95,0.5511488345230945,0.5586033088743743,True
S2,action300,234,map50_95,0.5540404382054465,0.5586033088743743,True
S2,action300,235,map50_95,0.5531184725834873,0.5586033088743743,True
S2,action300,236,map50_95,0.5720125436690643,0.5586033088743743,True
S2,action300,237,map50_95,0.5386716729980582,0.5586033088743743,True
S2,action300,238,map50_95,0.5599635999622076,0.5586033088743743,True
S2,action300,239,map50_95,0.5530580289949549,0.5586033088743743,True
S2,action300,240,map50_95,0.5477041391613752,0.5586033088743743,True
S2,action300,241,map50_95,0.5615723309436161,0.5586033088743743,True
S2,action300,242,map50_95,0.5645028730625198,0.5586033088743743,True
S2,action300,243,map50_95,0.5474921621429379,0.5586033088743743,True
S2,action300,244,map50_95,0.5591039351187325,0.5586033088743743,True
S2,action300,245,map50_95,0.5515339336681236,0.5586033088743743,True
S2,action300,246,map50_95,0.5462951127408597,0.5586033088743743,True
S2,action300,247,map50_95,0.5284474676173456,0.5586033088743743,True
S2,action300,248,map50_95,0.5510843638709831,0.5586033088743743,True
S2,action300,249,map50_95,0.5643798830139708,0.5586033088743743,True
S2,action300,250,map50_95,0.5419686005922488,0.5586033088743743,True
S2,action300,251,map50_95,0.5654007479432227,0.5586033088743743,True
S2,action300,252,map50_95,0.5628272377418458,0.5586033088743743,True
S2,action300,253,map50_95,0.5796723851448321,0.5586033088743743,True
S2,action300,254,map50_95,0.5566917307648931,0.5586033088743743,True
S2,action300,255,map50_95,0.5477356997215714,0.5586033088743743,True
S2,action300,256,map50_95,0.5665129389933837,0.5586033088743743,True
S2,action300,257,map50_95,0.5490901355297088,0.5586033088743743,True
S2,action300,258,map50_95,0.5594580125452088,0.5586033088743743,True
S2,action300,259,map50_95,0.5606288565191913,0.5586033088743743,True
S2,action300,260,map50_95,0.5418041042208922,0.5586033088743743,True
S2,action300,261,map50_95,0.5600490412614579,0.5586033088743743,True
S2,action300,262,map50_95,0.5615907944883916,0.5586033088743743,True
S2,action300,263,map50_95,0.5594213906699476,0.5586033088743743,True
S2,action300,264,map50_95,0.5529221615176628,0.5586033088743743,True
S2,action300,265,map50_95,0.5606798448211744,0.5586033088743743,True
S2,action300,266,map50_95,0.5622256463555115,0.5586033088743743,True
S2,action300,267,map50_95,0.5668369858566263,0.5586033088743743,True
S2,action300,268,map50_95,0.5634675786847237,0.5586033088743743,True
S2,action300,269,map50_95,0.5627255381562789,0.5586033088743743,True
S2,action300,270,map50_95,0.5696290324383193,0.5586033088743743,True
S2,action300,271,map50_95,0.5452541060268767,0.5586033088743743,True
S2,action300,272,map50_95,0.5552796303965747,0.5586033088743743,True
S2,action300,273,map50_95,0.5681568988989638,0.5586033088743743,True
S2,action300,274,map50_95,0.5628555379015179,0.5586033088743743,True
S2,action300,275,map50_95,0.5554652466002128,0.5586033088743743,True
S2,action300,276,map50_95,0.5654236251032897,0.5586033088743743,True
S2,action300,277,map50_95,0.5445577235285598,0.5586033088743743,True
S2,action300,278,map50_95,0.5586390057786892,0.5586033088743743,True
S2,action300,279,map50_95,0.5448039602869492,0.5586033088743743,True
S2,action300,280,map50_95,0.5625920811635758,0.5586033088743743,True
S2,action300,281,map50_95,0.5515753718213869,0.5586033088743743,True
S2,action300,282,map50_95,0.5767033196107267,0.5586033088743743,True
S2,action300,283,map50_95,0.5680924865655629,0.5586033088743743,True
S2,action300,284,map50_95,0.5706958720413255,0.5586033088743743,True
S2,action300,285,map50_95,0.5406877759672909,0.5586033088743743,True
S2,action300,286,map50_95,0.5438112045070502,0.5586033088743743,True
S2,action300,287,map50_95,0.5463648716813122,0.5586033088743743,True
S2,action300,288,map50_95,0.5637507542921811,0.5586033088743743,True
S2,action300,289,map50_95,0.5561360461846325,0.5586033088743743,True
S2,action300,290,map50_95,0.5551041735714572,0.5586033088743743,True
S2,action300,291,map50_95,0.5585242910038829,0.5586033088743743,True
S2,action300,292,map50_95,0.5682827361597482,0.5586033088743743,True
S2,action300,293,map50_95,0.5499054192012962,0.5586033088743743,True
S2,action300,294,map50_95,0.5610389948610202,0.5586033088743743,True
S2,action300,295,map50_95,0.562395259047376,0.5586033088743743,True
S2,action300,296,map50_95,0.5528720139999577,0.5586033088743743,True
S2,action300,297,map50_95,0.555146208320675,0.5586033088743743,True
S2,action300,298,map50_95,0.5632950492524634,0.5586033088743743,True
S2,action300,299,map50_95,0.5558400049799671,0.5586033088743743,True
S2,action300,300,map50_95,0.5470689518453735,0.5586033088743743,True
S2,action300,301,map50_95,0.5591221188698725,0.5586033088743743,True
S2,action300,302,map50_95,0.5628325067059057,0.5586033088743743,True
S2,action300,303,map50_95,0.5584178826688451,0.5586033088743743,True
S2,action300,304,map50_95,0.5535757990458653,0.5586033088743743,True
S2,action300,305,map50_95,0.5308031614388914,0.5586033088743743,True
S2,action300,306,map50_95,0.5481220672517566,0.5586033088743743,True
S2,action300,307,map50_95,0.5529085859619837,0.5586033088743743,True
S2,action300,308,map50_95,0.5536543296069983,0.5586033088743743,True
S2,action300,309,map50_95,0.5578410408755656,0.5586033088743743,True
S2,action300,310,map50_95,0.5459171250270239,0.5586033088743743,True
S2,action300,311,map50_95,0.5594867464648011,0.5586033088743743,True
S2,action300,312,map50_95,0.556817061811048,0.5586033088743743,True
S2,action300,313,map50_95,0.5564220800477394,0.5586033088743743,True
S2,action300,314,map50_95,0.558568488842217,0.5586033088743743,True
S2,action300,315,map50_95,0.5617907836088216,0.5586033088743743,True
S2,action300,316,map50_95,0.5592483787065363,0.5586033088743743,True
S2,action300,317,map50_95,0.5710692002629365,0.5586033088743743,True
S2,action300,318,map50_95,0.5557241313545815,0.5586033088743743,True
S2,action300,319,map50_95,0.5505439307315193,0.5586033088743743,True
S2,action300,320,map50_95,0.5607385838085962,0.5586033088743743,True
S2,action300,321,map50_95,0.5621158966304899,0.5586033088743743,True
S2,action300,322,map50_95,0.5678390362812746,0.5586033088743743,True
S2,action300,323,map50_95,0.5548023577637268,0.5586033088743743,True
S2,action300,324,map50_95,0.537175560092072,0.5586033088743743,True
S2,action300,325,map50_95,0.5648814109716582,0.5586033088743743,True
S2,action300,326,map50_95,0.5517300987279902,0.5586033088743743,True
S2,action300,327,map50_95,0.5627883533252791,0.5586033088743743,True
S2,action300,328,map50_95,0.5640111964890544,0.5586033088743743,True
S2,action300,329,map50_95,0.5709903043400734,0.5586033088743743,True
S2,action300,330,map50_95,0.5763090797937226,0.5586033088743743,True
S2,action300,331,map50_95,0.5647732313932364,0.5586033088743743,True
S2,action300,332,map50_95,0.5572657679703242,0.5586033088743743,True
S2,action300,333,map50_95,0.5584168336808323,0.5586033088743743,True
S2,action300,334,map50_95,0.5542871358777954,0.5586033088743743,True
S2,action300,335,map50_95,0.544722619531131,0.5586033088743743,True
S2,action300,336,map50_95,0.5421741310214174,0.5586033088743743,True
S2,action300,337,map50_95,0.5420431720494852,0.5586033088743743,True
S2,action300,338,map50_95,0.5747331835305654,0.5586033088743743,True
S2,action300,339,map50_95,0.5618051899098851,0.5586033088743743,True
S2,action300,340,map50_95,0.547469129376265,0.5586033088743743,True
S2,action300,341,map50_95,0.5547127985645577,0.5586033088743743,True
S2,action300,342,map50_95,0.5415590163151438,0.5586033088743743,True
S2,action300,343,map50_95,0.5592190552065296,0.5586033088743743,True
S2,action300,344,map50_95,0.5472406900318634,0.5586033088743743,True
S2,action300,345,map50_95,0.5497268725411057,0.5586033088743743,True
S2,action300,346,map50_95,0.5563767939766471,0.5586033088743743,True
S2,action300,347,map50_95,0.5726184417940318,0.5586033088743743,True
S2,action300,348,map50_95,0.5639423910754883,0.5586033088743743,True
S2,action300,349,map50_95,0.570212416276051,0.5586033088743743,True
S2,action300,350,map50_95,0.5343691773715864,0.5586033088743743,True
S2,action300,351,map50_95,0.5609785926577929,0.5586033088743743,True
S2,action300,352,map50_95,0.5443695550213862,0.5586033088743743,True
S2,action300,353,map50_95,0.5382975605090868,0.5586033088743743,True
S2,action300,354,map50_95,0.5458048389925529,0.5586033088743743,True
S2,action300,355,map50_95,0.5714517277547819,0.5586033088743743,True
S2,action300,356,map50_95,0.5658815045576239,0.5586033088743743,True
S2,action300,357,map50_95,0.5773664477629481,0.5586033088743743,True
S2,action300,358,map50_95,0.5553989448232072,0.5586033088743743,True
S2,action300,359,map50_95,0.5691996514974406,0.5586033088743743,True
S2,action300,360,map50_95,0.5636762289106786,0.5586033088743743,True
S2,action300,361,map50_95,0.5611888432197163,0.5586033088743743,True
S2,action300,362,map50_95,0.5746931692960616,0.5586033088743743,True
S2,action300,363,map50_95,0.5588301714845617,0.5586033088743743,True
S2,action300,364,map50_95,0.5507086797727581,0.5586033088743743,True
S2,action300,365,map50_95,0.5597346436502761,0.5586033088743743,True
S2,action300,366,map50_95,0.5670043961827095,0.5586033088743743,True
S2,action300,367,map50_95,0.5527823874144276,0.5586033088743743,True
S2,action300,368,map50_95,0.5466849464002336,0.5586033088743743,True
S2,action300,369,map50_95,0.5699576014190718,0.5586033088743743,True
S2,action300,370,map50_95,0.5583076824785971,0.5586033088743743,True
S2,action300,371,map50_95,0.550017501211358,0.5586033088743743,True
S2,action300,372,map50_95,0.5501442708216862,0.5586033088743743,True
S2,action300,373,map50_95,0.5851024566271403,0.5586033088743743,True
S2,action300,374,map50_95,0.5602059583540965,0.5586033088743743,True
S2,action300,375,map50_95,0.557291674816653,0.5586033088743743,True
S2,action300,376,map50_95,0.5582337545900624,0.5586033088743743,True
S2,action300,377,map50_95,0.5681403056124309,0.5586033088743743,True
S2,action300,378,map50_95,0.5626523670424132,0.5586033088743743,True
S2,action300,379,map50_95,0.5697834679634124,0.5586033088743743,True
S2,action300,380,map50_95,0.5615666084556443,0.5586033088743743,True
S2,action300,381,map50_95,0.5619366022951289,0.5586033088743743,True
S2,action300,382,map50_95,0.5666506703909754,0.5586033088743743,True
S2,action300,383,map50_95,0.5557450577632278,0.5586033088743743,True
S2,action300,384,map50_95,0.555090635801399,0.5586033088743743,True
S2,action300,385,map50_95,0.5786830091580547,0.5586033088743743,True
S2,action300,386,map50_95,0.5672873093399649,0.5586033088743743,True
S2,action300,387,map50_95,0.5511538571697797,0.5586033088743743,True
S2,action300,388,map50_95,0.537531493629972,0.5586033088743743,True
S2,action300,389,map50_95,0.5574070635415619,0.5586033088743743,True
S2,action300,390,map50_95,0.5619081607808117,0.5586033088743743,True
S2,action300,391,map50_95,0.5637297642724962,0.5586033088743743,True
S2,action300,392,map50_95,0.5490182077422996,0.5586033088743743,True
S2,action300,393,map50_95,0.5626548002146436,0.5586033088743743,True
S2,action300,394,map50_95,0.5751267216001198,0.5586033088743743,True
S2,action300,395,map50_95,0.5631879984187428,0.5586033088743743,True
S2,action300,396,map50_95,0.565369011513188,0.5586033088743743,True
S2,action300,397,map50_95,0.5390411550001943,0.5586033088743743,True
S2,action300,398,map50_95,0.5621008300868476,0.5586033088743743,True
S2,action300,399,map50_95,0.561954828950246,0.5586033088743743,True
S2,action300,400,map50_95,0.5767057425857414,0.5586033088743743,True
S2,action300,401,map50_95,0.5581235617109852,0.5586033088743743,True
S2,action300,402,map50_95,0.5624941524798338,0.5586033088743743,True
S2,action300,403,map50_95,0.5616043707607261,0.5586033088743743,True
S2,action300,404,map50_95,0.5599503852706743,0.5586033088743743,True
S2,action300,405,map50_95,0.5507575579643387,0.5586033088743743,True
S2,action300,406,map50_95,0.5651413792639844,0.5586033088743743,True
S2,action300,407,map50_95,0.5592045174625232,0.5586033088743743,True
S2,action300,408,map50_95,0.5436659434349086,0.5586033088743743,True
S2,action300,409,map50_95,0.5613895579335386,0.5586033088743743,True
S2,action300,410,map50_95,0.5553944371522065,0.5586033088743743,True
S2,action300,411,map50_95,0.5580469969432836,0.5586033088743743,True
S2,action300,412,map50_95,0.5449812781674624,0.5586033088743743,True
S2,action300,413,map50_95,0.5750141764003107,0.5586033088743743,True
S2,action300,414,map50_95,0.547489010525912,0.5586033088743743,True
S2,action300,415,map50_95,0.569710216421937,0.5586033088743743,True
S2,action300,416,map50_95,0.5673568956925902,0.5586033088743743,True
S2,action300,417,map50_95,0.5482983148526694,0.5586033088743743,True
S2,action300,418,map50_95,0.5462728735306612,0.5586033088743743,True
S2,action300,419,map50_95,0.5641576936894438,0.5586033088743743,True
S2,action300,420,map50_95,0.5456969125249158,0.5586033088743743,True
S2,action300,421,map50_95,0.5681731022821391,0.5586033088743743,True
S2,action300,422,map50_95,0.5524759121488944,0.5586033088743743,True
S2,action300,423,map50_95,0.5716953304139927,0.5586033088743743,True
S2,action300,424,map50_95,0.5547150970244004,0.5586033088743743,True
S2,action300,425,map50_95,0.5636941658219776,0.5586033088743743,True
S2,action300,426,map50_95,0.5688151323710925,0.5586033088743743,True
S2,action300,427,map50_95,0.5605984397290783,0.5586033088743743,True
S2,action300,428,map50_95,0.5637857050664724,0.5586033088743743,True
S2,action300,429,map50_95,0.5562334214509639,0.5586033088743743,True
S2,action300,430,map50_95,0.5490492524330385,0.5586033088743743,True
S2,action300,431,map50_95,0.5582927741958192,0.5586033088743743,True
S2,action300,432,map50_95,0.5522752832978947,0.5586033088743743,True
S2,action300,433,map50_95,0.5483772082216171,0.5586033088743743,True
S2,action300,434,map50_95,0.5659593514858497,0.5586033088743743,True
S2,action300,435,map50_95,0.578315866933796,0.5586033088743743,True
S2,action300,436,map50_95,0.561869588395207,0.5586033088743743,True
S2,action300,437,map50_95,0.5518067315131282,0.5586033088743743,True
S2,action300,438,map50_95,0.5639808865838272,0.5586033088743743,True
S2,action300,439,map50_95,0.5734329021337318,0.5586033088743743,True
S2,action300,440,map50_95,0.5552796777983896,0.5586033088743743,True
S2,action300,441,map50_95,0.55908610270278,0.5586033088743743,True
S2,action300,442,map50_95,0.5572925047449568,0.5586033088743743,True
S2,action300,443,map50_95,0.565243105976224,0.5586033088743743,True
S2,action300,444,map50_95,0.5573844673179918,0.5586033088743743,True
S2,action300,445,map50_95,0.543103669308144,0.5586033088743743,True
S2,action300,446,map50_95,0.5490877810933819,0.5586033088743743,True
S2,action300,447,map50_95,0.5632112035883342,0.5586033088743743,True
S2,action300,448,map50_95,0.5588320416662156,0.5586033088743743,True
S2,action300,449,map50_95,0.5541444484406041,0.5586033088743743,True
S2,action300,450,map50_95,0.5467413592523784,0.5586033088743743,True
S2,action300,451,map50_95,0.5705623306943097,0.5586033088743743,True
S2,action300,452,map50_95,0.5835096975348721,0.5586033088743743,True
S2,action300,453,map50_95,0.5546111739975513,0.5586033088743743,True
S2,action300,454,map50_95,0.5663242602370465,0.5586033088743743,True
S2,action300,455,map50_95,0.5541507876538894,0.5586033088743743,True
S2,action300,456,map50_95,0.5398585476112877,0.5586033088743743,True
S2,action300,457,map50_95,0.5608186351218184,0.5586033088743743,True
S2,action300,458,map50_95,0.5789001139322323,0.5586033088743743,True
S2,action300,459,map50_95,0.5669946652923089,0.5586033088743743,True
S2,action300,460,map50_95,0.5750978135060967,0.5586033088743743,True
S2,action300,461,map50_95,0.5733006837901001,0.5586033088743743,True
S2,action300,462,map50_95,0.5552874480884733,0.5586033088743743,True
S2,action300,463,map50_95,0.5573790514736988,0.5586033088743743,True
S2,action300,464,map50_95,0.5495863096256813,0.5586033088743743,True
S2,action300,465,map50_95,0.5395755740356949,0.5586033088743743,True
S2,action300,466,map50_95,0.5485274242087285,0.5586033088743743,True
S2,action300,467,map50_95,0.5559289246632233,0.5586033088743743,True
S2,action300,468,map50_95,0.5559892729809018,0.5586033088743743,True
S2,action300,469,map50_95,0.5648331520928447,0.5586033088743743,True
S2,action300,470,map50_95,0.5477257659438419,0.5586033088743743,True
S2,action300,471,map50_95,0.5732594757391655,0.5586033088743743,True
S2,action300,472,map50_95,0.5456278084840918,0.5586033088743743,True
S2,action300,473,map50_95,0.5600606381021792,0.5586033088743743,True
S2,action300,474,map50_95,0.5531713181934698,0.5586033088743743,True
S2,action300,475,map50_95,0.5623720736001637,0.5586033088743743,True
S2,action300,476,map50_95,0.5683479261412291,0.5586033088743743,True
S2,action300,477,map50_95,0.564859866971913,0.5586033088743743,True
S2,action300,478,map50_95,0.5639499041152415,0.5586033088743743,True
S2,action300,479,map50_95,0.5683268982235001,0.5586033088743743,True
S2,action300,480,map50_95,0.5654644045154266,0.5586033088743743,True
S2,action300,481,map50_95,0.557981259611595,0.5586033088743743,True
S2,action300,482,map50_95,0.5420496889477056,0.5586033088743743,True
S2,action300,483,map50_95,0.5836576511117751,0.5586033088743743,True
S2,action300,484,map50_95,0.5460037767569431,0.5586033088743743,True
S2,action300,485,map50_95,0.5649156943885112,0.5586033088743743,True
S2,action300,486,map50_95,0.5520987930871346,0.5586033088743743,True
S2,action300,487,map50_95,0.5482418589353897,0.5586033088743743,True
S2,action300,488,map50_95,0.5611168645235232,0.5586033088743743,True
S2,action300,489,map50_95,0.5564613143158158,0.5586033088743743,True
S2,action300,490,map50_95,0.5494859771321844,0.5586033088743743,True
S2,action300,491,map50_95,0.5499477526632539,0.5586033088743743,True
S2,action300,492,map50_95,0.5751855022281732,0.5586033088743743,True
S2,action300,493,map50_95,0.5578473141027904,0.5586033088743743,True
S2,action300,494,map50_95,0.5590367036435391,0.5586033088743743,True
S2,action300,495,map50_95,0.5560143243434512,0.5586033088743743,True
S2,action300,496,map50_95,0.5680655114006555,0.5586033088743743,True
S2,action300,497,map50_95,0.5610159649178551,0.5586033088743743,True
S2,action300,498,map50_95,0.5574356696713885,0.5586033088743743,True
S2,action300,499,map50_95,0.5499043281395932,0.5586033088743743,True
S2,action300,500,map50_95,0.561581513984635,0.5586033088743743,True
S2,action300,501,map50_95,0.5595931810334488,0.5586033088743743,True
S2,action300,502,map50_95,0.5585796497422029,0.5586033088743743,True
S2,action300,503,map50_95,0.5534713168293645,0.5586033088743743,True
S2,action300,504,map50_95,0.5551062842200111,0.5586033088743743,True
S2,action300,505,map50_95,0.5665207953670885,0.5586033088743743,True
S2,action300,506,map50_95,0.5444269032328265,0.5586033088743743,True
S2,action300,507,map50_95,0.5537908330281425,0.5586033088743743,True
S2,action300,508,map50_95,0.549493161130313,0.5586033088743743,True
S2,action300,509,map50_95,0.5524287362316019,0.5586033088743743,True
S2,action300,510,map50_95,0.5582677425822342,0.5586033088743743,True
S2,action300,511,map50_95,0.5758482322792549,0.5586033088743743,True
S2,action300,512,map50_95,0.5736355295164908,0.5586033088743743,True
S2,action300,513,map50_95,0.5573070356814169,0.5586033088743743,True
S2,action300,514,map50_95,0.5625419322706373,0.5586033088743743,True
S2,action300,515,map50_95,0.5529943364894628,0.5586033088743743,True
S2,action300,516,map50_95,0.5611696641836095,0.5586033088743743,True
S2,action300,517,map50_95,0.5658973289154788,0.5586033088743743,True
S2,action300,518,map50_95,0.5645536600825479,0.5586033088743743,True
S2,action300,519,map50_95,0.5510973912104139,0.5586033088743743,True
S2,action300,520,map50_95,0.5733079888753612,0.5586033088743743,True
S2,action300,521,map50_95,0.5610929808316818,0.5586033088743743,True
S2,action300,522,map50_95,0.5571838617609052,0.5586033088743743,True
S2,action300,523,map50_95,0.5361811272664189,0.5586033088743743,True
S2,action300,524,map50_95,0.5560375952129888,0.5586033088743743,True
S2,action300,525,map50_95,0.5571176985582919,0.5586033088743743,True
S2,action300,526,map50_95,0.5558954464428193,0.5586033088743743,True
S2,action300,527,map50_95,0.5486954740491126,0.5586033088743743,True
S2,action300,528,map50_95,0.5590772916798604,0.5586033088743743,True
S2,action300,529,map50_95,0.5535756249949846,0.5586033088743743,True
S2,action300,530,map50_95,0.5459749467713104,0.5586033088743743,True
S2,action300,531,map50_95,0.5566816618979081,0.5586033088743743,True
S2,action300,532,map50_95,0.5498489722802412,0.5586033088743743,True
S2,action300,533,map50_95,0.5565413605380221,0.5586033088743743,True
S2,action300,534,map50_95,0.558988197336189,0.5586033088743743,True
S2,action300,535,map50_95,0.5553007266061504,0.5586033088743743,True
S2,action300,536,map50_95,0.5558225214432655,0.5586033088743743,True
S2,action300,537,map50_95,0.564661480880337,0.5586033088743743,True
S2,action300,538,map50_95,0.5767747517960478,0.5586033088743743,True
S2,action300,539,map50_95,0.5485497414788973,0.5586033088743743,True
S2,action300,540,map50_95,0.5622148858616389,0.5586033088743743,True
S2,action300,541,map50_95,0.5519390107894973,0.5586033088743743,True
S2,action300,542,map50_95,0.5526071573383669,0.5586033088743743,True
S2,action300,543,map50_95,0.5674846231070043,0.5586033088743743,True
S2,action300,544,map50_95,0.5663976475755255,0.5586033088743743,True
S2,action300,545,map50_95,0.553929646939957,0.5586033088743743,True
S2,action300,546,map50_95,0.5661771515822882,0.5586033088743743,True
S2,action300,547,map50_95,0.550934422876921,0.5586033088743743,True
S2,action300,548,map50_95,0.5659783449238133,0.5586033088743743,True
S2,action300,549,map50_95,0.5659244569847177,0.5586033088743743,True
S2,action300,550,map50_95,0.567648906490129,0.5586033088743743,True
S2,action300,551,map50_95,0.554328521784424,0.5586033088743743,True
S2,action300,552,map50_95,0.5495151688285349,0.5586033088743743,True
S2,action300,553,map50_95,0.5587574899808416,0.5586033088743743,True
S2,action300,554,map50_95,0.5545513578994825,0.5586033088743743,True
S2,action300,555,map50_95,0.5526028510920424,0.5586033088743743,True
S2,action300,556,map50_95,0.5658243848089709,0.5586033088743743,True
S2,action300,557,map50_95,0.5586488599097037,0.5586033088743743,True
S2,action300,558,map50_95,0.577812812423969,0.5586033088743743,True
S2,action300,559,map50_95,0.5757608391682282,0.5586033088743743,True
S2,action300,560,map50_95,0.5599183774396475,0.5586033088743743,True
S2,action300,561,map50_95,0.5608604982230064,0.5586033088743743,True
S2,action300,562,map50_95,0.579051880995509,0.5586033088743743,True
S2,action300,563,map50_95,0.557095854172312,0.5586033088743743,True
S2,action300,564,map50_95,0.564059767675834,0.5586033088743743,True
S2,action300,565,map50_95,0.5641443978812858,0.5586033088743743,True
S2,action300,566,map50_95,0.5666111126751876,0.5586033088743743,True
S2,action300,567,map50_95,0.5449974814455874,0.5586033088743743,True
S2,action300,568,map50_95,0.5557801947378243,0.5586033088743743,True
S2,action300,569,map50_95,0.5704940209585123,0.5586033088743743,True
S2,action300,570,map50_95,0.5529024162956484,0.5586033088743743,True
S2,action300,571,map50_95,0.5663594330183626,0.5586033088743743,True
S2,action300,572,map50_95,0.5409363916123934,0.5586033088743743,True
S2,action300,573,map50_95,0.5500152806965156,0.5586033088743743,True
S2,action300,574,map50_95,0.5514485964189362,0.5586033088743743,True
S2,action300,575,map50_95,0.5541805779592645,0.5586033088743743,True
S2,action300,576,map50_95,0.5630696092131718,0.5586033088743743,True
S2,action300,577,map50_95,0.5696214681137388,0.5586033088743743,True
S2,action300,578,map50_95,0.5689425767713632,0.5586033088743743,True
S2,action300,579,map50_95,0.5545483016166948,0.5586033088743743,True
S2,action300,580,map50_95,0.5628688830737067,0.5586033088743743,True
S2,action300,581,map50_95,0.5452208340740899,0.5586033088743743,True
S2,action300,582,map50_95,0.55525881399281,0.5586033088743743,True
S2,action300,583,map50_95,0.5610068530074634,0.5586033088743743,True
S2,action300,584,map50_95,0.5681014538780162,0.5586033088743743,True
S2,action300,585,map50_95,0.549347568948718,0.5586033088743743,True
S2,action300,586,map50_95,0.5538404495123253,0.5586033088743743,True
S2,action300,587,map50_95,0.5609927394289157,0.5586033088743743,True
S2,action300,588,map50_95,0.556808918727993,0.5586033088743743,True
S2,action300,589,map50_95,0.5815859939059442,0.5586033088743743,True
S2,action300,590,map50_95,0.5566176201614413,0.5586033088743743,True
S2,action300,591,map50_95,0.5631152779806996,0.5586033088743743,True
S2,action300,592,map50_95,0.5644105706183102,0.5586033088743743,True
S2,action300,593,map50_95,0.5629354972037869,0.5586033088743743,True
S2,action300,594,map50_95,0.556272187102379,0.5586033088743743,True
S2,action300,595,map50_95,0.5538038938698211,0.5586033088743743,True
S2,action300,596,map50_95,0.5434288942088196,0.5586033088743743,True
S2,action300,597,map50_95,0.5653210643773237,0.5586033088743743,True
S2,action300,598,map50_95,0.5638726815487094,0.5586033088743743,True
S2,action300,599,map50_95,0.5663556709704767,0.5586033088743743,True
S2,action300,600,map50_95,0.5669933149050336,0.5586033088743743,True
S2,action300,601,map50_95,0.5624899366889751,0.5586033088743743,True
S2,action300,602,map50_95,0.5575494462641284,0.5586033088743743,True
S2,action300,603,map50_95,0.5780769358183617,0.5586033088743743,True
S2,action300,604,map50_95,0.5666198260632009,0.5586033088743743,True
S2,action300,605,map50_95,0.5620533242541248,0.5586033088743743,True
S2,action300,606,map50_95,0.5754635130431635,0.5586033088743743,True
S2,action300,607,map50_95,0.545723897419316,0.5586033088743743,True
S2,action300,608,map50_95,0.5564677918142739,0.5586033088743743,True
S2,action300,609,map50_95,0.5605072577409008,0.5586033088743743,True
S2,action300,610,map50_95,0.5560182882975345,0.5586033088743743,True
S2,action300,611,map50_95,0.5588823632199504,0.5586033088743743,True
S2,action300,612,map50_95,0.5617715495814073,0.5586033088743743,True
S2,action300,613,map50_95,0.5629470010262895,0.5586033088743743,True
S2,action300,614,map50_95,0.5418752970427213,0.5586033088743743,True
S2,action300,615,map50_95,0.5620224587108174,0.5586033088743743,True
S2,action300,616,map50_95,0.558587035299845,0.5586033088743743,True
S2,action300,617,map50_95,0.5767482029584291,0.5586033088743743,True
S2,action300,618,map50_95,0.5623462515503909,0.5586033088743743,True
S2,action300,619,map50_95,0.5451011147309981,0.5586033088743743,True
S2,action300,620,map50_95,0.5656366383659687,0.5586033088743743,True
S2,action300,621,map50_95,0.5730641264329537,0.5586033088743743,True
S2,action300,622,map50_95,0.5596501419615708,0.5586033088743743,True
S2,action300,623,map50_95,0.5696595227650229,0.5586033088743743,True
S2,action300,624,map50_95,0.5659309677940294,0.5586033088743743,True
S2,action300,625,map50_95,0.5471895308397804,0.5586033088743743,True
S2,action300,626,map50_95,0.5680891260744737,0.5586033088743743,True
S2,action300,627,map50_95,0.5718613211432552,0.5586033088743743,True
S2,action300,628,map50_95,0.555363608314165,0.5586033088743743,True
S2,action300,629,map50_95,0.5758463556180166,0.5586033088743743,True
S2,action300,630,map50_95,0.5712870096163434,0.5586033088743743,True
S2,action300,631,map50_95,0.5465477547298098,0.5586033088743743,True
S2,action300,632,map50_95,0.5737453792048688,0.5586033088743743,True
S2,action300,633,map50_95,0.5607785819495321,0.5586033088743743,True
S2,action300,634,map50_95,0.5701193277897025,0.5586033088743743,True
S2,action300,635,map50_95,0.5592560314320627,0.5586033088743743,True
S2,action300,636,map50_95,0.5706650610519608,0.5586033088743743,True
S2,action300,637,map50_95,0.5522050735066071,0.5586033088743743,True
S2,action300,638,map50_95,0.5698450828385786,0.5586033088743743,True
S2,action300,639,map50_95,0.5539502615352614,0.5586033088743743,True
S2,action300,640,map50_95,0.5586593962242784,0.5586033088743743,True
S2,action300,641,map50_95,0.5551742848529037,0.5586033088743743,True
S2,action300,642,map50_95,0.5577153077111947,0.5586033088743743,True
S2,action300,643,map50_95,0.5637135788061685,0.5586033088743743,True
S2,action300,644,map50_95,0.5519698831880911,0.5586033088743743,True
S2,action300,645,map50_95,0.563701808035937,0.5586033088743743,True
S2,action300,646,map50_95,0.5596500912037414,0.5586033088743743,True
S2,action300,647,map50_95,0.5639430836480066,0.5586033088743743,True
S2,action300,648,map50_95,0.5607219586087857,0.5586033088743743,True
S2,action300,649,map50_95,0.5762372121050219,0.5586033088743743,True
S2,action300,650,map50_95,0.558737599640831,0.5586033088743743,True
S2,action300,651,map50_95,0.5697831750369705,0.5586033088743743,True
S2,action300,652,map50_95,0.5626747812721867,0.5586033088743743,True
S2,action300,653,map50_95,0.546164137186905,0.5586033088743743,True
S2,action300,654,map50_95,0.5575059830277465,0.5586033088743743,True
S2,action300,655,map50_95,0.5517931849520576,0.5586033088743743,True
S2,action300,656,map50_95,0.5371523841314549,0.5586033088743743,True
S2,action300,657,map50_95,0.5659180571035429,0.5586033088743743,True
S2,action300,658,map50_95,0.5524241400905028,0.5586033088743743,True
S2,action300,659,map50_95,0.5520884108929456,0.5586033088743743,True
S2,action300,660,map50_95,0.5593133172259637,0.5586033088743743,True
S2,action300,661,map50_95,0.5453546183219187,0.5586033088743743,True
S2,action300,662,map50_95,0.551178836290505,0.5586033088743743,True
S2,action300,663,map50_95,0.5633586642654469,0.5586033088743743,True
S2,action300,664,map50_95,0.5661041695053711,0.5586033088743743,True
S2,action300,665,map50_95,0.5485765593094865,0.5586033088743743,True
S2,action300,666,map50_95,0.5580523130146857,0.5586033088743743,True
S2,action300,667,map50_95,0.5562796421984924,0.5586033088743743,True
S2,action300,668,map50_95,0.5476626191219937,0.5586033088743743,True
S2,action300,669,map50_95,0.5688449776338393,0.5586033088743743,True
S2,action300,670,map50_95,0.5667077147200161,0.5586033088743743,True
S2,action300,671,map50_95,0.5623058947106664,0.5586033088743743,True
S2,action300,672,map50_95,0.5630652697956222,0.5586033088743743,True
S2,action300,673,map50_95,0.5667043017173328,0.5586033088743743,True
S2,action300,674,map50_95,0.5582596756696933,0.5586033088743743,True
S2,action300,675,map50_95,0.5588736933307881,0.5586033088743743,True
S2,action300,676,map50_95,0.5587355214993321,0.5586033088743743,True
S2,action300,677,map50_95,0.5660160514710572,0.5586033088743743,True
S2,action300,678,map50_95,0.5752301335235949,0.5586033088743743,True
S2,action300,679,map50_95,0.5509491857305472,0.5586033088743743,True
S2,action300,680,map50_95,0.5724150555700929,0.5586033088743743,True
S2,action300,681,map50_95,0.5555525631357399,0.5586033088743743,True
S2,action300,682,map50_95,0.5665185424566413,0.5586033088743743,True
S2,action300,683,map50_95,0.5566131769378474,0.5586033088743743,True
S2,action300,684,map50_95,0.5486893991823749,0.5586033088743743,True
S2,action300,685,map50_95,0.5479061382206227,0.5586033088743743,True
S2,action300,686,map50_95,0.576447025962284,0.5586033088743743,True
S2,action300,687,map50_95,0.5624600052183477,0.5586033088743743,True
S2,action300,688,map50_95,0.5526257689598763,0.5586033088743743,True
S2,action300,689,map50_95,0.5376150442811172,0.5586033088743743,True
S2,action300,690,map50_95,0.5706010025745755,0.5586033088743743,True
S2,action300,691,map50_95,0.5531829100586245,0.5586033088743743,True
S2,action300,692,map50_95,0.5564640491421797,0.5586033088743743,True
S2,action300,693,map50_95,0.5646665427983535,0.5586033088743743,True
S2,action300,694,map50_95,0.5556137209557903,0.5586033088743743,True
S2,action300,695,map50_95,0.5656905581832421,0.5586033088743743,True
S2,action300,696,map50_95,0.5583781318787603,0.5586033088743743,True
S2,action300,697,map50_95,0.5501523168832575,0.5586033088743743,True
S2,action300,698,map50_95,0.5587366547701537,0.5586033088743743,True
S2,action300,699,map50_95,0.556586775070477,0.5586033088743743,True
S2,action300,700,map50_95,0.5610098775620651,0.5586033088743743,True
S2,action300,701,map50_95,0.5388586695213708,0.5586033088743743,True
S2,action300,702,map50_95,0.554792697467268,0.5586033088743743,True
S2,action300,703,map50_95,0.5376609699852931,0.5586033088743743,True
S2,action300,704,map50_95,0.5671733885616738,0.5586033088743743,True
S2,action300,705,map50_95,0.546369423806386,0.5586033088743743,True
S2,action300,706,map50_95,0.5594526784678349,0.5586033088743743,True
S2,action300,707,map50_95,0.5589852004999689,0.5586033088743743,True
S2,action300,708,map50_95,0.5504138518043464,0.5586033088743743,True
S2,action300,709,map50_95,0.5591810575495347,0.5586033088743743,True
S2,action300,710,map50_95,0.5536604542846355,0.5586033088743743,True
S2,action300,711,map50_95,0.5497442823570579,0.5586033088743743,True
S2,action300,712,map50_95,0.5537961876869114,0.5586033088743743,True
S2,action300,713,map50_95,0.5600136255660201,0.5586033088743743,True
S2,action300,714,map50_95,0.535191801717922,0.5586033088743743,True
S2,action300,715,map50_95,0.5581575241751286,0.5586033088743743,True
S2,action300,716,map50_95,0.5435551462587807,0.5586033088743743,True
S2,action300,717,map50_95,0.5750892481975107,0.5586033088743743,True
S2,action300,718,map50_95,0.5458289333666638,0.5586033088743743,True
S2,action300,719,map50_95,0.5695205214814659,0.5586033088743743,True
S2,action300,720,map50_95,0.5654012711914322,0.5586033088743743,True
S2,action300,721,map50_95,0.5765939079211101,0.5586033088743743,True
S2,action300,722,map50_95,0.5592670034501634,0.5586033088743743,True
S2,action300,723,map50_95,0.5549591928028208,0.5586033088743743,True
S2,action300,724,map50_95,0.5633768913428566,0.5586033088743743,True
S2,action300,725,map50_95,0.5570248673741707,0.5586033088743743,True
S2,action300,726,map50_95,0.559112674090737,0.5586033088743743,True
S2,action300,727,map50_95,0.5581484152543955,0.5586033088743743,True
S2,action300,728,map50_95,0.5628100603175162,0.5586033088743743,True
S2,action300,729,map50_95,0.5478196393653779,0.5586033088743743,True
S2,action300,730,map50_95,0.5552447209853149,0.5586033088743743,True
S2,action300,731,map50_95,0.5547177391425792,0.5586033088743743,True
S2,action300,732,map50_95,0.5632413948774884,0.5586033088743743,True
S2,action300,733,map50_95,0.5526158578457223,0.5586033088743743,True
S2,action300,734,map50_95,0.5595099917667056,0.5586033088743743,True
S2,action300,735,map50_95,0.5584525457202653,0.5586033088743743,True
S2,action300,736,map50_95,0.5640099630794663,0.5586033088743743,True
S2,action300,737,map50_95,0.554816185574677,0.5586033088743743,True
S2,action300,738,map50_95,0.5682854708079811,0.5586033088743743,True
S2,action300,739,map50_95,0.5678837763144886,0.5586033088743743,True
S2,action300,740,map50_95,0.5654309971531379,0.5586033088743743,True
S2,action300,741,map50_95,0.5691365396046172,0.5586033088743743,True
S2,action300,742,map50_95,0.5614264757181658,0.5586033088743743,True
S2,action300,743,map50_95,0.566856344232042,0.5586033088743743,True
S2,action300,744,map50_95,0.5578720498616475,0.5586033088743743,True
S2,action300,745,map50_95,0.552466445981197,0.5586033088743743,True
S2,action300,746,map50_95,0.5518066068165534,0.5586033088743743,True
S2,action300,747,map50_95,0.5562420021921111,0.5586033088743743,True
S2,action300,748,map50_95,0.5575023529332389,0.5586033088743743,True
S2,action300,749,map50_95,0.5552600839383282,0.5586033088743743,True
S2,action300,750,map50_95,0.5506074721187307,0.5586033088743743,True
S2,action300,751,map50_95,0.5617870454283571,0.5586033088743743,True
S2,action300,752,map50_95,0.553461509961014,0.5586033088743743,True
S2,action300,753,map50_95,0.5658228694785855,0.5586033088743743,True
S2,action300,754,map50_95,0.5661580918509264,0.5586033088743743,True
S2,action300,755,map50_95,0.5491503350717453,0.5586033088743743,True
S2,action300,756,map50_95,0.5802181904741259,0.5586033088743743,True
S2,action300,757,map50_95,0.5713181048665884,0.5586033088743743,True
S2,action300,758,map50_95,0.5705797989318633,0.5586033088743743,True
S2,action300,759,map50_95,0.5667341348574764,0.5586033088743743,True
S2,action300,760,map50_95,0.5527597022764126,0.5586033088743743,True
S2,action300,761,map50_95,0.5527602941395066,0.5586033088743743,True
S2,action300,762,map50_95,0.5345103830310427,0.5586033088743743,True
S2,action300,763,map50_95,0.5575345363476775,0.5586033088743743,True
S2,action300,764,map50_95,0.5667093038044009,0.5586033088743743,True
S2,action300,765,map50_95,0.5642223187136857,0.5586033088743743,True
S2,action300,766,map50_95,0.576261480747192,0.5586033088743743,True
S2,action300,767,map50_95,0.5494377633636761,0.5586033088743743,True
S2,action300,768,map50_95,0.544037102475374,0.5586033088743743,True
S2,action300,769,map50_95,0.573089669090445,0.5586033088743743,True
S2,action300,770,map50_95,0.5459931006455141,0.5586033088743743,True
S2,action300,771,map50_95,0.5693638625828724,0.5586033088743743,True
S2,action300,772,map50_95,0.5665740703315518,0.5586033088743743,True
S2,action300,773,map50_95,0.5447245522421761,0.5586033088743743,True
S2,action300,774,map50_95,0.5609580993646655,0.5586033088743743,True
S2,action300,775,map50_95,0.5653505592220076,0.5586033088743743,True
S2,action300,776,map50_95,0.5599200663367223,0.5586033088743743,True
S2,action300,777,map50_95,0.5715143067915244,0.5586033088743743,True
S2,action300,778,map50_95,0.5544239443536783,0.5586033088743743,True
S2,action300,779,map50_95,0.5638135838491433,0.5586033088743743,True
S2,action300,780,map50_95,0.5610768870676245,0.5586033088743743,True
S2,action300,781,map50_95,0.5463017865066044,0.5586033088743743,True
S2,action300,782,map50_95,0.5491019221354694,0.5586033088743743,True
S2,action300,783,map50_95,0.5457566334882434,0.5586033088743743,True
S2,action300,784,map50_95,0.5680110841793234,0.5586033088743743,True
S2,action300,785,map50_95,0.5494802846286743,0.5586033088743743,True
S2,action300,786,map50_95,0.5573987812590271,0.5586033088743743,True
S2,action300,787,map50_95,0.5566831954816388,0.5586033088743743,True
S2,action300,788,map50_95,0.5683467250015932,0.5586033088743743,True
S2,action300,789,map50_95,0.5455937522178402,0.5586033088743743,True
S2,action300,790,map50_95,0.5618839529523653,0.5586033088743743,True
S2,action300,791,map50_95,0.5567893460805949,0.5586033088743743,True
S2,action300,792,map50_95,0.5653752248609656,0.5586033088743743,True
S2,action300,793,map50_95,0.5525441293696983,0.5586033088743743,True
S2,action300,794,map50_95,0.5713204048285574,0.5586033088743743,True
S2,action300,795,map50_95,0.5492909824359571,0.5586033088743743,True
S2,action300,796,map50_95,0.5586551493011941,0.5586033088743743,True
S2,action300,797,map50_95,0.5677129157544427,0.5586033088743743,True
S2,action300,798,map50_95,0.5733953419939416,0.5586033088743743,True
S2,action300,799,map50_95,0.5493079911680256,0.5586033088743743,True
S2,action300,800,map50_95,0.5837671425998682,0.5586033088743743,True
S2,action300,801,map50_95,0.5422547606583145,0.5586033088743743,True
S2,action300,802,map50_95,0.5641554950393645,0.5586033088743743,True
S2,action300,803,map50_95,0.5596415429705435,0.5586033088743743,True
S2,action300,804,map50_95,0.5722620019721562,0.5586033088743743,True
S2,action300,805,map50_95,0.5811500785423428,0.5586033088743743,True
S2,action300,806,map50_95,0.5595813946991905,0.5586033088743743,True
S2,action300,807,map50_95,0.5418489470259945,0.5586033088743743,True
S2,action300,808,map50_95,0.5592250632952659,0.5586033088743743,True
S2,action300,809,map50_95,0.5673328940073271,0.5586033088743743,True
S2,action300,810,map50_95,0.5666360091543992,0.5586033088743743,True
S2,action300,811,map50_95,0.5492552484478658,0.5586033088743743,True
S2,action300,812,map50_95,0.5716717105815365,0.5586033088743743,True
S2,action300,813,map50_95,0.5703156758817975,0.5586033088743743,True
S2,action300,814,map50_95,0.5603977131363539,0.5586033088743743,True
S2,action300,815,map50_95,0.5513330642992289,0.5586033088743743,True
S2,action300,816,map50_95,0.5515911777319551,0.5586033088743743,True
S2,action300,817,map50_95,0.5630960584562298,0.5586033088743743,True
S2,action300,818,map50_95,0.5569492875256271,0.5586033088743743,True
S2,action300,819,map50_95,0.570622880925267,0.5586033088743743,True
S2,action300,820,map50_95,0.5632083328410645,0.5586033088743743,True
S2,action300,821,map50_95,0.5677739458568465,0.5586033088743743,True
S2,action300,822,map50_95,0.5632753132147037,0.5586033088743743,True
S2,action300,823,map50_95,0.5611245316228817,0.5586033088743743,True
S2,action300,824,map50_95,0.567949954721191,0.5586033088743743,True
S2,action300,825,map50_95,0.5537660037813202,0.5586033088743743,True
S2,action300,826,map50_95,0.5544240311068708,0.5586033088743743,True
S2,action300,827,map50_95,0.5725093436135973,0.5586033088743743,True
S2,action300,828,map50_95,0.5434803692196126,0.5586033088743743,True
S2,action300,829,map50_95,0.5657491860659987,0.5586033088743743,True
S2,action300,830,map50_95,0.5625713523818269,0.5586033088743743,True
S2,action300,831,map50_95,0.5717321774659847,0.5586033088743743,True
S2,action300,832,map50_95,0.5630956291455151,0.5586033088743743,True
S2,action300,833,map50_95,0.5632569705064415,0.5586033088743743,True
S2,action300,834,map50_95,0.5510202615052545,0.5586033088743743,True
S2,action300,835,map50_95,0.5649719429373938,0.5586033088743743,True
S2,action300,836,map50_95,0.5559833967551183,0.5586033088743743,True
S2,action300,837,map50_95,0.5500106942274378,0.5586033088743743,True
S2,action300,838,map50_95,0.5379177892787896,0.5586033088743743,True
S2,action300,839,map50_95,0.5658126816165694,0.5586033088743743,True
S2,action300,840,map50_95,0.5666515145998999,0.5586033088743743,True
S2,action300,841,map50_95,0.551749988892219,0.5586033088743743,True
S2,action300,842,map50_95,0.5525923408127478,0.5586033088743743,True
S2,action300,843,map50_95,0.5532823324814256,0.5586033088743743,True
S2,action300,844,map50_95,0.5678912181515202,0.5586033088743743,True
S2,action300,845,map50_95,0.5447113909193163,0.5586033088743743,True
S2,action300,846,map50_95,0.5600875514032416,0.5586033088743743,True
S2,action300,847,map50_95,0.5556709879990337,0.5586033088743743,True
S2,action300,848,map50_95,0.5444040334435203,0.5586033088743743,True
S2,action300,849,map50_95,0.5560558385087119,0.5586033088743743,True
S2,action300,850,map50_95,0.5364096438567708,0.5586033088743743,True
S2,action300,851,map50_95,0.5511327011672573,0.5586033088743743,True
S2,action300,852,map50_95,0.5695530994309462,0.5586033088743743,True
S2,action300,853,map50_95,0.5487096976371775,0.5586033088743743,True
S2,action300,854,map50_95,0.5460202452850574,0.5586033088743743,True
S2,action300,855,map50_95,0.5457513723650388,0.5586033088743743,True
S2,action300,856,map50_95,0.5597799439445037,0.5586033088743743,True
S2,action300,857,map50_95,0.5568612377982552,0.5586033088743743,True
S2,action300,858,map50_95,0.570389204279467,0.5586033088743743,True
S2,action300,859,map50_95,0.5632483147928012,0.5586033088743743,True
S2,action300,860,map50_95,0.561302026172742,0.5586033088743743,True
S2,action300,861,map50_95,0.5609158840805204,0.5586033088743743,True
S2,action300,862,map50_95,0.561123837876067,0.5586033088743743,True
S2,action300,863,map50_95,0.5570981544453225,0.5586033088743743,True
S2,action300,864,map50_95,0.5655609892461404,0.5586033088743743,True
S2,action300,865,map50_95,0.566884318771074,0.5586033088743743,True
S2,action300,866,map50_95,0.5452715779358538,0.5586033088743743,True
S2,action300,867,map50_95,0.5664873876741372,0.5586033088743743,True
S2,action300,868,map50_95,0.5497080625088592,0.5586033088743743,True
S2,action300,869,map50_95,0.5527208501907062,0.5586033088743743,True
S2,action300,870,map50_95,0.5529908741691736,0.5586033088743743,True
S2,action300,871,map50_95,0.5512845491739641,0.5586033088743743,True
S2,action300,872,map50_95,0.551114449079055,0.5586033088743743,True
S2,action300,873,map50_95,0.5525016204685699,0.5586033088743743,True
S2,action300,874,map50_95,0.556650387050478,0.5586033088743743,True
S2,action300,875,map50_95,0.5642894651147656,0.5586033088743743,True
S2,action300,876,map50_95,0.5551651447351086,0.5586033088743743,True
S2,action300,877,map50_95,0.5734857717945863,0.5586033088743743,True
S2,action300,878,map50_95,0.5728541427974151,0.5586033088743743,True
S2,action300,879,map50_95,0.5440917742619477,0.5586033088743743,True
S2,action300,880,map50_95,0.5585774551389175,0.5586033088743743,True
S2,action300,881,map50_95,0.5565378741682522,0.5586033088743743,True
S2,action300,882,map50_95,0.5660141180098079,0.5586033088743743,True
S2,action300,883,map50_95,0.5498495784550506,0.5586033088743743,True
S2,action300,884,map50_95,0.5507039270301314,0.5586033088743743,True
S2,action300,885,map50_95,0.5529393501834913,0.5586033088743743,True
S2,action300,886,map50_95,0.5666064092908145,0.5586033088743743,True
S2,action300,887,map50_95,0.5673478382030084,0.5586033088743743,True
S2,action300,888,map50_95,0.5690229929165554,0.5586033088743743,True
S2,action300,889,map50_95,0.56657149757415,0.5586033088743743,True
S2,action300,890,map50_95,0.548448977199495,0.5586033088743743,True
S2,action300,891,map50_95,0.5632117376415352,0.5586033088743743,True
S2,action300,892,map50_95,0.5682764918005307,0.5586033088743743,True
S2,action300,893,map50_95,0.5611260175000773,0.5586033088743743,True
S2,action300,894,map50_95,0.5459861121431215,0.5586033088743743,True
S2,action300,895,map50_95,0.5614205346460893,0.5586033088743743,True
S2,action300,896,map50_95,0.5618926639097792,0.5586033088743743,True
S2,action300,897,map50_95,0.5598610082797195,0.5586033088743743,True
S2,action300,898,map50_95,0.5644501224402002,0.5586033088743743,True
S2,action300,899,map50_95,0.5432657174410568,0.5586033088743743,True
S2,action300,900,map50_95,0.5654310908468101,0.5586033088743743,True
S2,action300,901,map50_95,0.5520265614416651,0.5586033088743743,True
S2,action300,902,map50_95,0.5455690488938058,0.5586033088743743,True
S2,action300,903,map50_95,0.5502562794283016,0.5586033088743743,True
S2,action300,904,map50_95,0.5475156348937522,0.5586033088743743,True
S2,action300,905,map50_95,0.5522144299400399,0.5586033088743743,True
S2,action300,906,map50_95,0.5769768443389085,0.5586033088743743,True
S2,action300,907,map50_95,0.5525359902776181,0.5586033088743743,True
S2,action300,908,map50_95,0.5597151536625866,0.5586033088743743,True
S2,action300,909,map50_95,0.5510582986594643,0.5586033088743743,True
S2,action300,910,map50_95,0.5534676762788644,0.5586033088743743,True
S2,action300,911,map50_95,0.563072857709315,0.5586033088743743,True
S2,action300,912,map50_95,0.5681557063247785,0.5586033088743743,True
S2,action300,913,map50_95,0.5473881222305584,0.5586033088743743,True
S2,action300,914,map50_95,0.5641943769134019,0.5586033088743743,True
S2,action300,915,map50_95,0.5758911944055332,0.5586033088743743,True
S2,action300,916,map50_95,0.552339376330832,0.5586033088743743,True
S2,action300,917,map50_95,0.5460206440237104,0.5586033088743743,True
S2,action300,918,map50_95,0.5421739967204321,0.5586033088743743,True
S2,action300,919,map50_95,0.5565019813365542,0.5586033088743743,True
S2,action300,920,map50_95,0.5489832425079586,0.5586033088743743,True
S2,action300,921,map50_95,0.555684602409967,0.5586033088743743,True
S2,action300,922,map50_95,0.5451600748296968,0.5586033088743743,True
S2,action300,923,map50_95,0.5727254341153087,0.5586033088743743,True
S2,action300,924,map50_95,0.5630727240913396,0.5586033088743743,True
S2,action300,925,map50_95,0.5542329210531568,0.5586033088743743,True
S2,action300,926,map50_95,0.5549193056846988,0.5586033088743743,True
S2,action300,927,map50_95,0.5565272858515911,0.5586033088743743,True
S2,action300,928,map50_95,0.5659414775024528,0.5586033088743743,True
S2,action300,929,map50_95,0.55554987050248,0.5586033088743743,True
S2,action300,930,map50_95,0.5630052936142446,0.5586033088743743,True
S2,action300,931,map50_95,0.5572219779803658,0.5586033088743743,True
S2,action300,932,map50_95,0.5633345378854194,0.5586033088743743,True
S2,action300,933,map50_95,0.5677146692986365,0.5586033088743743,True
S2,action300,934,map50_95,0.5594223911170816,0.5586033088743743,True
S2,action300,935,map50_95,0.5550698807324891,0.5586033088743743,True
S2,action300,936,map50_95,0.5724605201773078,0.5586033088743743,True
S2,action300,937,map50_95,0.5573977708599595,0.5586033088743743,True
S2,action300,938,map50_95,0.5663720337745266,0.5586033088743743,True
S2,action300,939,map50_95,0.5644374188286069,0.5586033088743743,True
S2,action300,940,map50_95,0.5407434127812133,0.5586033088743743,True
S2,action300,941,map50_95,0.5558711317971049,0.5586033088743743,True
S2,action300,942,map50_95,0.5847277039814006,0.5586033088743743,True
S2,action300,943,map50_95,0.554521958890413,0.5586033088743743,True
S2,action300,944,map50_95,0.5529969219967641,0.5586033088743743,True
S2,action300,945,map50_95,0.5473933595776869,0.5586033088743743,True
S2,action300,946,map50_95,0.5581235869971368,0.5586033088743743,True
S2,action300,947,map50_95,0.5661829098317334,0.5586033088743743,True
S2,action300,948,map50_95,0.556412844072614,0.5586033088743743,True
S2,action300,949,map50_95,0.5637805422434264,0.5586033088743743,True
S2,action300,950,map50_95,0.5851919817030679,0.5586033088743743,True
S2,action300,951,map50_95,0.5519203603376244,0.5586033088743743,True
S2,action300,952,map50_95,0.5728143722749692,0.5586033088743743,True
S2,action300,953,map50_95,0.5497507062873442,0.5586033088743743,True
S2,action300,954,map50_95,0.5531037203228404,0.5586033088743743,True
S2,action300,955,map50_95,0.5498540569510342,0.5586033088743743,True
S2,action300,956,map50_95,0.5577708640759114,0.5586033088743743,True
S2,action300,957,map50_95,0.5520104179681505,0.5586033088743743,True
S2,action300,958,map50_95,0.5665889004803771,0.5586033088743743,True
S2,action300,959,map50_95,0.5466737665429771,0.5586033088743743,True
S2,action300,960,map50_95,0.5536353640759887,0.5586033088743743,True
S2,action300,961,map50_95,0.5621512253188857,0.5586033088743743,True
S2,action300,962,map50_95,0.5518477057396484,0.5586033088743743,True
S2,action300,963,map50_95,0.5539471976994915,0.5586033088743743,True
S2,action300,964,map50_95,0.5585081087196125,0.5586033088743743,True
S2,action300,965,map50_95,0.5477354590442077,0.5586033088743743,True
S2,action300,966,map50_95,0.5602597784142183,0.5586033088743743,True
S2,action300,967,map50_95,0.5522496338290956,0.5586033088743743,True
S2,action300,968,map50_95,0.5682285064527056,0.5586033088743743,True
S2,action300,969,map50_95,0.5523462611383763,0.5586033088743743,True
S2,action300,970,map50_95,0.5605012198977142,0.5586033088743743,True
S2,action300,971,map50_95,0.5594359936491464,0.5586033088743743,True
S2,action300,972,map50_95,0.5761568104824666,0.5586033088743743,True
S2,action300,973,map50_95,0.5530261040719411,0.5586033088743743,True
S2,action300,974,map50_95,0.5570155298052291,0.5586033088743743,True
S2,action300,975,map50_95,0.5579997467565538,0.5586033088743743,True
S2,action300,976,map50_95,0.5577020158845127,0.5586033088743743,True
S2,action300,977,map50_95,0.5539999945344884,0.5586033088743743,True
S2,action300,978,map50_95,0.5717838554460901,0.5586033088743743,True
S2,action300,979,map50_95,0.5501702622687489,0.5586033088743743,True
S2,action300,980,map50_95,0.5630454969313433,0.5586033088743743,True
S2,action300,981,map50_95,0.5509543657557776,0.5586033088743743,True
S2,action300,982,map50_95,0.551512223442467,0.5586033088743743,True
S2,action300,983,map50_95,0.5483428657562193,0.5586033088743743,True
S2,action300,984,map50_95,0.5634291069072682,0.5586033088743743,True
S2,action300,985,map50_95,0.5657582615497521,0.5586033088743743,True
S2,action300,986,map50_95,0.5692303696623691,0.5586033088743743,True
S2,action300,987,map50_95,0.5643968428543537,0.5586033088743743,True
S2,action300,988,map50_95,0.5519937807273066,0.5586033088743743,True
S2,action300,989,map50_95,0.5750239139251124,0.5586033088743743,True
S2,action300,990,map50_95,0.5521604119844861,0.5586033088743743,True
S2,action300,991,map50_95,0.5386558476131388,0.5586033088743743,True
S2,action300,992,map50_95,0.5724879538016128,0.5586033088743743,True
S2,action300,993,map50_95,0.5519037736425225,0.5586033088743743,True
S2,action300,994,map50_95,0.5518095694053406,0.5586033088743743,True
S2,action300,995,map50_95,0.5727156478073813,0.5586033088743743,True
S2,action300,996,map50_95,0.5634484806480581,0.5586033088743743,True
S2,action300,997,map50_95,0.5612188711788354,0.5586033088743743,True
S2,action300,998,map50_95,0.5580064388351937,0.5586033088743743,True
S2,action300,999,map50_95,0.5589740078998789,0.5586033088743743,True
S2,action300,1000,map50_95,0.5565339797856692,0.5586033088743743,True
S3,action300,1,map50_95,0.3372643827932948,0.3364942292035649,True
S3,action300,2,map50_95,0.3922431480222917,0.38899024588458053,True
S3,action300,3,map50_95,0.43983075980333225,0.4289478557902155,True
S3,action300,4,map50_95,0.44716217216191145,0.4593617936528246,True
S3,action300,5,map50_95,0.46226433559152974,0.4825115170345576,True
S3,action300,6,map50_95,0.5133415634532235,0.5001320466440957,True
S3,action300,7,map50_95,0.5071734442447029,0.5135440023120242,True
S3,action300,8,map50_95,0.5278629047020482,0.5237525805343899,True
S3,action300,9,map50_95,0.547066884480479,0.531522891733029,True
S3,action300,10,map50_95,0.53021715278223,0.5374373035941654,True
S3,action300,11,map50_95,0.5465145531374445,0.5419390882420282,True
S3,action300,12,map50_95,0.5348785569655418,0.5453656445068873,True
S3,action300,13,map50_95,0.5603022723933585,0.5479737852232183,True
S3,action300,14,map50_95,0.5448092588230983,0.5499589847852232,True
S3,action300,15,map50_95,0.5627849758316602,0.5514700295215397,True
S3,action300,16,map50_95,0.5521077263379036,0.5526201689024107,True
S3,action300,17,map50_95,0.5527223402191782,0.5534956033376975,True
S3,action300,18,map50_95,0.55710308743213,0.5541619447074762,True
S3,action300,19,map50_95,0.5657138349621907,0.5546691338277363,True
S3,action300,20,map50_95,0.5573037819719784,0.5550551834043904,True
S3,action300,21,map50_95,0.5417936677271461,0.555349027001742,True
S3,action300,22,map50_95,0.5620302717904705,0.5555726875493143,True
S3,action300,23,map50_95,0.5409548987297321,0.5557429279118448,True
S3,action300,24,map50_95,0.5566686228084544,0.5558725072290246,True
S3,action300,25,map50_95,0.5788559610114452,0.5559711371848776,True
S3,action300,26,map50_95,0.5576778058132145,0.5560462098770579,True
S3,action300,27,map50_95,0.5604083813423303,0.5561033518382648,True
S3,action300,28,map50_95,0.5621266267593066,0.5561468457324591,True
S3,action300,29,map50_95,0.563315614197526,0.5561799513310811,True
S3,action300,30,map50_95,0.54010578513965,0.5562051498257301,True
S3,action300,31,map50_95,0.5575116745227571,0.5562243297880025,True
S3,action300,32,map50_95,0.5714672053892743,0.5562389287137676,True
S3,action300,33,map50_95,0.5732941591641585,0.556250040760312,True
S3,action300,34,map50_95,0.5604047788459958,0.556258498751016,True
S3,action300,35,map50_95,0.557576844681955,0.5562649365936276,True
S3,action300,36,map50_95,0.5596714346295687,0.5562698367902515,True
S3,action300,37,map50_95,0.5506227485291835,0.5562735665998169,True
S3,action300,38,map50_95,0.5655360309547894,0.5562764055633241,True
S3,action300,39,map50_95,0.5655801573887301,0.5562785664548267,True
S3,action300,40,map50_95,0.5708278206521743,0.5562802112283765,True
S3,action300,41,map50_95,0.5530942214102339,0.5562814631561233,True
S3,action300,42,map50_95,0.5466849317361161,0.5562824160672907,True
S3,action300,43,map50_95,0.559765232849578,0.556283141380469,True
S3,action300,44,map50_95,0.5559874121267245,0.5562836934562809,True
S3,action300,45,map50_95,0.5590668159598251,0.5562841136715911,True
S3,action300,46,map50_95,0.5799189612599569,0.5562844335206102,True
S3,action300,47,map50_95,0.5675019767148398,0.5562846769753167,True
S3,action300,48,map50_95,0.5537358117365923,0.5562848622821038,True
S3,action300,49,map50_95,0.5590458915798238,0.5562850033293067,True
S3,action300,50,map50_95,0.5593421112629164,0.556285110688102,True
S3,action300,51,map50_95,0.5591935790436415,0.5562851924047948,True
S3,action300,52,map50_95,0.5522286175455736,0.5562852546038708,True
S3,action300,53,map50_95,0.5654988567238649,0.5562853019470136,True
S3,action300,54,map50_95,0.5628080054934422,0.5562853379824874,True
S3,action300,55,map50_95,0.5264631520206495,0.5562853654110714,True
S3,action300,56,map50_95,0.5525261048539898,0.5562853862884775,True
S3,action300,57,map50_95,0.5663285090545644,0.5562854021794212,True
S3,action300,58,map50_95,0.5579867697387472,0.5562854142748939,True
S3,action300,59,map50_95,0.5606470560169109,0.5562854234814244,True
S3,action300,60,map50_95,0.5538828713397188,0.5562854304890218,True
S3,action300,61,map50_95,0.5612968061404823,0.5562854358228903,True
S3,action300,62,map50_95,0.5450341254278549,0.5562854398827913,True
S3,action300,63,map50_95,0.5636626508663815,0.5562854429730056,True
S3,action300,64,map50_95,0.5755421923734618,0.5562854453251379,True
S3,action300,65,map50_95,0.5405556314694087,0.5562854471154755,True
S3,action300,66,map50_95,0.5599795340562135,0.5562854484781999,True
S3,action300,67,map50_95,0.5583702665875945,0.5562854495154446,True
S3,action300,68,map50_95,0.5611580848596363,0.5562854503049486,True
S3,action300,69,map50_95,0.5692686523099617,0.5562854509058837,True
S3,action300,70,map50_95,0.557092648660931,0.5562854513632883,True
S3,action300,71,map50_95,0.5498607894219071,0.5562854517114443,True
S3,action300,72,map50_95,0.5397741563434209,0.556285451976445,True
S3,action300,73,map50_95,0.5666415860772496,0.5562854521781516,True
S3,action300,74,map50_95,0.5520442153678874,0.5562854523316816,True
S3,action300,75,map50_95,0.5714532168067924,0.5562854524485418,True
S3,action300,76,map50_95,0.5613822565651873,0.5562854525374904,True
S3,action300,77,map50_95,0.5473670424967111,0.5562854526051941,True
S3,action300,78,map50_95,0.5573798343606372,0.5562854526567272,True
S3,action300,79,map50_95,0.5692226383885354,0.5562854526959519,True
S3,action300,80,map50_95,0.5576223493566446,0.5562854527258079,True
S3,action300,81,map50_95,0.5657646795404258,0.556285452748533,True
S3,action300,82,map50_95,0.5644298827065763,0.5562854527658303,True
S3,action300,83,map50_95,0.5558625691349199,0.5562854527789962,True
S3,action300,84,map50_95,0.5551245092142407,0.5562854527890175,True
S3,action300,85,map50_95,0.5561520756706028,0.5562854527966453,True
S3,action300,86,map50_95,0.5624610254272995,0.5562854528024512,True
S3,action300,87,map50_95,0.5747751184357474,0.5562854528068705,True
S3,action300,88,map50_95,0.5561031611622539,0.5562854528102341,True
S3,action300,89,map50_95,0.5617615064192603,0.5562854528127944,True
S3,action300,90,map50_95,0.5543541947196065,0.5562854528147433,True
S3,action300,91,map50_95,0.5651984806819095,0.5562854528162265,True
S3,action300,92,map50_95,0.5529469417421513,0.5562854528173556,True
S3,action300,93,map50_95,0.548681536965213,0.556285452818215,True
S3,action300,94,map50_95,0.562022574132186,0.5562854528188691,True
S3,action300,95,map50_95,0.5629084772501213,0.556285452819367,True
S3,action300,96,map50_95,0.5498735929876091,0.556285452819746,True
S3,action300,97,map50_95,0.5596411271395182,0.5562854528200344,True
S3,action300,98,map50_95,0.5496837842599908,0.556285452820254,True
S3,action300,99,map50_95,0.5565267989525492,0.5562854528204211,True
S3,action300,100,map50_95,0.5557045770736864,0.5562854528205483,True
S3,action300,101,map50_95,0.5524138171296498,0.5562854528206451,True
S3,action300,102,map50_95,0.5709310921930028,0.5562854528207188,True
S3,action300,103,map50_95,0.5536409881074866,0.5562854528207749,True
S3,action300,104,map50_95,0.564735915117101,0.5562854528208175,True
S3,action300,105,map50_95,0.5486302094661952,0.5562854528208501,True
S3,action300,106,map50_95,0.5702076783535631,0.5562854528208748,True
S3,action300,107,map50_95,0.556585616232559,0.5562854528208937,True
S3,action300,108,map50_95,0.558279528976194,0.556285452820908,True
S3,action300,109,map50_95,0.5405753383636255,0.5562854528209189,True
S3,action300,110,map50_95,0.5713459002561748,0.5562854528209272,True
S3,action300,111,map50_95,0.5711611436526612,0.5562854528209336,True
S3,action300,112,map50_95,0.5634482174076758,0.5562854528209383,True
S3,action300,113,map50_95,0.5494026653292294,0.556285452820942,True
S3,action300,114,map50_95,0.5463329952553175,0.5562854528209448,True
S3,action300,115,map50_95,0.5394566768421114,0.5562854528209469,True
S3,action300,116,map50_95,0.5594485150588719,0.5562854528209485,True
S3,action300,117,map50_95,0.5507387482426216,0.5562854528209498,True
S3,action300,118,map50_95,0.555499783652824,0.5562854528209507,True
S3,action300,119,map50_95,0.5685923030091207,0.5562854528209514,True
S3,action300,120,map50_95,0.5578378414074169,0.5562854528209519,True
S3,action300,121,map50_95,0.5373687484329152,0.5562854528209523,True
S3,action300,122,map50_95,0.5608694626587952,0.5562854528209527,True
S3,action300,123,map50_95,0.5489577651291835,0.5562854528209529,True
S3,action300,124,map50_95,0.5588280166135364,0.5562854528209531,True
S3,action300,125,map50_95,0.5536991407243663,0.5562854528209532,True
S3,action300,126,map50_95,0.5530221891103493,0.5562854528209533,True
S3,action300,127,map50_95,0.5568442506434196,0.5562854528209534,True
S3,action300,128,map50_95,0.5528349155053447,0.5562854528209534,True
S3,action300,129,map50_95,0.5454574308742796,0.5562854528209535,True
S3,action300,130,map50_95,0.5512888249941055,0.5562854528209535,True
S3,action300,131,map50_95,0.5472177773713585,0.5562854528209535,True
S3,action300,132,map50_95,0.5593967743710466,0.5562854528209535,True
S3,action300,133,map50_95,0.5472973987294691,0.5562854528209537,True
S3,action300,134,map50_95,0.5614393585573194,0.5562854528209537,True
S3,action300,135,map50_95,0.5551316178953477,0.5562854528209537,True
S3,action300,136,map50_95,0.5530301775722839,0.5562854528209537,True
S3,action300,137,map50_95,0.5623726177839286,0.5562854528209537,True
S3,action300,138,map50_95,0.559179994436031,0.5562854528209537,True
S3,action300,139,map50_95,0.5649504613660564,0.5562854528209537,True
S3,action300,140,map50_95,0.5582600317713082,0.5562854528209537,True
S3,action300,141,map50_95,0.5587452208612259,0.5562854528209537,True
S3,action300,142,map50_95,0.5550129688733164,0.5562854528209537,True
S3,action300,143,map50_95,0.5525101293145097,0.5562854528209537,True
S3,action300,144,map50_95,0.5559335137718884,0.5562854528209537,True
S3,action300,145,map50_95,0.5570270574644927,0.5562854528209537,True
S3,action300,146,map50_95,0.567959686292572,0.5562854528209537,True
S3,action300,147,map50_95,0.55557480236072,0.5562854528209537,True
S3,action300,148,map50_95,0.5640445077166302,0.5562854528209537,True
S3,action300,149,map50_95,0.5541587094894571,0.5562854528209537,True
S3,action300,150,map50_95,0.5550764359127556,0.5562854528209537,True
S3,action300,151,map50_95,0.5485116757340003,0.5562854528209537,True
S3,action300,152,map50_95,0.5669302123598708,0.5562854528209537,True
S3,action300,153,map50_95,0.5563259870648692,0.5562854528209537,True
S3,action300,154,map50_95,0.5765634954289158,0.5562854528209537,True
S3,action300,155,map50_95,0.5594937744061115,0.5562854528209537,True
S3,action300,156,map50_95,0.5607381982893138,0.5562854528209537,True
S3,action300,157,map50_95,0.5555651467569875,0.5562854528209537,True
S3,action300,158,map50_95,0.5655740722913273,0.5562854528209537,True
S3,action300,159,map50_95,0.5549155938908125,0.5562854528209537,True
S3,action300,160,map50_95,0.5466168360970152,0.5562854528209537,True
S3,action300,161,map50_95,0.5564734829108352,0.5562854528209537,True
S3,action300,162,map50_95,0.5418877378814398,0.5562854528209537,True
S3,action300,163,map50_95,0.5531550899596911,0.5562854528209537,True
S3,action300,164,map50_95,0.5317903784420124,0.5562854528209537,True
S3,action300,165,map50_95,0.573084878320893,0.5562854528209537,True
S3,action300,166,map50_95,0.561112202951383,0.5562854528209537,True
S3,action300,167,map50_95,0.5380180455786481,0.5562854528209537,True
S3,action300,168,map50_95,0.5577068218262562,0.5562854528209537,True
S3,action300,169,map50_95,0.564420545203844,0.5562854528209537,True
S3,action300,170,map50_95,0.5767109075247001,0.5562854528209537,True
S3,action300,171,map50_95,0.5498926849597986,0.5562854528209537,True
S3,action300,172,map50_95,0.5479586641159622,0.5562854528209537,True
S3,action300,173,map50_95,0.5508659528557438,0.5562854528209537,True
S3,action300,174,map50_95,0.5441708597546798,0.5562854528209537,True
S3,action300,175,map50_95,0.5539393186631151,0.5562854528209537,True
S3,action300,176,map50_95,0.5444626012352987,0.5562854528209537,True
S3,action300,177,map50_95,0.5565185817529258,0.5562854528209537,True
S3,action300,178,map50_95,0.55590670926711,0.5562854528209537,True
S3,action300,179,map50_95,0.5434515837938468,0.5562854528209537,True
S3,action300,180,map50_95,0.5612300098099885,0.5562854528209537,True
S3,action300,181,map50_95,0.5511295706730509,0.5562854528209537,True
S3,action300,182,map50_95,0.5606237106430066,0.5562854528209537,True
S3,action300,183,map50_95,0.553067154539327,0.5562854528209537,True
S3,action300,184,map50_95,0.5627513591404131,0.5562854528209537,True
S3,action300,185,map50_95,0.5634625510187605,0.5562854528209537,True
S3,action300,186,map50_95,0.5722415820730479,0.5562854528209537,True
S3,action300,187,map50_95,0.5474837153380451,0.5562854528209537,True
S3,action300,188,map50_95,0.5565061565527244,0.5562854528209537,True
S3,action300,189,map50_95,0.5764785388618027,0.5562854528209537,True
S3,action300,190,map50_95,0.5537925928411294,0.5562854528209537,True
S3,action300,191,map50_95,0.5713293486568367,0.5562854528209537,True
S3,action300,192,map50_95,0.5486478511102197,0.5562854528209537,True
S3,action300,193,map50_95,0.5635633606810461,0.5562854528209537,True
S3,action300,194,map50_95,0.5715805162590357,0.5562854528209537,True
S3,action300,195,map50_95,0.5612626830178754,0.5562854528209537,True
S3,action300,196,map50_95,0.566765457308788,0.5562854528209537,True
S3,action300,197,map50_95,0.5567699751833532,0.5562854528209537,True
S3,action300,198,map50_95,0.5531768619384522,0.5562854528209537,True
S3,action300,199,map50_95,0.5624128269312968,0.5562854528209537,True
S3,action300,200,map50_95,0.5724075976963636,0.5562854528209537,True
S3,action300,201,map50_95,0.5525480317235986,0.5562854528209537,True
S3,action300,202,map50_95,0.5644290615081559,0.5562854528209537,True
S3,action300,203,map50_95,0.5566114280975044,0.5562854528209537,True
S3,action300,204,map50_95,0.5509678813576323,0.5562854528209537,True
S3,action300,205,map50_95,0.5533377205493392,0.5562854528209537,True
S3,action300,206,map50_95,0.5810220108003823,0.5562854528209537,True
S3,action300,207,map50_95,0.5659412117813961,0.5562854528209537,True
S3,action300,208,map50_95,0.5629784894753241,0.5562854528209537,True
S3,action300,209,map50_95,0.5471008858048708,0.5562854528209537,True
S3,action300,210,map50_95,0.5635767879872197,0.5562854528209537,True
S3,action300,211,map50_95,0.5521757885114135,0.5562854528209537,True
S3,action300,212,map50_95,0.5417260891933333,0.5562854528209537,True
S3,action300,213,map50_95,0.5576043752326295,0.5562854528209537,True
S3,action300,214,map50_95,0.5666690258839228,0.5562854528209537,True
S3,action300,215,map50_95,0.5567383809877906,0.5562854528209537,True
S3,action300,216,map50_95,0.5420108592023369,0.5562854528209537,True
S3,action300,217,map50_95,0.5607365818544342,0.5562854528209537,True
S3,action300,218,map50_95,0.5488953642538964,0.5562854528209537,True
S3,action300,219,map50_95,0.5587498390179997,0.5562854528209537,True
S3,action300,220,map50_95,0.5525411266035799,0.5562854528209537,True
S3,action300,221,map50_95,0.5623187898582398,0.5562854528209537,True
S3,action300,222,map50_95,0.5491281605608319,0.5562854528209537,True
S3,action300,223,map50_95,0.5580221479075493,0.5562854528209537,True
S3,action300,224,map50_95,0.552409337290294,0.5562854528209537,True
S3,action300,225,map50_95,0.5518068745441042,0.5562854528209537,True
S3,action300,226,map50_95,0.5538653073976155,0.5562854528209537,True
S3,action300,227,map50_95,0.5560163994902652,0.5562854528209537,True
S3,action300,228,map50_95,0.5577219745901212,0.5562854528209537,True
S3,action300,229,map50_95,0.55530446546914,0.5562854528209537,True
S3,action300,230,map50_95,0.5551274428228085,0.5562854528209537,True
S3,action300,231,map50_95,0.551239335160399,0.5562854528209537,True
S3,action300,232,map50_95,0.5504377337889593,0.5562854528209537,True
S3,action300,233,map50_95,0.5562754305577351,0.5562854528209537,True
S3,action300,234,map50_95,0.5543162404548316,0.5562854528209537,True
S3,action300,235,map50_95,0.5601023784077984,0.5562854528209537,True
S3,action300,236,map50_95,0.5522066365777134,0.5562854528209537,True
S3,action300,237,map50_95,0.5635561862313743,0.5562854528209537,True
S3,action300,238,map50_95,0.5541843180800935,0.5562854528209537,True
S3,action300,239,map50_95,0.5578163021027286,0.5562854528209537,True
S3,action300,240,map50_95,0.5666409453801535,0.5562854528209537,True
S3,action300,241,map50_95,0.5609185831561235,0.5562854528209537,True
S3,action300,242,map50_95,0.5610713982673703,0.5562854528209537,True
S3,action300,243,map50_95,0.5424744612636891,0.5562854528209537,True
S3,action300,244,map50_95,0.5548910605291624,0.5562854528209537,True
S3,action300,245,map50_95,0.5621059101517666,0.5562854528209537,True
S3,action300,246,map50_95,0.5688975211636824,0.5562854528209537,True
S3,action300,247,map50_95,0.5480747077252279,0.5562854528209537,True
S3,action300,248,map50_95,0.5563996360081297,0.5562854528209537,True
S3,action300,249,map50_95,0.5671180930743367,0.5562854528209537,True
S3,action300,250,map50_95,0.5605728214378419,0.5562854528209537,True
S3,action300,251,map50_95,0.5537763828806578,0.5562854528209537,True
S3,action300,252,map50_95,0.5555500273470743,0.5562854528209537,True
S3,action300,253,map50_95,0.5557209213728552,0.5562854528209537,True
S3,action300,254,map50_95,0.547398277850648,0.5562854528209537,True
S3,action300,255,map50_95,0.5692749959002741,0.5562854528209537,True
S3,action300,256,map50_95,0.5412362416781983,0.5562854528209537,True
S3,action300,257,map50_95,0.5602280157453888,0.5562854528209537,True
S3,action300,258,map50_95,0.5692009233891543,0.5562854528209537,True
S3,action300,259,map50_95,0.558729444376082,0.5562854528209537,True
S3,action300,260,map50_95,0.5659513670650995,0.5562854528209537,True
S3,action300,261,map50_95,0.5460033105265805,0.5562854528209537,True
S3,action300,262,map50_95,0.553480174833826,0.5562854528209537,True
S3,action300,263,map50_95,0.5430007704907701,0.5562854528209537,True
S3,action300,264,map50_95,0.560377388129797,0.5562854528209537,True
S3,action300,265,map50_95,0.5562103948119531,0.5562854528209537,True
S3,action300,266,map50_95,0.5469330881516162,0.5562854528209537,True
S3,action300,267,map50_95,0.5630787215412025,0.5562854528209537,True
S3,action300,268,map50_95,0.5599096981552721,0.5562854528209537,True
S3,action300,269,map50_95,0.559460540819896,0.5562854528209537,True
S3,action300,270,map50_95,0.5590933692866772,0.5562854528209537,True
S3,action300,271,map50_95,0.548655660836684,0.5562854528209537,True
S3,action300,272,map50_95,0.5553699440532225,0.5562854528209537,True
S3,action300,273,map50_95,0.5479704210118523,0.5562854528209537,True
S3,action300,274,map50_95,0.5718843700209816,0.5562854528209537,True
S3,action300,275,map50_95,0.5505529448532674,0.5562854528209537,True
S3,action300,276,map50_95,0.5443532921962475,0.5562854528209537,True
S3,action300,277,map50_95,0.5380600475773285,0.5562854528209537,True
S3,action300,278,map50_95,0.5401164495853166,0.5562854528209537,True
S3,action300,279,map50_95,0.5462597516409365,0.5562854528209537,True
S3,action300,280,map50_95,0.5588632669734804,0.5562854528209537,True
S3,action300,281,map50_95,0.5590904323049124,0.5562854528209537,True
S3,action300,282,map50_95,0.5450699204197071,0.5562854528209537,True
S3,action300,283,map50_95,0.5390647388468667,0.5562854528209537,True
S3,action300,284,map50_95,0.5603110285799059,0.5562854528209537,True
S3,action300,285,map50_95,0.5569184564761048,0.5562854528209537,True
S3,action300,286,map50_95,0.5550388119391612,0.5562854528209537,True
S3,action300,287,map50_95,0.5604814590242145,0.5562854528209537,True
S3,action300,288,map50_95,0.5658012181154755,0.5562854528209537,True
S3,action300,289,map50_95,0.5529693977999856,0.5562854528209537,True
S3,action300,290,map50_95,0.5556043538197846,0.5562854528209537,True
S3,action300,291,map50_95,0.5665420730786636,0.5562854528209537,True
S3,action300,292,map50_95,0.5604007199729395,0.5562854528209537,True
S3,action300,293,map50_95,0.5623214084108169,0.5562854528209537,True
S3,action300,294,map50_95,0.5547477609326257,0.5562854528209537,True
S3,action300,295,map50_95,0.5581088350659476,0.5562854528209537,True
S3,action300,296,map50_95,0.5507872127056311,0.5562854528209537,True
S3,action300,297,map50_95,0.5295564959185379,0.5562854528209537,True
S3,action300,298,map50_95,0.565688051084943,0.5562854528209537,True
S3,action300,299,map50_95,0.5474530109761976,0.5562854528209537,True
S3,action300,300,map50_95,0.5489693864759984,0.5562854528209537,True
S3,action300,301,map50_95,0.5599767968063978,0.5562854528209537,True
S3,action300,302,map50_95,0.5557256247449178,0.5562854528209537,True
S3,action300,303,map50_95,0.5554222562271449,0.5562854528209537,True
S3,action300,304,map50_95,0.5299632519170343,0.5562854528209537,True
S3,action300,305,map50_95,0.5502346579770124,0.5562854528209537,True
S3,action300,306,map50_95,0.5498713016047413,0.5562854528209537,True
S3,action300,307,map50_95,0.5663866518878795,0.5562854528209537,True
S3,action300,308,map50_95,0.539028582659635,0.5562854528209537,True
S3,action300,309,map50_95,0.5559605618146689,0.5562854528209537,True
S3,action300,310,map50_95,0.5652497427125989,0.5562854528209537,True
S3,action300,311,map50_95,0.5505853062229062,0.5562854528209537,True
S3,action300,312,map50_95,0.5621457523806598,0.5562854528209537,True
S3,action300,313,map50_95,0.5663048836278837,0.5562854528209537,True
S3,action300,314,map50_95,0.562680721575767,0.5562854528209537,True
S3,action300,315,map50_95,0.584636202516143,0.5562854528209537,True
S3,action300,316,map50_95,0.5361075005580135,0.5562854528209537,True
S3,action300,317,map50_95,0.5529499440702988,0.5562854528209537,True
S3,action300,318,map50_95,0.5577293039575334,0.5562854528209537,True
S3,action300,319,map50_95,0.5461825557269493,0.5562854528209537,True
S3,action300,320,map50_95,0.5452491168918128,0.5562854528209537,True
S3,action300,321,map50_95,0.5555550783465706,0.5562854528209537,True
S3,action300,322,map50_95,0.5831445940808191,0.5562854528209537,True
S3,action300,323,map50_95,0.5464165214375437,0.5562854528209537,True
S3,action300,324,map50_95,0.549486512310718,0.5562854528209537,True
S3,action300,325,map50_95,0.5583179256722527,0.5562854528209537,True
S3,action300,326,map50_95,0.5463854802633487,0.5562854528209537,True
S3,action300,327,map50_95,0.5569558642290264,0.5562854528209537,True
S3,action300,328,map50_95,0.5567446339257924,0.5562854528209537,True
S3,action300,329,map50_95,0.5461703081865066,0.5562854528209537,True
S3,action300,330,map50_95,0.5843177039868189,0.5562854528209537,True
S3,action300,331,map50_95,0.5550208818658294,0.5562854528209537,True
S3,action300,332,map50_95,0.5552411372607258,0.5562854528209537,True
S3,action300,333,map50_95,0.5538667102764924,0.5562854528209537,True
S3,action300,334,map50_95,0.5622475027150873,0.5562854528209537,True
S3,action300,335,map50_95,0.550742235515999,0.5562854528209537,True
S3,action300,336,map50_95,0.5450832446082471,0.5562854528209537,True
S3,action300,337,map50_95,0.5632629772766349,0.5562854528209537,True
S3,action300,338,map50_95,0.5523290997814084,0.5562854528209537,True
S3,action300,339,map50_95,0.556551953261057,0.5562854528209537,True
S3,action300,340,map50_95,0.5538195683314087,0.5562854528209537,True
S3,action300,341,map50_95,0.572657225916127,0.5562854528209537,True
S3,action300,342,map50_95,0.5659359521318617,0.5562854528209537,True
S3,action300,343,map50_95,0.5426814924270815,0.5562854528209537,True
S3,action300,344,map50_95,0.5527455874710772,0.5562854528209537,True
S3,action300,345,map50_95,0.5644937398661627,0.5562854528209537,True
S3,action300,346,map50_95,0.5536278987182305,0.5562854528209537,True
S3,action300,347,map50_95,0.5499904557211402,0.5562854528209537,True
S3,action300,348,map50_95,0.5450469886368446,0.5562854528209537,True
S3,action300,349,map50_95,0.5634717311562051,0.5562854528209537,True
S3,action300,350,map50_95,0.556442097712149,0.5562854528209537,True
S3,action300,351,map50_95,0.5508030089392945,0.5562854528209537,True
S3,action300,352,map50_95,0.5505723278596014,0.5562854528209537,True
S3,action300,353,map50_95,0.5536843145221441,0.5562854528209537,True
S3,action300,354,map50_95,0.5548917518621577,0.5562854528209537,True
S3,action300,355,map50_95,0.5582754352562888,0.5562854528209537,True
S3,action300,356,map50_95,0.5563402717436643,0.5562854528209537,True
S3,action300,357,map50_95,0.5449058756165176,0.5562854528209537,True
S3,action300,358,map50_95,0.5657828678253076,0.5562854528209537,True
S3,action300,359,map50_95,0.5559925786814099,0.5562854528209537,True
S3,action300,360,map50_95,0.5592791430324128,0.5562854528209537,True
S3,action300,361,map50_95,0.5336567724593172,0.5562854528209537,True
S3,action300,362,map50_95,0.5645252824481448,0.5562854528209537,True
S3,action300,363,map50_95,0.5423497331553709,0.5562854528209537,True
S3,action300,364,map50_95,0.5570216030493349,0.5562854528209537,True
S3,action300,365,map50_95,0.5577813911407136,0.5562854528209537,True
S3,action300,366,map50_95,0.5351505067129192,0.5562854528209537,True
S3,action300,367,map50_95,0.5537237059422068,0.5562854528209537,True
S3,action300,368,map50_95,0.5628966733669343,0.5562854528209537,True
S3,action300,369,map50_95,0.5777179113367326,0.5562854528209537,True
S3,action300,370,map50_95,0.5788584570486905,0.5562854528209537,True
S3,action300,371,map50_95,0.5608310949069741,0.5562854528209537,True
S3,action300,372,map50_95,0.5603564404776158,0.5562854528209537,True
S3,action300,373,map50_95,0.5672652645967933,0.5562854528209537,True
S3,action300,374,map50_95,0.5561606578774041,0.5562854528209537,True
S3,action300,375,map50_95,0.555184020048792,0.5562854528209537,True
S3,action300,376,map50_95,0.5510899050767302,0.5562854528209537,True
S3,action300,377,map50_95,0.5291200618567222,0.5562854528209537,True
S3,action300,378,map50_95,0.5464127064200427,0.5562854528209537,True
S3,action300,379,map50_95,0.5543846790957005,0.5562854528209537,True
S3,action300,380,map50_95,0.5655248567119475,0.5562854528209537,True
S3,action300,381,map50_95,0.5439020669375304,0.5562854528209537,True
S3,action300,382,map50_95,0.562438901798358,0.5562854528209537,True
S3,action300,383,map50_95,0.550082761600161,0.5562854528209537,True
S3,action300,384,map50_95,0.5442324946228702,0.5562854528209537,True
S3,action300,385,map50_95,0.5652753346834329,0.5562854528209537,True
S3,action300,386,map50_95,0.5508748790392513,0.5562854528209537,True
S3,action300,387,map50_95,0.5460351375716278,0.5562854528209537,True
S3,action300,388,map50_95,0.5600632521061901,0.5562854528209537,True
S3,action300,389,map50_95,0.5559815782245452,0.5562854528209537,True
S3,action300,390,map50_95,0.5525988071918593,0.5562854528209537,True
S3,action300,391,map50_95,0.5568393120797197,0.5562854528209537,True
S3,action300,392,map50_95,0.5667376134815386,0.5562854528209537,True
S3,action300,393,map50_95,0.5583763079069847,0.5562854528209537,True
S3,action300,394,map50_95,0.5651048612779583,0.5562854528209537,True
S3,action300,395,map50_95,0.5525062969510969,0.5562854528209537,True
S3,action300,396,map50_95,0.5627007719337445,0.5562854528209537,True
S3,action300,397,map50_95,0.5703211475442609,0.5562854528209537,True
S3,action300,398,map50_95,0.5560100738356499,0.5562854528209537,True
S3,action300,399,map50_95,0.5603421677845065,0.5562854528209537,True
S3,action300,400,map50_95,0.570726678614638,0.5562854528209537,True
S3,action300,401,map50_95,0.5447767091192229,0.5562854528209537,True
S3,action300,402,map50_95,0.5613520446817735,0.5562854528209537,True
S3,action300,403,map50_95,0.5540514775247005,0.5562854528209537,True
S3,action300,404,map50_95,0.5723189747494881,0.5562854528209537,True
S3,action300,405,map50_95,0.5792031751693972,0.5562854528209537,True
S3,action300,406,map50_95,0.5466438178195205,0.5562854528209537,True
S3,action300,407,map50_95,0.5731834595692396,0.5562854528209537,True
S3,action300,408,map50_95,0.5648463730131777,0.5562854528209537,True
S3,action300,409,map50_95,0.5725174779849951,0.5562854528209537,True
S3,action300,410,map50_95,0.550280931008022,0.5562854528209537,True
S3,action300,411,map50_95,0.5624536086287232,0.5562854528209537,True
S3,action300,412,map50_95,0.5541107806943678,0.5562854528209537,True
S3,action300,413,map50_95,0.5623944266796717,0.5562854528209537,True
S3,action300,414,map50_95,0.5367186904168285,0.5562854528209537,True
S3,action300,415,map50_95,0.546522994011134,0.5562854528209537,True
S3,action300,416,map50_95,0.5569408452108433,0.5562854528209537,True
S3,action300,417,map50_95,0.5678341072964487,0.5562854528209537,True
S3,action300,418,map50_95,0.5526755723397774,0.5562854528209537,True
S3,action300,419,map50_95,0.5544355887588678,0.5562854528209537,True
S3,action300,420,map50_95,0.5493501694834857,0.5562854528209537,True
S3,action300,421,map50_95,0.5514123767373483,0.5562854528209537,True
S3,action300,422,map50_95,0.559754292906074,0.5562854528209537,True
S3,action300,423,map50_95,0.5615362760860158,0.5562854528209537,True
S3,action300,424,map50_95,0.5478708452713938,0.5562854528209537,True
S3,action300,425,map50_95,0.5692053433299148,0.5562854528209537,True
S3,action300,426,map50_95,0.5602290111574925,0.5562854528209537,True
S3,action300,427,map50_95,0.5562636974751173,0.5562854528209537,True
S3,action300,428,map50_95,0.5583916737240748,0.5562854528209537,True
S3,action300,429,map50_95,0.5560871829922168,0.5562854528209537,True
S3,action300,430,map50_95,0.5606169522956398,0.5562854528209537,True
S3,action300,431,map50_95,0.562979758837353,0.5562854528209537,True
S3,action300,432,map50_95,0.5609225168197034,0.5562854528209537,True
S3,action300,433,map50_95,0.5485717114037444,0.5562854528209537,True
S3,action300,434,map50_95,0.5459545669889755,0.5562854528209537,True
S3,action300,435,map50_95,0.564314752823217,0.5562854528209537,True
S3,action300,436,map50_95,0.5597283929345478,0.5562854528209537,True
S3,action300,437,map50_95,0.5629600600025332,0.5562854528209537,True
S3,action300,438,map50_95,0.5607341051344144,0.5562854528209537,True
S3,action300,439,map50_95,0.543326760412922,0.5562854528209537,True
S3,action300,440,map50_95,0.5574398951484517,0.5562854528209537,True
S3,action300,441,map50_95,0.5493955250623158,0.5562854528209537,True
S3,action300,442,map50_95,0.5699860122470575,0.5562854528209537,True
S3,action300,443,map50_95,0.5681502655415248,0.5562854528209537,True
S3,action300,444,map50_95,0.5598554605880032,0.5562854528209537,True
S3,action300,445,map50_95,0.5560012423341897,0.5562854528209537,True
S3,action300,446,map50_95,0.5759904776859254,0.5562854528209537,True
S3,action300,447,map50_95,0.5620733412737452,0.5562854528209537,True
S3,action300,448,map50_95,0.5537600360616454,0.5562854528209537,True
S3,action300,449,map50_95,0.550508854418344,0.5562854528209537,True
S3,action300,450,map50_95,0.5473542280473878,0.5562854528209537,True
S3,action300,451,map50_95,0.571662479817832,0.5562854528209537,True
S3,action300,452,map50_95,0.5498654807480189,0.5562854528209537,True
S3,action300,453,map50_95,0.5465918927908522,0.5562854528209537,True
S3,action300,454,map50_95,0.555125507752878,0.5562854528209537,True
S3,action300,455,map50_95,0.555984413470871,0.5562854528209537,True
S3,action300,456,map50_95,0.5530943034153091,0.5562854528209537,True
S3,action300,457,map50_95,0.5529906083494047,0.5562854528209537,True
S3,action300,458,map50_95,0.5438247451548441,0.5562854528209537,True
S3,action300,459,map50_95,0.5617647886546946,0.5562854528209537,True
S3,action300,460,map50_95,0.5623929059665292,0.5562854528209537,True
S3,action300,461,map50_95,0.5741706731959321,0.5562854528209537,True
S3,action300,462,map50_95,0.5505890710105776,0.5562854528209537,True
S3,action300,463,map50_95,0.5402790011579618,0.5562854528209537,True
S3,action300,464,map50_95,0.5764773295448127,0.5562854528209537,True
S3,action300,465,map50_95,0.5677304177343306,0.5562854528209537,True
S3,action300,466,map50_95,0.5576579149462672,0.5562854528209537,True
S3,action300,467,map50_95,0.563777067962806,0.5562854528209537,True
S3,action300,468,map50_95,0.5645749892111985,0.5562854528209537,True
S3,action300,469,map50_95,0.5607797556190921,0.5562854528209537,True
S3,action300,470,map50_95,0.5504749580616668,0.5562854528209537,True
S3,action300,471,map50_95,0.5568877641095541,0.5562854528209537,True
S3,action300,472,map50_95,0.5551857172279119,0.5562854528209537,True
S3,action300,473,map50_95,0.5337979993039215,0.5562854528209537,True
S3,action300,474,map50_95,0.5741923254765567,0.5562854528209537,True
S3,action300,475,map50_95,0.5627141608061751,0.5562854528209537,True
S3,action300,476,map50_95,0.5486371199624488,0.5562854528209537,True
S3,action300,477,map50_95,0.5645118340927358,0.5562854528209537,True
S3,action300,478,map50_95,0.5478887773090336,0.5562854528209537,True
S3,action300,479,map50_95,0.5526705192203613,0.5562854528209537,True
S3,action300,480,map50_95,0.5578776340349626,0.5562854528209537,True
S3,action300,481,map50_95,0.5699061246049839,0.5562854528209537,True
S3,action300,482,map50_95,0.5529681182832016,0.5562854528209537,True
S3,action300,483,map50_95,0.5610083086842189,0.5562854528209537,True
S3,action300,484,map50_95,0.5544516749094347,0.5562854528209537,True
S3,action300,485,map50_95,0.5611027631630096,0.5562854528209537,True
S3,action300,486,map50_95,0.5501158206481495,0.5562854528209537,True
S3,action300,487,map50_95,0.5549314542404086,0.5562854528209537,True
S3,action300,488,map50_95,0.5490573727250977,0.5562854528209537,True
S3,action300,489,map50_95,0.5572084454628436,0.5562854528209537,True
S3,action300,490,map50_95,0.5649370499270391,0.5562854528209537,True
S3,action300,491,map50_95,0.5690583338126513,0.5562854528209537,True
S3,action300,492,map50_95,0.5456405574991421,0.5562854528209537,True
S3,action300,493,map50_95,0.5559909862751684,0.5562854528209537,True
S3,action300,494,map50_95,0.5347789019777615,0.5562854528209537,True
S3,action300,495,map50_95,0.5506803158945435,0.5562854528209537,True
S3,action300,496,map50_95,0.5605147737918691,0.5562854528209537,True
S3,action300,497,map50_95,0.5453656915569857,0.5562854528209537,True
S3,action300,498,map50_95,0.5649675395441752,0.5562854528209537,True
S3,action300,499,map50_95,0.5680077631208534,0.5562854528209537,True
S3,action300,500,map50_95,0.564979481443617,0.5562854528209537,True
S3,action300,501,map50_95,0.5638113334614581,0.5562854528209537,True
S3,action300,502,map50_95,0.53930009022814,0.5562854528209537,True
S3,action300,503,map50_95,0.5655712703352748,0.5562854528209537,True
S3,action300,504,map50_95,0.5583908917089252,0.5562854528209537,True
S3,action300,505,map50_95,0.5543381830678427,0.5562854528209537,True
S3,action300,506,map50_95,0.5630898685380182,0.5562854528209537,True
S3,action300,507,map50_95,0.5436976502989557,0.5562854528209537,True
S3,action300,508,map50_95,0.5517564736149667,0.5562854528209537,True
S3,action300,509,map50_95,0.5633781432632388,0.5562854528209537,True
S3,action300,510,map50_95,0.562980184178267,0.5562854528209537,True
S3,action300,511,map50_95,0.5561331266894891,0.5562854528209537,True
S3,action300,512,map50_95,0.5484806443350894,0.5562854528209537,True
S3,action300,513,map50_95,0.5498563768363941,0.5562854528209537,True
S3,action300,514,map50_95,0.5624521326059779,0.5562854528209537,True
S3,action300,515,map50_95,0.5598577899846643,0.5562854528209537,True
S3,action300,516,map50_95,0.5378124666972318,0.5562854528209537,True
S3,action300,517,map50_95,0.5663142042312876,0.5562854528209537,True
S3,action300,518,map50_95,0.5497266612639384,0.5562854528209537,True
S3,action300,519,map50_95,0.5446349791068659,0.5562854528209537,True
S3,action300,520,map50_95,0.5597529596398654,0.5562854528209537,True
S3,action300,521,map50_95,0.5633555325446437,0.5562854528209537,True
S3,action300,522,map50_95,0.5624198311705481,0.5562854528209537,True
S3,action300,523,map50_95,0.5423002707292895,0.5562854528209537,True
S3,action300,524,map50_95,0.566768057137167,0.5562854528209537,True
S3,action300,525,map50_95,0.5461278928110269,0.5562854528209537,True
S3,action300,526,map50_95,0.557076272565875,0.5562854528209537,True
S3,action300,527,map50_95,0.5711068492369814,0.5562854528209537,True
S3,action300,528,map50_95,0.565462890858676,0.5562854528209537,True
S3,action300,529,map50_95,0.5608829652572023,0.5562854528209537,True
S3,action300,530,map50_95,0.5419716529871981,0.5562854528209537,True
S3,action300,531,map50_95,0.5777061748589365,0.5562854528209537,True
S3,action300,532,map50_95,0.5501859537412079,0.5562854528209537,True
S3,action300,533,map50_95,0.5660404501082668,0.5562854528209537,True
S3,action300,534,map50_95,0.5652141649315613,0.5562854528209537,True
S3,action300,535,map50_95,0.5556805959309801,0.5562854528209537,True
S3,action300,536,map50_95,0.5469180152163129,0.5562854528209537,True
S3,action300,537,map50_95,0.5471494165189585,0.5562854528209537,True
S3,action300,538,map50_95,0.5729258887439103,0.5562854528209537,True
S3,action300,539,map50_95,0.5568992507702846,0.5562854528209537,True
S3,action300,540,map50_95,0.5586367917173479,0.5562854528209537,True
S3,action300,541,map50_95,0.5606842673637893,0.5562854528209537,True
S3,action300,542,map50_95,0.5526140495794752,0.5562854528209537,True
S3,action300,543,map50_95,0.551189543788134,0.5562854528209537,True
S3,action300,544,map50_95,0.5538733811555999,0.5562854528209537,True
S3,action300,545,map50_95,0.5568382221605321,0.5562854528209537,True
S3,action300,546,map50_95,0.5348666405975941,0.5562854528209537,True
S3,action300,547,map50_95,0.5660426531288633,0.5562854528209537,True
S3,action300,548,map50_95,0.5419302248763298,0.5562854528209537,True
S3,action300,549,map50_95,0.5271239440037243,0.5562854528209537,True
S3,action300,550,map50_95,0.5614165177274739,0.5562854528209537,True
S3,action300,551,map50_95,0.5448085282234718,0.5562854528209537,True
S3,action300,552,map50_95,0.5570652303205845,0.5562854528209537,True
S3,action300,553,map50_95,0.5681451272515168,0.5562854528209537,True
S3,action300,554,map50_95,0.5544871011063428,0.5562854528209537,True
S3,action300,555,map50_95,0.5513295314327105,0.5562854528209537,True
S3,action300,556,map50_95,0.5567143378986636,0.5562854528209537,True
S3,action300,557,map50_95,0.5589980713981987,0.5562854528209537,True
S3,action300,558,map50_95,0.5576370451270819,0.5562854528209537,True
S3,action300,559,map50_95,0.5424859860273654,0.5562854528209537,True
S3,action300,560,map50_95,0.5558148654814916,0.5562854528209537,True
S3,action300,561,map50_95,0.5590791189253064,0.5562854528209537,True
S3,action300,562,map50_95,0.5600114799862781,0.5562854528209537,True
S3,action300,563,map50_95,0.5482320020267863,0.5562854528209537,True
S3,action300,564,map50_95,0.5603807504873002,0.5562854528209537,True
S3,action300,565,map50_95,0.5748880853856975,0.5562854528209537,True
S3,action300,566,map50_95,0.5618677708076162,0.5562854528209537,True
S3,action300,567,map50_95,0.5710592384934162,0.5562854528209537,True
S3,action300,568,map50_95,0.5481055108291725,0.5562854528209537,True
S3,action300,569,map50_95,0.5490604612246477,0.5562854528209537,True
S3,action300,570,map50_95,0.5457390829473904,0.5562854528209537,True
S3,action300,571,map50_95,0.5688218251461624,0.5562854528209537,True
S3,action300,572,map50_95,0.5543884769669709,0.5562854528209537,True
S3,action300,573,map50_95,0.5627304549083235,0.5562854528209537,True
S3,action300,574,map50_95,0.5603917847488804,0.5562854528209537,True
S3,action300,575,map50_95,0.5596528185720603,0.5562854528209537,True
S3,action300,576,map50_95,0.5454941132427655,0.5562854528209537,True
S3,action300,577,map50_95,0.5590651470135749,0.5562854528209537,True
S3,action300,578,map50_95,0.544437833444544,0.5562854528209537,True
S3,action300,579,map50_95,0.5717174920033335,0.5562854528209537,True
S3,action300,580,map50_95,0.5624957843914424,0.5562854528209537,True
S3,action300,581,map50_95,0.5581459135865842,0.5562854528209537,True
S3,action300,582,map50_95,0.5472759542474368,0.5562854528209537,True
S3,action300,583,map50_95,0.5685706265315307,0.5562854528209537,True
S3,action300,584,map50_95,0.5541772670928036,0.5562854528209537,True
S3,action300,585,map50_95,0.5628899347969143,0.5562854528209537,True
S3,action300,586,map50_95,0.5482882753355784,0.5562854528209537,True
S3,action300,587,map50_95,0.5651561095651152,0.5562854528209537,True
S3,action300,588,map50_95,0.5472761162369463,0.5562854528209537,True
S3,action300,589,map50_95,0.5426538899115099,0.5562854528209537,True
S3,action300,590,map50_95,0.5501126348291363,0.5562854528209537,True
S3,action300,591,map50_95,0.550266052457741,0.5562854528209537,True
S3,action300,592,map50_95,0.5591178307830114,0.5562854528209537,True
S3,action300,593,map50_95,0.5527284184999711,0.5562854528209537,True
S3,action300,594,map50_95,0.5619341851343791,0.5562854528209537,True
S3,action300,595,map50_95,0.5728554800345703,0.5562854528209537,True
S3,action300,596,map50_95,0.5505010097375901,0.5562854528209537,True
S3,action300,597,map50_95,0.55850466832521,0.5562854528209537,True
S3,action300,598,map50_95,0.549686612855752,0.5562854528209537,True
S3,action300,599,map50_95,0.5653393391622655,0.5562854528209537,True
S3,action300,600,map50_95,0.5609224492092816,0.5562854528209537,True
S3,action300,601,map50_95,0.5495016356740933,0.5562854528209537,True
S3,action300,602,map50_95,0.545726825595259,0.5562854528209537,True
S3,action300,603,map50_95,0.567898427648896,0.5562854528209537,True
S3,action300,604,map50_95,0.567371750006352,0.5562854528209537,True
S3,action300,605,map50_95,0.5630385410871822,0.5562854528209537,True
S3,action300,606,map50_95,0.5453744618096944,0.5562854528209537,True
S3,action300,607,map50_95,0.548751065154074,0.5562854528209537,True
S3,action300,608,map50_95,0.5508872496155549,0.5562854528209537,True
S3,action300,609,map50_95,0.5555334866870743,0.5562854528209537,True
S3,action300,610,map50_95,0.5584653964364158,0.5562854528209537,True
S3,action300,611,map50_95,0.5576834880122734,0.5562854528209537,True
S3,action300,612,map50_95,0.5621051145970359,0.5562854528209537,True
S3,action300,613,map50_95,0.5460006234929503,0.5562854528209537,True
S3,action300,614,map50_95,0.5466164286258022,0.5562854528209537,True
S3,action300,615,map50_95,0.5549850365777358,0.5562854528209537,True
S3,action300,616,map50_95,0.5710560151146299,0.5562854528209537,True
S3,action300,617,map50_95,0.5568943002557056,0.5562854528209537,True
S3,action300,618,map50_95,0.5570072529097528,0.5562854528209537,True
S3,action300,619,map50_95,0.5547112172697821,0.5562854528209537,True
S3,action300,620,map50_95,0.5605367124164718,0.5562854528209537,True
S3,action300,621,map50_95,0.5540786453467976,0.5562854528209537,True
S3,action300,622,map50_95,0.5628877910054189,0.5562854528209537,True
S3,action300,623,map50_95,0.5697512462531233,0.5562854528209537,True
S3,action300,624,map50_95,0.5373413342007788,0.5562854528209537,True
S3,action300,625,map50_95,0.5356227387251311,0.5562854528209537,True
S3,action300,626,map50_95,0.557560082232419,0.5562854528209537,True
S3,action300,627,map50_95,0.5552819650891939,0.5562854528209537,True
S3,action300,628,map50_95,0.5546970018616948,0.5562854528209537,True
S3,action300,629,map50_95,0.5505796851029942,0.5562854528209537,True
S3,action300,630,map50_95,0.5692190461253999,0.5562854528209537,True
S3,action300,631,map50_95,0.5523927570438855,0.5562854528209537,True
S3,action300,632,map50_95,0.5575829100798563,0.5562854528209537,True
S3,action300,633,map50_95,0.5665547616891365,0.5562854528209537,True
S3,action300,634,map50_95,0.5557073488320189,0.5562854528209537,True
S3,action300,635,map50_95,0.562099556816685,0.5562854528209537,True
S3,action300,636,map50_95,0.55994507752376,0.5562854528209537,True
S3,action300,637,map50_95,0.5658975080182965,0.5562854528209537,True
S3,action300,638,map50_95,0.5681165197364458,0.5562854528209537,True
S3,action300,639,map50_95,0.5570049044639075,0.5562854528209537,True
S3,action300,640,map50_95,0.5586143851326231,0.5562854528209537,True
S3,action300,641,map50_95,0.5473373530640986,0.5562854528209537,True
S3,action300,642,map50_95,0.5541935768888491,0.5562854528209537,True
S3,action300,643,map50_95,0.5692703314847837,0.5562854528209537,True
S3,action300,644,map50_95,0.5483899817455166,0.5562854528209537,True
S3,action300,645,map50_95,0.5654950773263163,0.5562854528209537,True
S3,action300,646,map50_95,0.554782324912641,0.5562854528209537,True
S3,action300,647,map50_95,0.5642524604016683,0.5562854528209537,True
S3,action300,648,map50_95,0.5646095098405997,0.5562854528209537,True
S3,action300,649,map50_95,0.5466860593663461,0.5562854528209537,True
S3,action300,650,map50_95,0.5555773683788527,0.5562854528209537,True
S3,action300,651,map50_95,0.5563278496876208,0.5562854528209537,True
S3,action300,652,map50_95,0.5606365845750582,0.5562854528209537,True
S3,action300,653,map50_95,0.5601593149776468,0.5562854528209537,True
S3,action300,654,map50_95,0.5749789207231334,0.5562854528209537,True
S3,action300,655,map50_95,0.5483143655067244,0.5562854528209537,True
S3,action300,656,map50_95,0.5476807955470018,0.5562854528209537,True
S3,action300,657,map50_95,0.546335529059284,0.5562854528209537,True
S3,action300,658,map50_95,0.5559919202902867,0.5562854528209537,True
S3,action300,659,map50_95,0.5549845327631432,0.5562854528209537,True
S3,action300,660,map50_95,0.5421646977846001,0.5562854528209537,True
S3,action300,661,map50_95,0.545806935741827,0.5562854528209537,True
S3,action300,662,map50_95,0.5658969800923245,0.5562854528209537,True
S3,action300,663,map50_95,0.5413612757824742,0.5562854528209537,True
S3,action300,664,map50_95,0.538836260794456,0.5562854528209537,True
S3,action300,665,map50_95,0.5655654956020121,0.5562854528209537,True
S3,action300,666,map50_95,0.5504417601114756,0.5562854528209537,True
S3,action300,667,map50_95,0.5645617953231798,0.5562854528209537,True
S3,action300,668,map50_95,0.5602786389596762,0.5562854528209537,True
S3,action300,669,map50_95,0.5590587007423413,0.5562854528209537,True
S3,action300,670,map50_95,0.549098781977124,0.5562854528209537,True
S3,action300,671,map50_95,0.5706410168861253,0.5562854528209537,True
S3,action300,672,map50_95,0.5539507058362059,0.5562854528209537,True
S3,action300,673,map50_95,0.5648815819173865,0.5562854528209537,True
S3,action300,674,map50_95,0.5711178817391096,0.5562854528209537,True
S3,action300,675,map50_95,0.5485961258423648,0.5562854528209537,True
S3,action300,676,map50_95,0.5557053827127726,0.5562854528209537,True
S3,action300,677,map50_95,0.5486083565112426,0.5562854528209537,True
S3,action300,678,map50_95,0.5446279121143821,0.5562854528209537,True
S3,action300,679,map50_95,0.5654113080733806,0.5562854528209537,True
S3,action300,680,map50_95,0.5557669730762502,0.5562854528209537,True
S3,action300,681,map50_95,0.5551618253341335,0.5562854528209537,True
S3,action300,682,map50_95,0.5674611107994368,0.5562854528209537,True
S3,action300,683,map50_95,0.553977332136501,0.5562854528209537,True
S3,action300,684,map50_95,0.5526628987743195,0.5562854528209537,True
S3,action300,685,map50_95,0.5516429730380636,0.5562854528209537,True
S3,action300,686,map50_95,0.5523052694030169,0.5562854528209537,True
S3,action300,687,map50_95,0.5554025603527052,0.5562854528209537,True
S3,action300,688,map50_95,0.5466171629352989,0.5562854528209537,True
S3,action300,689,map50_95,0.5590807214408373,0.5562854528209537,True
S3,action300,690,map50_95,0.5422575318659996,0.5562854528209537,True
S3,action300,691,map50_95,0.5737996572182266,0.5562854528209537,True
S3,action300,692,map50_95,0.571965221558168,0.5562854528209537,True
S3,action300,693,map50_95,0.5716089850504441,0.5562854528209537,True
S3,action300,694,map50_95,0.5510340018900436,0.5562854528209537,True
S3,action300,695,map50_95,0.54953346721511,0.5562854528209537,True
S3,action300,696,map50_95,0.5534295107283432,0.5562854528209537,True
S3,action300,697,map50_95,0.5693906189982783,0.5562854528209537,True
S3,action300,698,map50_95,0.5627194285797265,0.5562854528209537,True
S3,action300,699,map50_95,0.5536245228956209,0.5562854528209537,True
S3,action300,700,map50_95,0.5479388224898581,0.5562854528209537,True
S3,action300,701,map50_95,0.568589314124342,0.5562854528209537,True
S3,action300,702,map50_95,0.5600213594468935,0.5562854528209537,True
S3,action300,703,map50_95,0.5512950471535045,0.5562854528209537,True
S3,action300,704,map50_95,0.5618818542850149,0.5562854528209537,True
S3,action300,705,map50_95,0.5777271524677686,0.5562854528209537,True
S3,action300,706,map50_95,0.5486452887140165,0.5562854528209537,True
S3,action300,707,map50_95,0.563264812595305,0.5562854528209537,True
S3,action300,708,map50_95,0.5400576820129972,0.5562854528209537,True
S3,action300,709,map50_95,0.5645730671899086,0.5562854528209537,True
S3,action300,710,map50_95,0.5495011154791419,0.5562854528209537,True
S3,action300,711,map50_95,0.5553873116010214,0.5562854528209537,True
S3,action300,712,map50_95,0.5683063170294059,0.5562854528209537,True
S3,action300,713,map50_95,0.5674268674591071,0.5562854528209537,True
S3,action300,714,map50_95,0.5551206021679396,0.5562854528209537,True
S3,action300,715,map50_95,0.5670622518091918,0.5562854528209537,True
S3,action300,716,map50_95,0.557150083880645,0.5562854528209537,True
S3,action300,717,map50_95,0.5500735214363874,0.5562854528209537,True
S3,action300,718,map50_95,0.5669679953385297,0.5562854528209537,True
S3,action300,719,map50_95,0.5554184856361803,0.5562854528209537,True
S3,action300,720,map50_95,0.5583417466809528,0.5562854528209537,True
S3,action300,721,map50_95,0.5646739199376201,0.5562854528209537,True
S3,action300,722,map50_95,0.559637228917425,0.5562854528209537,True
S3,action300,723,map50_95,0.5366112972178931,0.5562854528209537,True
S3,action300,724,map50_95,0.5543495899137451,0.5562854528209537,True
S3,action300,725,map50_95,0.5802896661275476,0.5562854528209537,True
S3,action300,726,map50_95,0.5552413476499841,0.5562854528209537,True
S3,action300,727,map50_95,0.5524027407192846,0.5562854528209537,True
S3,action300,728,map50_95,0.568357241638997,0.5562854528209537,True
S3,action300,729,map50_95,0.5543385316913155,0.5562854528209537,True
S3,action300,730,map50_95,0.5364922754606307,0.5562854528209537,True
S3,action300,731,map50_95,0.5583613932799509,0.5562854528209537,True
S3,action300,732,map50_95,0.5535722204328896,0.5562854528209537,True
S3,action300,733,map50_95,0.5530769685965016,0.5562854528209537,True
S3,action300,734,map50_95,0.5478765063682552,0.5562854528209537,True
S3,action300,735,map50_95,0.5671220199547178,0.5562854528209537,True
S3,action300,736,map50_95,0.5610141761892325,0.5562854528209537,True
S3,action300,737,map50_95,0.564961864429286,0.5562854528209537,True
S3,action300,738,map50_95,0.5629372917502949,0.5562854528209537,True
S3,action300,739,map50_95,0.5493754730880641,0.5562854528209537,True
S3,action300,740,map50_95,0.5535598503737853,0.5562854528209537,True
S3,action300,741,map50_95,0.5448451320052154,0.5562854528209537,True
S3,action300,742,map50_95,0.5488276099577113,0.5562854528209537,True
S3,action300,743,map50_95,0.5486555067848897,0.5562854528209537,True
S3,action300,744,map50_95,0.5521284833147501,0.5562854528209537,True
S3,action300,745,map50_95,0.560421261604106,0.5562854528209537,True
S3,action300,746,map50_95,0.5585667411467133,0.5562854528209537,True
S3,action300,747,map50_95,0.5439997881341837,0.5562854528209537,True
S3,action300,748,map50_95,0.5663123156563807,0.5562854528209537,True
S3,action300,749,map50_95,0.5622730748830321,0.5562854528209537,True
S3,action300,750,map50_95,0.5434335931398149,0.5562854528209537,True
S3,action300,751,map50_95,0.5541897453916861,0.5562854528209537,True
S3,action300,752,map50_95,0.5540053067072274,0.5562854528209537,True
S3,action300,753,map50_95,0.5581559470382766,0.5562854528209537,True
S3,action300,754,map50_95,0.5523702943175443,0.5562854528209537,True
S3,action300,755,map50_95,0.5506650118941895,0.5562854528209537,True
S3,action300,756,map50_95,0.5734456996517948,0.5562854528209537,True
S3,action300,757,map50_95,0.5507463591908888,0.5562854528209537,True
S3,action300,758,map50_95,0.5541071807061277,0.5562854528209537,True
S3,action300,759,map50_95,0.5364168459825583,0.5562854528209537,True
S3,action300,760,map50_95,0.5409451408174535,0.5562854528209537,True
S3,action300,761,map50_95,0.537081433614916,0.5562854528209537,True
S3,action300,762,map50_95,0.5689854825054202,0.5562854528209537,True
S3,action300,763,map50_95,0.5636152863990538,0.5562854528209537,True
S3,action300,764,map50_95,0.5699133823052545,0.5562854528209537,True
S3,action300,765,map50_95,0.5715995571142297,0.5562854528209537,True
S3,action300,766,map50_95,0.5587899430159122,0.5562854528209537,True
S3,action300,767,map50_95,0.5541776105094973,0.5562854528209537,True
S3,action300,768,map50_95,0.56031806841662,0.5562854528209537,True
S3,action300,769,map50_95,0.5642167146489085,0.5562854528209537,True
S3,action300,770,map50_95,0.5459057024408498,0.5562854528209537,True
S3,action300,771,map50_95,0.552329837607317,0.5562854528209537,True
S3,action300,772,map50_95,0.5599062561927726,0.5562854528209537,True
S3,action300,773,map50_95,0.5544258844103607,0.5562854528209537,True
S3,action300,774,map50_95,0.5541736138327751,0.5562854528209537,True
S3,action300,775,map50_95,0.5423979959975002,0.5562854528209537,True
S3,action300,776,map50_95,0.5696883110077576,0.5562854528209537,True
S3,action300,777,map50_95,0.5523739232664125,0.5562854528209537,True
S3,action300,778,map50_95,0.5583335619225189,0.5562854528209537,True
S3,action300,779,map50_95,0.555200450235289,0.5562854528209537,True
S3,action300,780,map50_95,0.5444459801270578,0.5562854528209537,True
S3,action300,781,map50_95,0.573552528937841,0.5562854528209537,True
S3,action300,782,map50_95,0.5705034543251496,0.5562854528209537,True
S3,action300,783,map50_95,0.5683583312074417,0.5562854528209537,True
S3,action300,784,map50_95,0.5509845102412161,0.5562854528209537,True
S3,action300,785,map50_95,0.5585253337527052,0.5562854528209537,True
S3,action300,786,map50_95,0.5613753047174117,0.5562854528209537,True
S3,action300,787,map50_95,0.5351254820221817,0.5562854528209537,True
S3,action300,788,map50_95,0.5683756142812003,0.5562854528209537,True
S3,action300,789,map50_95,0.5548930841227924,0.5562854528209537,True
S3,action300,790,map50_95,0.5579282070502537,0.5562854528209537,True
S3,action300,791,map50_95,0.5626779523003009,0.5562854528209537,True
S3,action300,792,map50_95,0.5495721617428068,0.5562854528209537,True
S3,action300,793,map50_95,0.5549492540368682,0.5562854528209537,True
S3,action300,794,map50_95,0.5518913593804836,0.5562854528209537,True
S3,action300,795,map50_95,0.5535022337665758,0.5562854528209537,True
S3,action300,796,map50_95,0.5771138060828271,0.5562854528209537,True
S3,action300,797,map50_95,0.5584483234751438,0.5562854528209537,True
S3,action300,798,map50_95,0.5525742078553398,0.5562854528209537,True
S3,action300,799,map50_95,0.5548931825051863,0.5562854528209537,True
S3,action300,800,map50_95,0.558287371851377,0.5562854528209537,True
S3,action300,801,map50_95,0.5584666334026005,0.5562854528209537,True
S3,action300,802,map50_95,0.5425893466294505,0.5562854528209537,True
S3,action300,803,map50_95,0.5454275423790427,0.5562854528209537,True
S3,action300,804,map50_95,0.5557494924810958,0.5562854528209537,True
S3,action300,805,map50_95,0.5443308535249104,0.5562854528209537,True
S3,action300,806,map50_95,0.5492093468702346,0.5562854528209537,True
S3,action300,807,map50_95,0.5604169850686415,0.5562854528209537,True
S3,action300,808,map50_95,0.5530425955178633,0.5562854528209537,True
S3,action300,809,map50_95,0.5580517670659859,0.5562854528209537,True
S3,action300,810,map50_95,0.5662674035833685,0.5562854528209537,True
S3,action300,811,map50_95,0.5646125353110045,0.5562854528209537,True
S3,action300,812,map50_95,0.5507882900579897,0.5562854528209537,True
S3,action300,813,map50_95,0.5563882213214968,0.5562854528209537,True
S3,action300,814,map50_95,0.5657216422434324,0.5562854528209537,True
S3,action300,815,map50_95,0.5445588366577685,0.5562854528209537,True
S3,action300,816,map50_95,0.5701974642534627,0.5562854528209537,True
S3,action300,817,map50_95,0.5589986599930789,0.5562854528209537,True
S3,action300,818,map50_95,0.569086534514741,0.5562854528209537,True
S3,action300,819,map50_95,0.5662289855017564,0.5562854528209537,True
S3,action300,820,map50_95,0.5426003374427087,0.5562854528209537,True
S3,action300,821,map50_95,0.5590152953987979,0.5562854528209537,True
S3,action300,822,map50_95,0.5607995337648009,0.5562854528209537,True
S3,action300,823,map50_95,0.5706501188072411,0.5562854528209537,True
S3,action300,824,map50_95,0.5612647313257006,0.5562854528209537,True
S3,action300,825,map50_95,0.5562541719512406,0.5562854528209537,True
S3,action300,826,map50_95,0.5560523287936517,0.5562854528209537,True
S3,action300,827,map50_95,0.544931183545495,0.5562854528209537,True
S3,action300,828,map50_95,0.5446383398719964,0.5562854528209537,True
S3,action300,829,map50_95,0.5700221248085955,0.5562854528209537,True
S3,action300,830,map50_95,0.5611850614811118,0.5562854528209537,True
S3,action300,831,map50_95,0.5615251250989731,0.5562854528209537,True
S3,action300,832,map50_95,0.5588276242716719,0.5562854528209537,True
S3,action300,833,map50_95,0.5672034476763969,0.5562854528209537,True
S3,action300,834,map50_95,0.5459999306890161,0.5562854528209537,True
S3,action300,835,map50_95,0.5625323536484784,0.5562854528209537,True
S3,action300,836,map50_95,0.5586962634776824,0.5562854528209537,True
S3,action300,837,map50_95,0.5413561048695581,0.5562854528209537,True
S3,action300,838,map50_95,0.5538484230720815,0.5562854528209537,True
S3,action300,839,map50_95,0.5639898378163919,0.5562854528209537,True
S3,action300,840,map50_95,0.5678290947522836,0.5562854528209537,True
S3,action300,841,map50_95,0.5595064223479143,0.5562854528209537,True
S3,action300,842,map50_95,0.5561966071316278,0.5562854528209537,True
S3,action300,843,map50_95,0.5664595223600498,0.5562854528209537,True
S3,action300,844,map50_95,0.5488756376330197,0.5562854528209537,True
S3,action300,845,map50_95,0.54340467606917,0.5562854528209537,True
S3,action300,846,map50_95,0.5513488763188192,0.5562854528209537,True
S3,action300,847,map50_95,0.5609107713862688,0.5562854528209537,True
S3,action300,848,map50_95,0.5654710524425637,0.5562854528209537,True
S3,action300,849,map50_95,0.5628655315005192,0.5562854528209537,True
S3,action300,850,map50_95,0.565959344490188,0.5562854528209537,True
S3,action300,851,map50_95,0.5555257893449402,0.5562854528209537,True
S3,action300,852,map50_95,0.5508856941392551,0.5562854528209537,True
S3,action300,853,map50_95,0.5614973952101487,0.5562854528209537,True
S3,action300,854,map50_95,0.5560111028100372,0.5562854528209537,True
S3,action300,855,map50_95,0.5569333842682571,0.5562854528209537,True
S3,action300,856,map50_95,0.5575334813786644,0.5562854528209537,True
S3,action300,857,map50_95,0.5731850848151946,0.5562854528209537,True
S3,action300,858,map50_95,0.5588074947079603,0.5562854528209537,True
S3,action300,859,map50_95,0.5555099512631713,0.5562854528209537,True
S3,action300,860,map50_95,0.5494638702601674,0.5562854528209537,True
S3,action300,861,map50_95,0.5473948116351999,0.5562854528209537,True
S3,action300,862,map50_95,0.5804418054857732,0.5562854528209537,True
S3,action300,863,map50_95,0.5476367998386178,0.5562854528209537,True
S3,action300,864,map50_95,0.5555618158807694,0.5562854528209537,True
S3,action300,865,map50_95,0.5585249756256673,0.5562854528209537,True
S3,action300,866,map50_95,0.5531936221165569,0.5562854528209537,True
S3,action300,867,map50_95,0.558776156290097,0.5562854528209537,True
S3,action300,868,map50_95,0.5524690374770772,0.5562854528209537,True
S3,action300,869,map50_95,0.5486511163476078,0.5562854528209537,True
S3,action300,870,map50_95,0.5585463056602195,0.5562854528209537,True
S3,action300,871,map50_95,0.571532361413402,0.5562854528209537,True
S3,action300,872,map50_95,0.5434749704103184,0.5562854528209537,True
S3,action300,873,map50_95,0.5503032432075692,0.5562854528209537,True
S3,action300,874,map50_95,0.543024883386092,0.5562854528209537,True
S3,action300,875,map50_95,0.5582204559221886,0.5562854528209537,True
S3,action300,876,map50_95,0.5463036899091065,0.5562854528209537,True
S3,action300,877,map50_95,0.5482498236256007,0.5562854528209537,True
S3,action300,878,map50_95,0.5693828327958335,0.5562854528209537,True
S3,action300,879,map50_95,0.56043677057458,0.5562854528209537,True
S3,action300,880,map50_95,0.5699068257826564,0.5562854528209537,True
S3,action300,881,map50_95,0.549480570108743,0.5562854528209537,True
S3,action300,882,map50_95,0.5554396237747137,0.5562854528209537,True
S3,action300,883,map50_95,0.5595466801042905,0.5562854528209537,True
S3,action300,884,map50_95,0.5501789049026383,0.5562854528209537,True
S3,action300,885,map50_95,0.5543662131735921,0.5562854528209537,True
S3,action300,886,map50_95,0.5554518895214594,0.5562854528209537,True
S3,action300,887,map50_95,0.5529248472007917,0.5562854528209537,True
S3,action300,888,map50_95,0.5453669031807579,0.5562854528209537,True
S3,action300,889,map50_95,0.5497733733214206,0.5562854528209537,True
S3,action300,890,map50_95,0.5602517759754493,0.5562854528209537,True
S3,action300,891,map50_95,0.5439248928588851,0.5562854528209537,True
S3,action300,892,map50_95,0.5700671875469924,0.5562854528209537,True
S3,action300,893,map50_95,0.5663594822102848,0.5562854528209537,True
S3,action300,894,map50_95,0.5439124824193068,0.5562854528209537,True
S3,action300,895,map50_95,0.5485480273727559,0.5562854528209537,True
S3,action300,896,map50_95,0.5399678451116225,0.5562854528209537,True
S3,action300,897,map50_95,0.5657482763775078,0.5562854528209537,True
S3,action300,898,map50_95,0.5642650875201807,0.5562854528209537,True
S3,action300,899,map50_95,0.5635388044818962,0.5562854528209537,True
S3,action300,900,map50_95,0.5531602489826908,0.5562854528209537,True
S3,action300,901,map50_95,0.5553940363752672,0.5562854528209537,True
S3,action300,902,map50_95,0.5661048625170276,0.5562854528209537,True
S3,action300,903,map50_95,0.5633833689626833,0.5562854528209537,True
S3,action300,904,map50_95,0.5543975854100539,0.5562854528209537,True
S3,action300,905,map50_95,0.5362209759313725,0.5562854528209537,True
S3,action300,906,map50_95,0.5577256343772283,0.5562854528209537,True
S3,action300,907,map50_95,0.5582098285655401,0.5562854528209537,True
S3,action300,908,map50_95,0.5398607791143536,0.5562854528209537,True
S3,action300,909,map50_95,0.5700779313717387,0.5562854528209537,True
S3,action300,910,map50_95,0.5562150856166606,0.5562854528209537,True
S3,action300,911,map50_95,0.5535652841704987,0.5562854528209537,True
S3,action300,912,map50_95,0.5436976888806185,0.5562854528209537,True
S3,action300,913,map50_95,0.5449313027241609,0.5562854528209537,True
S3,action300,914,map50_95,0.5705575079035929,0.5562854528209537,True
S3,action300,915,map50_95,0.5460785040295402,0.5562854528209537,True
S3,action300,916,map50_95,0.5619737577952612,0.5562854528209537,True
S3,action300,917,map50_95,0.5525132021746211,0.5562854528209537,True
S3,action300,918,map50_95,0.5577361523735053,0.5562854528209537,True
S3,action300,919,map50_95,0.5552833553737705,0.5562854528209537,True
S3,action300,920,map50_95,0.5490745096002266,0.5562854528209537,True
S3,action300,921,map50_95,0.5561489585398285,0.5562854528209537,True
S3,action300,922,map50_95,0.5662819267578361,0.5562854528209537,True
S3,action300,923,map50_95,0.5547563459306599,0.5562854528209537,True
S3,action300,924,map50_95,0.5690024658651094,0.5562854528209537,True
S3,action300,925,map50_95,0.5467571719226734,0.5562854528209537,True
S3,action300,926,map50_95,0.5507033402539192,0.5562854528209537,True
S3,action300,927,map50_95,0.5490998870311318,0.5562854528209537,True
S3,action300,928,map50_95,0.5452019653864086,0.5562854528209537,True
S3,action300,929,map50_95,0.5786104002189837,0.5562854528209537,True
S3,action300,930,map50_95,0.5635184562702428,0.5562854528209537,True
S3,action300,931,map50_95,0.5489560932498828,0.5562854528209537,True
S3,action300,932,map50_95,0.555355255885941,0.5562854528209537,True
S3,action300,933,map50_95,0.5660568488209907,0.5562854528209537,True
S3,action300,934,map50_95,0.5535743649826715,0.5562854528209537,True
S3,action300,935,map50_95,0.5495388634356241,0.5562854528209537,True
S3,action300,936,map50_95,0.5680293120796401,0.5562854528209537,True
S3,action300,937,map50_95,0.5650219599146346,0.5562854528209537,True
S3,action300,938,map50_95,0.5512731600097368,0.5562854528209537,True
S3,action300,939,map50_95,0.5547958432787995,0.5562854528209537,True
S3,action300,940,map50_95,0.5613349500112071,0.5562854528209537,True
S3,action300,941,map50_95,0.5298009819503006,0.5562854528209537,True
S3,action300,942,map50_95,0.5560564005960735,0.5562854528209537,True
S3,action300,943,map50_95,0.5638438069203084,0.5562854528209537,True
S3,action300,944,map50_95,0.5492092145230887,0.5562854528209537,True
S3,action300,945,map50_95,0.5631368469079504,0.5562854528209537,True
S3,action300,946,map50_95,0.5620883059660369,0.5562854528209537,True
S3,action300,947,map50_95,0.5578503452740057,0.5562854528209537,True
S3,action300,948,map50_95,0.559504616511319,0.5562854528209537,True
S3,action300,949,map50_95,0.5463138582444079,0.5562854528209537,True
S3,action300,950,map50_95,0.5586421542818663,0.5562854528209537,True
S3,action300,951,map50_95,0.5502779965394416,0.5562854528209537,True
S3,action300,952,map50_95,0.5483072203006386,0.5562854528209537,True
S3,action300,953,map50_95,0.5587865890359809,0.5562854528209537,True
S3,action300,954,map50_95,0.5546724272681303,0.5562854528209537,True
S3,action300,955,map50_95,0.5537980378531174,0.5562854528209537,True
S3,action300,956,map50_95,0.5622182413278969,0.5562854528209537,True
S3,action300,957,map50_95,0.5437980541533883,0.5562854528209537,True
S3,action300,958,map50_95,0.5630760952061015,0.5562854528209537,True
S3,action300,959,map50_95,0.5496497863662944,0.5562854528209537,True
S3,action300,960,map50_95,0.561728580169481,0.5562854528209537,True
S3,action300,961,map50_95,0.5495367466002655,0.5562854528209537,True
S3,action300,962,map50_95,0.5521758243150567,0.5562854528209537,True
S3,action300,963,map50_95,0.5575199773996905,0.5562854528209537,True
S3,action300,964,map50_95,0.5660347092183188,0.5562854528209537,True
S3,action300,965,map50_95,0.545384591819775,0.5562854528209537,True
S3,action300,966,map50_95,0.552959245111925,0.5562854528209537,True
S3,action300,967,map50_95,0.5557429574876654,0.5562854528209537,True
S3,action300,968,map50_95,0.5710769424221688,0.5562854528209537,True
S3,action300,969,map50_95,0.5647831663636098,0.5562854528209537,True
S3,action300,970,map50_95,0.5612543753387333,0.5562854528209537,True
S3,action300,971,map50_95,0.55070610060891,0.5562854528209537,True
S3,action300,972,map50_95,0.5524823987988318,0.5562854528209537,True
S3,action300,973,map50_95,0.5695719784651279,0.5562854528209537,True
S3,action300,974,map50_95,0.5374529915114716,0.5562854528209537,True
S3,action300,975,map50_95,0.5605254855839322,0.5562854528209537,True
S3,action300,976,map50_95,0.5708191474221375,0.5562854528209537,True
S3,action300,977,map50_95,0.5565578762047103,0.5562854528209537,True
S3,action300,978,map50_95,0.5456917730707113,0.5562854528209537,True
S3,action300,979,map50_95,0.5498183677969222,0.5562854528209537,True
S3,action300,980,map50_95,0.5607689142245779,0.5562854528209537,True
S3,action300,981,map50_95,0.5661136442193087,0.5562854528209537,True
S3,action300,982,map50_95,0.5533752241853902,0.5562854528209537,True
S3,action300,983,map50_95,0.5460077394672262,0.5562854528209537,True
S3,action300,984,map50_95,0.561222901766101,0.5562854528209537,True
S3,action300,985,map50_95,0.5458827109423646,0.5562854528209537,True
S3,action300,986,map50_95,0.5754837557105783,0.5562854528209537,True
S3,action300,987,map50_95,0.5560925817998291,0.5562854528209537,True
S3,action300,988,map50_95,0.5504834152859893,0.5562854528209537,True
S3,action300,989,map50_95,0.5588225786780996,0.5562854528209537,True
S3,action300,990,map50_95,0.5431079731914423,0.5562854528209537,True
S3,action300,991,map50_95,0.5601585519392273,0.5562854528209537,True
S3,action300,992,map50_95,0.5586874729413323,0.5562854528209537,True
S3,action300,993,map50_95,0.5719070405742086,0.5562854528209537,True
S3,action300,994,map50_95,0.5561314316939128,0.5562854528209537,True
S3,action300,995,map50_95,0.5826629747276294,0.5562854528209537,True
S3,action300,996,map50_95,0.5554862921806449,0.5562854528209537,True
S3,action300,997,map50_95,0.5637916193812293,0.5562854528209537,True
S3,action300,998,map50_95,0.5619599582493726,0.5562854528209537,True
S3,action300,999,map50_95,0.5589350272554239,0.5562854528209537,True
S3,action300,1000,map50_95,0.5538747795119009,0.5562854528209537,True
