stage,scene_id,predicted_class,score,matched_gt,iou
initial,0,0,0.5169862076100232,0,0.0
initial,0,0,0.5610363856359317,0,0.0
initial,0,0,0.5230217446861711,0,0.0
initial,0,0,0.5226406266339071,0,0.0
initial,0,0,0.5094156375195136,0,0.0
initial,0,0,0.5035063270129219,0,0.0
initial,0,0,0.501909527962554,0,0.0
initial,0,0,0.5286044824257442,0,0.0
initial,0,0,0.5179441659409219,0,0.0
initial,0,0,0.5089138681615583,0,0.0
initial,0,0,0.5025170587304357,0,0.0
initial,0,0,0.5231874000312896,0,0.0
initial,0,0,0.569757047610582,0,0.0
initial,0,0,0.6125173266276376,0,0.0
initial,0,0,0.6316429745524593,0,0.0
initial,0,0,0.514888909284218,0,0.0
initial,0,0,0.6111536993290837,0,0.0
initial,0,0,0.5051294846139578,0,0.0
initial,0,0,0.5203940971734375,0,0.0
initial,0,0,0.5027858606805822,0,0.0
initial,0,0,0.5440400296131616,0,0.0
initial,0,0,0.9871232246202704,0,0.0
initial,0,0,0.7094766150222592,0,0.0
initial,0,0,0.5241370565472901,0,0.0
initial,0,0,0.5014094613534763,0,0.0
initial,0,0,0.51139152649531,0,0.0
initial,0,0,0.5413788174216678,0,0.0
initial,0,0,0.5021979489901148,0,0.0
initial,0,0,0.5021180767244856,0,0.0
initial,0,0,0.7702794061814849,0,0.0
initial,0,0,0.5222504110739015,0,0.0
initial,0,0,0.52498381639673,0,0.0
initial,0,0,0.5139629918051866,0,0.0
initial,0,0,0.5188098885030762,0,0.0
initial,0,0,0.516853598134275,0,0.0
initial,0,0,0.7182715698717275,0,0.0
initial,0,0,0.6039915103161266,0,0.0
initial,0,0,0.6279991606867273,0,0.0
initial,0,0,0.5117536616138665,0,0.0
initial,0,0,0.5013176175089783,0,0.0
initial,0,0,0.5028667024211615,0,0.0
initial,0,0,0.5389850576740407,0,0.0
initial,0,0,0.5049594159657192,0,0.0
initial,0,0,0.6657809875751273,0,0.0
initial,0,0,0.551742222789081,0,0.0
initial,0,0,0.5643474555023233,0,0.0
initial,0,0,0.5269795329348139,0,0.0
initial,0,0,0.5388973842041326,0,0.0
initial,0,0,0.5024420128469541,0,0.0
initial,0,0,0.7110005753319577,0,0.0
initial,0,0,0.8419166749023178,0,0.0
initial,0,0,0.5254578842556716,0,0.0
initial,0,0,0.6702152479220269,0,0.0
initial,0,0,0.5131035679118399,0,0.0
initial,0,0,0.5522937179233399,0,0.0
initial,0,0,0.506186854637682,0,0.0
initial,0,0,0.9270731247405186,0,0.0
initial,0,0,0.6213835880597907,0,0.0
initial,0,0,0.5128474069901622,0,0.0
initial,0,0,0.5733934519216948,0,0.0
initial,0,0,0.5064495742780513,0,0.0
initial,0,0,0.502104232959679,0,0.0
initial,0,0,0.518625903538111,0,0.0
initial,0,0,0.686827770566889,0,0.0
initial,0,0,0.5223426032085795,0,0.0
initial,0,0,0.503474367387696,0,0.0
initial,0,0,0.5159818796704442,0,0.0
initial,0,0,0.5127261790882854,0,0.0
initial,0,0,0.5119931607164493,0,0.0
initial,0,0,0.6647832528718126,0,0.0
initial,0,0,0.521202093720453,0,0.0
initial,0,0,0.5884165746343206,0,0.0
initial,0,0,0.5012069840164313,0,0.0
initial,0,0,0.5151185782210933,0,0.0
initial,0,0,0.6153221520923144,0,0.0
initial,0,0,0.5105510127132484,0,0.0
initial,0,0,0.6896435656190891,0,0.0
initial,0,0,0.5184844903476936,0,0.0
initial,0,0,0.5382982782321,0,0.0
initial,0,0,0.6866022690787663,0,0.0
initial,0,0,0.5077564784626827,0,0.0
initial,0,0,0.503971961539467,0,0.0
initial,0,0,0.6433929632224902,0,0.0
initial,0,0,0.5413755293485096,0,0.0
initial,0,0,0.50389546389629,0,0.0
initial,0,0,0.5158544739278635,0,0.0
initial,0,0,0.5033788363376508,0,0.0
initial,0,0,0.5030651520175778,0,0.0
initial,0,0,0.5141976693423943,0,0.0
initial,0,0,0.7727919715487871,0,0.0
initial,0,0,0.5782118892666781,0,0.0
initial,0,0,0.8093774417493761,0,0.0
initial,0,0,0.5019905332685614,0,0.0
initial,0,0,0.5100949857539147,0,0.0
initial,0,0,0.5503580778805084,0,0.0
initial,0,0,0.6228533615899495,0,0.0
initial,0,0,0.6258736175066779,0,0.0
initial,0,0,0.6243261961005955,0,0.0
initial,0,0,0.5138645040322529,0,0.0
initial,0,0,0.5859840434344016,0,0.0
initial,0,0,0.5041693819270728,0,0.0
initial,0,0,0.5124475496186777,0,0.0
initial,0,0,0.9205950322659646,0,0.0
initial,0,0,0.5514265015972365,0,0.0
initial,0,0,0.5484166803412788,0,0.0
initial,0,0,0.510924453653862,0,0.0
initial,0,0,0.5253300471568759,0,0.0
initial,0,0,0.6237376133229078,0,0.0
initial,0,0,0.5259086206304282,0,0.0
initial,0,0,0.5038305911647551,0,0.0
initial,0,0,0.789144150502854,0,0.0
initial,0,0,0.5104785601139847,0,0.0
initial,0,0,0.5450619534091486,0,0.0
initial,0,0,0.5182972251490067,0,0.0
initial,0,0,0.5105492459775759,0,0.0
initial,0,0,0.5061389010646308,0,0.0
initial,0,0,0.6106503244976889,0,0.0
initial,0,0,0.5280497957805673,0,0.0
initial,0,0,0.5173676628679723,0,0.0
initial,0,0,0.5067485829303168,0,0.0
initial,0,0,0.505187492444767,0,0.0
initial,0,0,0.5048302058132129,0,0.0
initial,0,0,0.5446044548625197,0,0.0
initial,0,0,0.5163895813837439,0,0.0
initial,0,0,0.512109630427904,0,0.0
initial,0,0,0.547895503077726,0,0.0
initial,0,0,0.6262171561864855,0,0.0
initial,0,0,0.5580570986131013,0,0.0
initial,0,0,0.5213139634250543,0,0.0
initial,0,0,0.5405943895813206,0,0.0
initial,0,0,0.565376920784279,0,0.0
initial,0,0,0.6348185777312854,0,0.0
initial,0,0,0.504196109744478,0,0.0
initial,0,0,0.9412547170784793,0,0.0
initial,0,0,0.9135372244526831,0,0.0
initial,0,0,0.5372050152186751,0,0.0
initial,0,0,0.517897568598226,0,0.0
initial,0,0,0.516691300401972,0,0.0
initial,0,0,0.7443565188971782,0,0.0
initial,0,0,0.6741359170427854,0,0.0
initial,0,0,0.5041118219783915,0,0.0
initial,0,0,0.5196028593664633,0,0.0
initial,0,0,0.5293165447824937,0,0.0
initial,0,0,0.5407004863715895,0,0.0
initial,0,0,0.5033748414410871,0,0.0
initial,0,0,0.5202234387716135,0,0.0
initial,0,0,0.505615636486391,0,0.0
initial,0,0,0.5258643697769563,0,0.0
initial,0,0,0.5058131628196236,0,0.0
initial,0,0,0.5702289940925569,0,0.0
initial,0,0,0.5668810340571006,0,0.0
initial,0,0,0.5125931718478347,0,0.0
initial,0,0,0.5313741891616686,0,0.0
initial,0,0,0.5220761635482093,0,0.0
initial,0,0,0.5193738541664769,0,0.0
initial,0,0,0.5115242145525764,0,0.0
initial,0,0,0.6315351234252232,0,0.0
initial,0,0,0.5405293673085174,0,0.0
initial,0,0,0.5455618997125641,0,0.0
initial,0,0,0.5017670647366186,0,0.0
initial,0,0,0.8115410995919082,0,0.0
initial,0,0,0.5147242616321787,0,0.0
initial,0,0,0.5057626077106064,0,0.0
initial,0,0,0.5112602469418562,0,0.0
initial,0,0,0.5036025445779084,0,0.0
initial,0,0,0.584284687731899,0,0.0
initial,0,0,0.5202250703707042,0,0.0
initial,0,0,0.5055076012487983,0,0.0
initial,0,0,0.5097656610367289,0,0.0
initial,0,0,0.5012996781353344,0,0.0
initial,0,0,0.5133569458559871,0,0.0
initial,0,0,0.5948377080569823,0,0.0
initial,0,0,0.5337884831564083,0,0.0
initial,0,0,0.5245876295402013,0,0.0
initial,0,0,0.5050666482907398,0,0.0
initial,0,0,0.5126180103268012,0,0.0
initial,0,0,0.5015711297100317,0,0.0
initial,0,0,0.5138249264547099,0,0.0
initial,0,0,0.5020599711031326,0,0.0
initial,0,0,0.6190925987356893,0,0.0
initial,0,0,0.5685867204298033,0,0.0
initial,0,0,0.5096805382792176,0,0.0
initial,0,0,0.5077771463310544,0,0.0
initial,0,0,0.5135498406505287,0,0.0
initial,0,0,0.503170595897688,0,0.0
initial,0,0,0.771026069024883,0,0.0
initial,0,0,0.5127098748472945,0,0.0
initial,0,0,0.5575246131054005,0,0.0
initial,0,0,0.5219190862671846,0,0.0
initial,0,0,0.5099343592453552,0,0.0
initial,0,0,0.5049560603076303,0,0.0
initial,0,0,0.5031450202914228,0,0.0
initial,0,0,0.525036624263645,0,0.0
initial,0,0,0.5774451450800728,0,0.0
initial,0,0,0.5435684763173038,0,0.0
initial,0,0,0.5032460269113374,0,0.0
initial,0,0,0.5248691946483282,0,0.0
initial,0,0,0.5017428186781613,0,0.0
initial,0,0,0.5318163891000215,0,0.0
initial,0,0,0.5096271261755349,0,0.0
initial,0,0,0.5673263094044257,0,0.0
initial,0,0,0.5029552573264372,0,0.0
initial,0,0,0.9485084703343856,0,0.0
initial,0,0,0.5019956040912379,0,0.0
initial,0,0,0.55047511161655,0,0.0
initial,0,0,0.54783926212933,0,0.0
initial,0,0,0.7253950533964406,0,0.0
initial,0,0,0.5122095419456543,0,0.0
initial,0,0,0.6343278635862748,0,0.0
initial,0,0,0.5022499386527349,0,0.0
initial,0,0,0.5341423541771821,0,0.0
initial,0,0,0.5157341584917139,0,0.0
initial,0,0,0.5018790897772365,0,0.0
initial,0,0,0.6051987389973894,0,0.0
initial,0,0,0.5201552996850347,0,0.0
initial,0,0,0.5018082060144183,0,0.0
initial,0,0,0.513718616145763,0,0.0
initial,0,0,0.5661310041484805,0,0.0
initial,0,0,0.5394886227583129,0,0.0
initial,0,0,0.5047014829338212,0,0.0
initial,0,0,0.5170890037614363,0,0.0
initial,0,0,0.5405938369209704,0,0.0
initial,0,0,0.502531133608361,0,0.0
initial,0,0,0.6478472828504325,0,0.0
initial,0,0,0.6827227944190042,0,0.0
initial,0,0,0.5590755119197232,0,0.0
initial,0,0,0.5031995478930681,0,0.0
initial,0,0,0.7382126093372277,0,0.0
initial,0,0,0.510966917622851,0,0.0
initial,0,0,0.5221840268680029,0,0.0
initial,0,0,0.5102974163375054,0,0.0
initial,0,0,0.6691015481530515,0,0.0
initial,0,0,0.5027385159808666,0,0.0
initial,0,0,0.5544137464615463,0,0.0
initial,0,0,0.5036527973292791,0,0.0
initial,0,0,0.5103218428865135,0,0.0
initial,0,0,0.5018312165684834,0,0.0
initial,0,0,0.5135143170712981,0,0.0
initial,0,0,0.7143216226664354,0,0.0
initial,0,0,0.5394555260553489,0,0.0
initial,0,0,0.5357505135721923,0,0.0
initial,0,0,0.515580979262618,0,0.0
initial,0,0,0.5150175638079788,0,0.0
initial,0,0,0.5340252004516828,0,0.0
initial,0,0,0.517436317738859,0,0.0
initial,0,0,0.5022367207688176,0,0.0
initial,0,0,0.512356771140327,0,0.0
initial,0,0,0.5172834392627185,0,0.0
initial,0,0,0.5112185273812407,0,0.0
initial,0,0,0.7394164516908679,0,0.0
initial,0,0,0.5901489374972665,0,0.0
initial,0,0,0.525811945797236,0,0.0
initial,0,0,0.5124170059918884,0,0.0
initial,0,0,0.9374571260899798,0,0.0
initial,0,0,0.5134617258607457,0,0.0
initial,0,0,0.5235603694608637,0,0.0
initial,0,0,0.5100988878877994,0,0.0
initial,0,0,0.5033709154608162,0,0.0
initial,0,0,0.5017482157864773,0,0.0
initial,0,0,0.5910167827065381,0,0.0
initial,0,0,0.5610401513091317,0,0.0
initial,0,0,0.5049518992887613,0,0.0
initial,0,0,0.511309004899759,0,0.0
initial,0,0,0.5113276839532174,0,0.0
initial,0,0,0.5036415532983144,0,0.0
initial,0,0,0.5213862447199671,0,0.0
initial,0,0,0.5282288874440674,0,0.0
initial,0,0,0.5067107874891943,0,0.0
initial,0,0,0.5236684962543788,0,0.0
initial,0,0,0.6069180302303329,0,0.0
initial,0,0,0.5250563631962388,0,0.0
initial,0,0,0.5109313132480148,0,0.0
initial,0,0,0.5086371096787684,0,0.0
initial,0,0,0.5056058716902344,0,0.0
initial,0,0,0.5730504492285985,0,0.0
initial,0,0,0.7745506707749112,0,0.0
initial,0,0,0.5048159140813161,0,0.0
initial,0,0,0.6282528334217122,0,0.0
initial,0,0,0.5317507272172393,0,0.0
initial,0,0,0.6004701103501382,0,0.0
initial,0,0,0.5123858451225787,0,0.0
initial,0,0,0.5209587848773534,0,0.0
initial,0,0,0.5288565925724763,0,0.0
initial,0,0,0.5621017452956271,0,0.0
initial,0,0,0.5157312704825531,0,0.0
initial,0,0,0.5073746124096532,0,0.0
initial,0,0,0.5210509284354007,0,0.0
initial,0,0,0.7180948582983884,0,0.0
initial,0,0,0.5148109234519659,0,0.0
initial,0,0,0.5072890908324468,0,0.0
initial,0,0,0.5116123716025607,0,0.0
initial,0,0,0.545016397004801,0,0.0
initial,0,0,0.5095261790988418,0,0.0
initial,0,0,0.5166841232387576,0,0.0
initial,0,0,0.5043969396754372,0,0.0
initial,0,0,0.504785768690458,0,0.0
initial,0,0,0.5448730113814907,0,0.0
initial,0,0,0.7677995340448955,0,0.0
initial,0,0,0.5118998268529902,0,0.0
initial,0,0,0.8365922552103415,0,0.0
initial,0,0,0.6646174275074539,0,0.0
initial,0,0,0.5101749274529,0,0.0
initial,0,0,0.5038694847977198,0,0.0
initial,0,0,0.542288855325198,0,0.0
initial,0,0,0.5024120661036993,0,0.0
initial,0,0,0.5311500255690799,0,0.0
initial,0,0,0.5016264382249799,0,0.0
initial,0,0,0.5027629430705881,0,0.0
initial,0,0,0.8149737348266253,0,0.0
initial,0,0,0.5076520228153993,0,0.0
initial,0,0,0.5559723009052071,0,0.0
initial,0,0,0.5192098892176347,0,0.0
initial,0,0,0.5097905741876232,0,0.0
initial,0,0,0.6860136514020918,0,0.0
initial,0,0,0.5797725131123049,0,0.0
initial,0,0,0.5372010694828261,0,0.0
initial,0,0,0.5049443795638248,0,0.0
initial,0,0,0.5035122590780061,0,0.0
initial,0,0,0.5054623174701806,0,0.0
initial,0,0,0.5235012447021953,0,0.0
initial,0,0,0.5680566495984648,0,0.0
initial,0,0,0.5057675627180687,0,0.0
initial,0,0,0.5189035152469427,0,0.0
initial,0,0,0.571849737739347,0,0.0
initial,0,0,0.5662199704535038,0,0.0
initial,0,0,0.5151686619354806,0,0.0
initial,0,0,0.5095185998649473,0,0.0
initial,0,0,0.5108843226379591,0,0.0
initial,0,0,0.5334782833559684,0,0.0
initial,0,0,0.5016232713758736,0,0.0
initial,0,0,0.5114993902205983,0,0.0
initial,0,0,0.5125661524475528,0,0.0
initial,0,0,0.5173735793002007,0,0.0
initial,0,0,0.7655608041790053,0,0.0
initial,0,0,0.8699881623164298,0,0.0
initial,0,0,0.5221097745436964,0,0.0
initial,0,0,0.508024177394851,0,0.0
initial,0,0,0.5011941630869802,0,0.0
initial,0,0,0.5180229255035605,0,0.0
initial,0,0,0.515403578257872,0,0.0
initial,0,0,0.522560908611689,0,0.0
initial,0,0,0.534804293901108,0,0.0
initial,0,0,0.5300306712771563,0,0.0
initial,0,0,0.8709566513761307,0,0.0
initial,0,0,0.6576676541700421,0,0.0
initial,0,0,0.82936523201975,0,0.0
initial,0,0,0.5026690349444928,0,0.0
initial,0,0,0.5016072795987475,0,0.0
initial,0,0,0.5467652674082888,0,0.0
initial,0,0,0.5774892684135391,0,0.0
initial,0,0,0.5752854740249399,0,0.0
initial,0,0,0.5083664895309319,0,0.0
initial,0,0,0.559662813292082,0,0.0
initial,0,0,0.5042105263154317,0,0.0
initial,0,0,0.5024317659595969,0,0.0
initial,0,0,0.5076782924496088,0,0.0
initial,0,0,0.6948917953928837,0,0.0
initial,0,0,0.6317656747380878,0,0.0
initial,0,0,0.5646489975672069,0,0.0
initial,0,0,0.5142614916565857,0,0.0
initial,0,0,0.5062304111401398,0,0.0
initial,0,0,0.5277557874593928,0,0.0
initial,0,0,0.503659270397512,0,0.0
initial,0,0,0.5206028957381049,0,0.0
initial,0,0,0.5938106547761537,0,0.0
initial,0,0,0.5753935246532327,0,0.0
initial,0,0,0.5204718789229732,0,0.0
initial,0,0,0.6487866901342492,0,0.0
initial,0,0,0.6183352120352232,0,0.0
initial,0,0,0.5215123547611122,0,0.0
initial,0,0,0.5605773211368753,0,0.0
initial,0,0,0.5509220502811203,0,0.0
initial,0,0,0.5098371124523643,0,0.0
initial,0,0,0.5031191887865755,0,0.0
initial,0,0,0.5236057858932339,0,0.0
initial,0,0,0.5025461021561305,0,0.0
initial,0,0,0.5059165197431658,0,0.0
initial,0,0,0.728325184962707,0,0.0
initial,0,0,0.5531257808474437,0,0.0
initial,0,0,0.5134159170730419,0,0.0
initial,0,0,0.652934947668495,0,0.0
initial,0,0,0.5034959831737422,0,0.0
initial,0,0,0.5120518805927009,0,0.0
initial,0,0,0.6134823923963006,0,0.0
initial,0,0,0.5053500288821022,0,0.0
initial,0,0,0.5389029326829391,0,0.0
initial,0,0,0.509888781795972,0,0.0
initial,0,0,0.5681717234679309,0,0.0
initial,0,0,0.514300853831914,0,0.0
initial,0,0,0.5661063035467575,0,0.0
initial,0,0,0.5283179336745958,0,0.0
initial,0,0,0.534730262152443,0,0.0
initial,0,0,0.55449744544314,0,0.0
initial,0,0,0.5093659299135515,0,0.0
initial,0,0,0.5341781720845011,0,0.0
initial,0,0,0.5456637842606034,0,0.0
initial,0,0,0.5078469025481209,0,0.0
initial,0,0,0.8740433155727301,0,0.0
initial,0,0,0.5046459291537227,0,0.0
initial,0,0,0.5086115732670027,0,0.0
initial,0,0,0.50112654212398,0,0.0
initial,0,0,0.5067870944263441,0,0.0
initial,0,0,0.71418410624143,0,0.0
initial,0,0,0.5255423972635327,0,0.0
initial,0,0,0.5084339237463228,0,0.0
initial,0,0,0.5291561133340447,0,0.0
initial,0,0,0.7090748877281428,0,0.0
initial,0,0,0.520972830274526,0,0.0
initial,0,0,0.8939348634794049,0,0.0
initial,0,0,0.5068639591839494,0,0.0
initial,0,0,0.6044644162892533,0,0.0
initial,0,0,0.5067632622318649,0,0.0
initial,0,0,0.5460456424178626,0,0.0
initial,0,0,0.5023344965526251,0,0.0
initial,0,0,0.5069430445832601,0,0.0
initial,0,0,0.01,0,0.0
initial,0,0,0.010922330097087379,0,0.0
initial,0,0,0.011844660194174758,0,0.0
initial,0,0,0.012766990291262137,0,0.0
initial,0,0,0.013689320388349515,0,0.0
initial,0,0,0.014611650485436892,0,0.0
initial,0,0,0.015533980582524271,0,0.0
initial,0,0,0.01645631067961165,0,0.0
initial,0,0,0.01737864077669903,0,0.0
initial,0,0,0.018300970873786408,0,0.0
initial,0,0,0.019223300970873786,0,0.0
initial,0,0,0.020145631067961165,0,0.0
initial,0,0,0.021067961165048544,0,0.0
initial,0,0,0.021990291262135923,0,0.0
initial,0,0,0.0229126213592233,0,0.0
initial,0,0,0.02383495145631068,0,0.0
initial,0,0,0.02475728155339806,0,0.0
initial,0,0,0.025679611650485434,0,0.0
initial,0,0,0.026601941747572813,0,0.0
initial,0,0,0.027524271844660192,0,0.0
initial,0,0,0.02844660194174757,0,0.0
initial,0,0,0.02936893203883495,0,0.0
initial,0,0,0.03029126213592233,0,0.0
initial,0,0,0.031213592233009707,0,0.0
initial,0,0,0.032135922330097086,0,0.0
initial,0,0,0.033058252427184465,0,0.0
initial,0,0,0.03398058252427184,0,0.0
initial,0,0,0.03490291262135922,0,0.0
initial,0,0,0.0358252427184466,0,0.0
initial,0,0,0.03674757281553398,0,0.0
initial,0,0,0.03766990291262136,0,0.0
initial,0,0,0.03859223300970874,0,0.0
initial,0,0,0.039514563106796116,0,0.0
initial,0,0,0.040436893203883495,0,0.0
initial,0,0,0.041359223300970874,0,0.0
initial,0,0,0.04228155339805825,0,0.0
initial,0,0,0.04320388349514563,0,0.0
initial,0,0,0.04412621359223301,0,0.0
initial,0,0,0.04504854368932039,0,0.0
initial,0,0,0.04597087378640777,0,0.0
initial,0,0,0.046893203883495146,0,0.0
initial,0,0,0.047815533980582525,0,0.0
initial,0,0,0.048737864077669904,0,0.0
initial,0,0,0.04966019417475728,0,0.0
initial,0,0,0.05058252427184466,0,0.0
initial,0,0,0.05150485436893204,0,0.0
initial,0,0,0.05242718446601942,0,0.0
initial,0,0,0.0533495145631068,0,0.0
initial,0,0,0.05427184466019418,0,0.0
initial,0,0,0.055194174757281556,0,0.0
initial,0,0,0.056116504854368934,0,0.0
initial,0,0,0.05703883495145631,0,0.0
initial,0,0,0.05796116504854369,0,0.0
initial,0,0,0.05888349514563107,0,0.0
initial,0,0,0.05980582524271845,0,0.0
initial,0,0,0.06072815533980583,0,0.0
initial,0,0,0.06165048543689321,0,0.0
initial,0,0,0.06257281553398059,0,0.0
initial,0,0,0.06349514563106796,0,0.0
initial,0,0,0.06441747572815534,0,0.0
initial,0,0,0.06533980582524272,0,0.0
initial,0,0,0.0662621359223301,0,0.0
initial,0,0,0.06718446601941748,0,0.0
initial,0,0,0.06810679611650486,0,0.0
initial,0,0,0.06902912621359224,0,0.0
initial,0,0,0.06995145631067962,0,0.0
initial,0,0,0.070873786407767,0,0.0
initial,0,0,0.07179611650485437,0,0.0
initial,0,0,0.07271844660194174,0,0.0
initial,0,0,0.07364077669902912,0,0.0
initial,0,0,0.0745631067961165,0,0.0
initial,0,0,0.07548543689320387,0,0.0
initial,0,0,0.07640776699029125,0,0.0
initial,0,0,0.07733009708737863,0,0.0
initial,0,0,0.07825242718446601,0,0.0
initial,0,0,0.07917475728155339,0,0.0
initial,0,0,0.08009708737864077,0,0.0
initial,0,0,0.08101941747572815,0,0.0
initial,0,0,0.08194174757281553,0,0.0
initial,0,0,0.0828640776699029,0,0.0
initial,0,0,0.08378640776699028,0,0.0
initial,0,0,0.08470873786407766,0,0.0
initial,0,0,0.08563106796116504,0,0.0
initial,0,0,0.08655339805825242,0,0.0
initial,0,0,0.0874757281553398,0,0.0
initial,0,0,0.08839805825242718,0,0.0
initial,0,0,0.08932038834951456,0,0.0
initial,0,0,0.09024271844660194,0,0.0
initial,0,0,0.09116504854368931,0,0.0
initial,0,0,0.0920873786407767,0,0.0
initial,0,0,0.09300970873786407,0,0.0
initial,0,0,0.09393203883495145,0,0.0
initial,0,0,0.09485436893203883,0,0.0
initial,0,0,0.09577669902912621,0,0.0
initial,0,0,0.09669902912621359,0,0.0
initial,0,0,0.09762135922330097,0,0.0
initial,0,0,0.09854368932038834,0,0.0
initial,0,0,0.09946601941747572,0,0.0
initial,0,0,0.1003883495145631,0,0.0
initial,0,0,0.10131067961165048,0,0.0
initial,0,0,0.10223300970873786,0,0.0
initial,0,0,0.10315533980582524,0,0.0
initial,0,0,0.10407766990291262,0,0.0
initial,0,0,0.105,0,0.0
initial,0,0,0.10592233009708737,0,0.0
initial,0,0,0.10684466019417475,0,0.0
initial,0,0,0.10776699029126213,0,0.0
initial,0,0,0.10868932038834951,0,0.0
initial,0,0,0.10961165048543689,0,0.0
initial,0,0,0.11053398058252427,0,0.0
initial,0,0,0.11145631067961165,0,0.0
initial,0,0,0.11237864077669903,0,0.0
initial,0,0,0.1133009708737864,0,0.0
initial,0,0,0.11422330097087378,0,0.0
initial,0,0,0.11514563106796116,0,0.0
initial,0,0,0.11606796116504854,0,0.0
initial,0,0,0.11699029126213592,0,0.0
initial,0,0,0.1179126213592233,0,0.0
initial,0,0,0.11883495145631068,0,0.0
initial,0,0,0.11975728155339806,0,0.0
initial,0,0,0.12067961165048544,0,0.0
initial,0,0,0.12160194174757281,0,0.0
initial,0,0,0.12252427184466019,0,0.0
initial,0,0,0.12344660194174757,0,0.0
initial,0,0,0.12436893203883495,0,0.0
initial,0,0,0.12529126213592234,0,0.0
initial,0,0,0.1262135922330097,0,0.0
initial,0,0,0.1271359223300971,0,0.0
initial,0,0,0.12805825242718447,0,0.0
initial,0,0,0.12898058252427186,0,0.0
initial,0,0,0.12990291262135922,0,0.0
initial,0,0,0.13082524271844662,0,0.0
initial,0,0,0.13174757281553398,0,0.0
initial,0,0,0.13266990291262137,0,0.0
initial,0,0,0.13359223300970874,0,0.0
initial,0,0,0.13451456310679613,0,0.0
initial,0,0,0.1354368932038835,0,0.0
initial,0,0,0.1363592233009709,0,0.0
initial,0,0,0.13728155339805825,0,0.0
initial,0,0,0.13820388349514565,0,0.0
initial,0,0,0.139126213592233,0,0.0
initial,0,0,0.1400485436893204,0,0.0
initial,0,0,0.14097087378640777,0,0.0
initial,0,0,0.14189320388349516,0,0.0
initial,0,0,0.14281553398058253,0,0.0
initial,0,0,0.14373786407766992,0,0.0
initial,0,0,0.14466019417475728,0,0.0
initial,0,0,0.14558252427184468,0,0.0
initial,0,0,0.14650485436893204,0,0.0
initial,0,0,0.14742718446601943,0,0.0
initial,0,0,0.1483495145631068,0,0.0
initial,0,0,0.1492718446601942,0,0.0
initial,0,0,0.15019417475728156,0,0.0
initial,0,0,0.15111650485436895,0,0.0
initial,0,0,0.15203883495145631,0,0.0
initial,0,0,0.1529611650485437,0,0.0
initial,0,0,0.15388349514563107,0,0.0
initial,0,0,0.15480582524271846,0,0.0
initial,0,0,0.15572815533980583,0,0.0
initial,0,0,0.15665048543689322,0,0.0
initial,0,0,0.1575728155339806,0,0.0
initial,0,0,0.15849514563106798,0,0.0
initial,0,0,0.15941747572815534,0,0.0
initial,0,0,0.16033980582524274,0,0.0
initial,0,0,0.1612621359223301,0,0.0
initial,0,0,0.1621844660194175,0,0.0
initial,0,0,0.16310679611650486,0,0.0
initial,0,0,0.16402912621359225,0,0.0
initial,0,0,0.16495145631067962,0,0.0
initial,0,0,0.165873786407767,0,0.0
initial,0,0,0.16679611650485437,0,0.0
initial,0,0,0.16771844660194177,0,0.0
initial,0,0,0.16864077669902913,0,0.0
initial,0,0,0.16956310679611653,0,0.0
initial,0,0,0.1704854368932039,0,0.0
initial,0,0,0.17140776699029128,0,0.0
initial,0,0,0.17233009708737865,0,0.0
initial,0,0,0.17325242718446604,0,0.0
initial,0,0,0.1741747572815534,0,0.0
initial,0,0,0.1750970873786408,0,0.0
initial,0,0,0.17601941747572816,0,0.0
initial,0,0,0.17694174757281556,0,0.0
initial,0,0,0.17786407766990292,0,0.0
initial,0,0,0.1787864077669903,0,0.0
initial,0,0,0.17970873786407768,0,0.0
initial,0,0,0.18063106796116507,0,0.0
initial,0,0,0.18155339805825244,0,0.0
initial,0,0,0.18247572815533983,0,0.0
initial,0,0,0.1833980582524272,0,0.0
initial,0,0,0.18432038834951459,0,0.0
initial,0,0,0.18524271844660195,0,0.0
initial,0,0,0.18616504854368934,0,0.0
initial,0,0,0.1870873786407767,0,0.0
initial,0,0,0.1880097087378641,0,0.0
initial,0,0,0.18893203883495147,0,0.0
initial,0,0,0.18985436893203886,0,0.0
initial,0,0,0.19077669902912622,0,0.0
initial,0,0,0.19169902912621362,0,0.0
initial,0,0,0.19262135922330098,0,0.0
initial,0,0,0.19354368932038837,0,0.0
initial,0,0,0.19446601941747574,0,0.0
initial,0,0,0.19538834951456313,0,0.0
initial,0,0,0.1963106796116505,0,0.0
initial,0,0,0.1972330097087379,0,0.0
initial,0,0,0.19815533980582525,0,0.0
initial,0,0,0.19907766990291265,0,0.0
initial,0,0,0.2,0,0.0
initial,1,0,0.6519959476365607,1,0.9798743266710171
initial,2,0,0.8391660379329922,2,0.873492160797644
initial,3,0,0.8354857053100179,3,0.8845977116738708
initial,4,0,0.8615415316744762,4,0.8752740383726478
initial,5,0,0.8250596571220635,5,0.9219557198809822
initial,6,0,0.9562235555914431,6,0.8617571995345858
initial,7,0,0.8450139789347297,7,0.9723127559994502
initial,8,0,0.8107020563308021,8,0.9422735917112577
initial,9,0,0.8121023737645328,9,0.9539327820954338
initial,10,0,0.9395843474362413,10,0.8126029994030561
initial,11,0,0.9116438312133757,11,0.9867116909325733
initial,12,0,0.8828533864716827,12,0.9736049146608714
initial,13,0,0.8428858631956084,13,0.8000613351567791
initial,14,0,0.7531598483110657,14,0.9607946646901855
initial,15,0,0.9338166676807956,15,0.9340558213609191
initial,16,0,0.9664646944501187,16,0.9259095935124414
initial,17,0,0.9476023512094163,17,0.8933162708051934
initial,18,0,0.8827370387018418,18,0.8832767259540627
initial,19,0,0.9620656347847534,19,0.9492795365904056
initial,20,0,0.9226545576116172,20,0.9363466075670082
initial,21,0,0.9054129678407895,21,0.9703117101759338
initial,22,0,0.7112901121693154,22,0.9371691873545801
initial,23,0,0.921555186485514,23,0.9526162860348935
initial,24,0,0.9136862173218483,24,0.8890914664949303
initial,25,0,0.7899580574616325,25,0.8998247902614334
initial,26,0,0.8562090672520672,26,0.9354469371420382
initial,27,0,0.8232040204014621,27,0.8854818020973384
initial,28,0,0.961666792018819,28,0.8912922823602434
initial,29,0,0.8874865554567999,29,0.9584198920269138
initial,30,0,0.9528504087086871,30,0.9279299016347862
initial,31,0,0.9236209418137724,31,0.9644402139570025
initial,32,0,0.8956845292402166,32,0.9523231577497231
initial,33,0,0.9089064934940803,33,0.9260841857336377
initial,34,0,0.9462104256840328,34,0.9091754188549053
initial,35,0,0.7419101393533792,35,0.9085362796832285
initial,36,0,0.9248761636636836,36,0.9767341235334416
initial,37,0,0.9359717486357237,37,0.9610385499904088
initial,38,0,0.987601851094846,38,0.830807829517114
initial,39,0,0.7204846055025378,39,0.941300471158949
initial,40,0,0.7334948280698746,40,0.893531981916929
initial,41,0,0.9131650725884246,41,0.9191744748080131
initial,42,0,0.8300170339048326,42,0.8781237024995443
initial,43,0,0.8231819897838986,43,0.9159260444935005
initial,44,0,0.8166872747042044,44,0.9129561071578616
initial,45,0,0.9405387570514913,45,0.9017033764997591
initial,46,0,0.9085621393997018,46,0.9806295204876863
initial,47,0,0.8638567255123732,47,0.9762346760468282
initial,48,0,0.7430603558449895,48,0.9536862488140846
initial,49,0,0.66915826302216,49,0.9703869016995738
initial,50,0,0.8965854879516804,50,0.9752186847534793
initial,51,0,0.6731983792434884,51,0.9010650707725649
initial,52,0,0.8425579500475867,52,0.9188769216825172
initial,53,0,0.7600129500186181,53,0.9217127053838821
initial,54,0,0.9567323187332568,54,0.9573340763369228
initial,55,0,0.7777358106541851,55,0.9187740677494698
initial,56,0,0.947451886826309,56,0.9284924339528086
initial,57,0,0.9830187366499246,57,0.8700454524210237
initial,58,0,0.8392404779677214,58,0.9475455516160979
initial,59,0,0.7704287893855741,59,0.8538325752865261
initial,60,0,0.8662930765621918,60,0.95762967394183
initial,61,0,0.9408750802675068,61,0.9066964220604938
initial,62,0,0.9556586850659716,62,0.8709076385038397
initial,63,0,0.7716378683057981,63,0.9440040846392173
initial,64,0,0.6688822410587216,64,0.8888718921537666
initial,65,0,0.8732979959099025,65,0.9158585281685023
initial,66,0,0.7948565227397448,66,0.9512541429868504
initial,67,0,0.911745864982533,67,0.97614735242487
initial,68,0,0.679024952529218,68,0.9197261151629473
initial,69,0,0.9150954762751299,69,0.8367512436516972
initial,70,0,0.8900097328392389,70,0.9228764709315084
initial,71,0,0.6351826902841045,71,0.8851450286795305
initial,72,0,0.9797714462455624,72,0.8386458928396685
initial,73,0,0.8564080450859861,73,0.8209543183602616
initial,74,0,0.9633614315092778,74,0.8380720831124429
initial,75,0,0.7842297485212675,75,0.9417035014727326
initial,76,0,0.8412364622855517,76,0.9682764963386179
initial,77,0,0.910022582283164,77,0.9584449344485582
initial,78,0,0.8543439380664928,78,0.9228826788967114
initial,79,0,0.7321636121719152,79,0.9755120406976614
initial,80,0,0.9040489126013055,80,0.9685666772704349
initial,81,0,0.9159547825542321,81,0.9087783471148285
initial,82,0,0.8164008242384044,82,0.954224606330797
initial,83,0,0.8841111960756678,83,0.9280240770879812
initial,84,0,0.9177634936537299,84,0.844150044013118
initial,85,0,0.920432053607398,85,0.9563080835757356
initial,86,0,0.913371149825914,86,0.9561958107541488
initial,87,0,0.6957252780310071,87,0.791579837332292
initial,88,0,0.7802394631107679,88,0.8082058686163377
initial,89,0,0.8941159049127638,89,0.8106596552336329
initial,90,0,0.92560577038039,90,0.9275321275002739
initial,91,0,0.69925227517046,91,0.9539599900811704
initial,92,0,0.9065637499253703,92,0.8830180468299981
initial,93,0,0.8726640894533475,93,0.9673104076520683
initial,94,0,0.8181243695448205,94,0.9279511149255641
initial,95,0,0.8390069750524691,95,0.6749247120111872
initial,96,0,0.9576692760762864,96,0.8895438953407866
initial,97,0,0.8762645319409709,97,0.8352360796726545
initial,98,0,0.949989720512421,98,0.8799514235249855
initial,99,0,0.7426038465137165,99,0.9431533613570309
initial,100,0,0.9687736517956759,100,0.8485152980487108
initial,101,0,0.9526289512436805,101,0.8148756149766455
initial,102,0,0.9355447307269702,102,0.9451809271926047
initial,103,0,0.9824369387422964,103,0.8934378788871021
initial,104,0,0.8800102450371916,104,0.967705988439567
initial,105,0,0.887007697918911,105,0.7032269915595628
initial,106,0,0.9662644172957696,106,0.8768699173652519
initial,107,0,0.8837072693617112,107,0.9597205740453079
initial,108,0,0.856993429207221,108,0.9471854768598689
initial,109,0,0.9100043714502359,109,0.8118036557057635
initial,110,0,0.7321955259770475,110,0.9730887732698869
initial,111,0,0.8680474894444299,111,0.8737850134910907
initial,112,0,0.8941337489883909,112,0.9569762653146043
initial,113,0,0.8317815683697736,113,0.9526449493187211
initial,114,0,0.7299184777125716,114,0.9454980480462449
initial,115,0,0.866217824543251,115,0.8432553720677003
initial,116,0,0.8732163042390646,116,0.9440411139231164
initial,117,0,0.5800882766909191,117,0.9054151247245094
initial,118,0,0.9300983681444728,118,0.976052103360509
initial,119,0,0.7740179507124568,119,0.8861342443267558
initial,120,0,0.9078330202168392,120,0.94138902694339
initial,121,0,0.8955333951463975,121,0.8382868315470867
initial,122,0,0.8716343588099617,122,0.870941208469028
initial,123,0,0.7822811024986476,123,0.9681432604495459
initial,124,0,0.7417480955360067,124,0.8348756026810085
initial,125,0,0.955252992050924,125,0.9668781639803444
initial,126,0,0.9252763344262045,126,0.9650043768787255
initial,127,0,0.8358009974542966,127,0.9458772089656031
initial,128,0,0.9158769492624778,128,0.8825844137574362
initial,129,0,0.7994062630422132,129,0.927970323641633
initial,130,0,0.5909644739736972,130,0.8038245065565315
initial,131,0,0.8354230040730972,131,0.9409258679006265
initial,132,0,0.9156657995790862,132,0.9039758878483561
initial,133,0,0.9082726848865278,133,0.8755867818572318
initial,134,0,0.8677210838524871,134,0.9569056292577336
initial,135,0,0.8190163477005653,135,0.9239917164834084
initial,136,0,0.8989364645118326,136,0.8893593748077282
initial,137,0,0.7161927711764416,137,0.877258691649456
initial,138,0,0.8213669035425955,138,0.9572242772587256
initial,139,0,0.9311185933121493,139,0.980248649441652
initial,140,0,0.8519791724371207,140,0.9449688298103252
initial,141,0,0.9622619236736019,141,0.9393703158909692
initial,142,0,0.9135100941415281,142,0.9646808078191212
initial,143,0,0.8836017178786615,143,0.8566672151551202
initial,144,0,0.7647975193502137,144,0.9361399974673543
initial,145,0,0.8342552654662996,145,0.9647211335100022
initial,146,0,0.8267178028444131,146,0.8618268342047395
initial,147,0,0.8753368150699165,147,0.9126169319100059
initial,148,0,0.8190175137884935,148,0.9291495867552828
initial,149,0,0.965507692179864,149,0.915989153871846
initial,150,0,0.8980423899791709,150,0.9442386411165945
initial,151,0,0.7293890680325189,151,0.8769283037961562
initial,152,0,0.8874355332311579,152,0.9031103912332303
initial,153,0,0.7674314842304306,153,0.8534888609897737
initial,154,0,0.973521903661852,154,0.7750293047724377
initial,155,0,0.9292089617199134,155,0.8919813278887536
initial,156,0,0.7465359606309937,156,0.9206648448606811
initial,157,0,0.7647327991749,157,0.8916958710616181
initial,158,0,0.793635860261229,158,0.8236606986958361
initial,159,0,0.9297405609015761,159,0.967791092272856
initial,160,0,0.729423535440798,160,0.8173846071455022
initial,161,0,0.8604386866783599,161,0.8559866704507224
initial,162,0,0.6723531236367375,162,0.8636890617918555
initial,163,0,0.9167303096798158,163,0.8936590192295165
initial,164,0,0.799715950099515,164,0.9633691221350803
initial,165,0,0.8301233338993573,165,0.8953003146160897
initial,166,0,0.8966641510066634,166,0.8031832474028705
initial,167,0,0.7350691768950304,167,0.8579111897218823
initial,168,0,0.9542091925575567,168,0.9410156016311445
initial,169,0,0.9259981317666909,169,0.951037531028447
initial,170,0,0.7940118821646949,170,0.9389255800970582
initial,171,0,0.8453947024735032,171,0.8701069632411775
initial,172,0,0.9675735294864389,172,0.9287187782525461
initial,173,0,0.8109335525724486,173,0.8241834130703429
initial,174,0,0.8350717877137708,174,0.9418791986839958
initial,175,0,0.8263984816931891,175,0.9539405006238872
initial,176,0,0.9414933280236989,176,0.9862889104178909
initial,177,0,0.919024737588156,177,0.9670402984344786
initial,178,0,0.8327004097933446,178,0.7872643057159647
initial,179,0,0.9433268310537481,179,0.9021286247818177
initial,180,0,0.8201030481977234,180,0.9842611122710037
initial,181,0,0.8795661475001215,181,0.8118546676621423
initial,182,0,0.9286420251385538,182,0.8591675789129454
initial,183,0,0.8652422782253938,183,0.7813010976922219
initial,184,0,0.7665152466236341,184,0.8489183087913112
initial,185,0,0.8396406406050664,185,0.8593150257420852
initial,186,0,0.8912808792406057,186,0.9443102505588306
initial,187,0,0.8266581656306045,187,0.9066620081944066
initial,188,0,0.9464752779102659,188,0.8682117241576957
initial,189,0,0.8442071517314873,189,0.8694379467907597
initial,190,0,0.9406338206677316,190,0.9062780348873654
initial,191,0,0.9856947258166282,191,0.8687696486836156
initial,192,0,0.7424106049287138,192,0.757861115384246
initial,193,0,0.8424747642507955,193,0.9036459800872985
initial,194,0,0.9038552250424092,194,0.8513378399097702
initial,195,0,0.7314616355066972,195,0.9753928442742488
initial,196,0,0.9579748627131119,196,0.8681706666958942
initial,197,0,0.7261803100587929,197,0.8944416777740872
initial,198,0,0.6892085637571568,198,0.9082996880542522
initial,199,0,0.8991300042698349,199,0.8724641495820784
initial,200,0,0.9196466734515358,200,0.9629540774358321
initial,201,0,0.7184833523181098,201,0.9400339277121303
initial,202,0,0.7060645712707011,202,0.8370272457436254
initial,203,0,0.7228259216992559,203,0.9865798311428895
initial,204,0,0.6471396403357995,204,0.8423594766433109
initial,205,0,0.9348131255992449,205,0.8915638216559648
initial,206,0,0.6932147110325508,206,0.956628134641009
initial,207,0,0.7307160834423994,207,0.9351511460254065
initial,208,0,0.8100907774803708,208,0.8863841510631845
initial,209,0,0.9889385765671574,209,0.82396481291518
initial,210,0,0.8917784254311759,210,0.86900407455004
initial,211,0,0.7618667835748776,211,0.9737772293021575
initial,212,0,0.7716752453798956,212,0.885905935098487
initial,213,0,0.7933341291352785,213,0.9650249129694712
initial,214,0,0.7559890389403005,214,0.9221182928825782
initial,215,0,0.8926118508968899,215,0.8874298500529235
initial,216,0,0.9455269304632719,216,0.9682295449869021
initial,217,0,0.9700039105722679,217,0.9687254158036767
initial,218,0,0.8436770888778864,218,0.9750183811786853
initial,219,0,0.9488218925252011,219,0.9069954660446722
initial,220,0,0.9741130142323349,220,0.9155977281449225
initial,221,0,0.9097749127506662,221,0.9745451418659592
initial,222,0,0.909518309667682,222,0.9347436601465271
initial,223,0,0.9186541859295505,223,0.7980809956674517
initial,224,0,0.813653834422105,224,0.7835701334025367
initial,225,0,0.8560558732019263,225,0.8850998949422807
initial,226,0,0.8915168142614973,226,0.8599367017234556
initial,227,0,0.891206475782381,227,0.8686417614315648
initial,228,0,0.8694048337212301,228,0.930047241249943
initial,229,0,0.9753557221715392,229,0.9826771667853329
initial,230,0,0.9750594340152973,230,0.8774910085588441
initial,231,0,0.9304087013507896,231,0.8943992052606509
initial,232,0,0.7130667529587488,232,0.8822374490643186
initial,233,0,0.8211260104003966,233,0.8970729537697926
initial,234,0,0.7820121387747565,234,0.9124991093537029
initial,235,0,0.9815365260497472,235,0.8394116442581392
initial,236,0,0.8411983549522298,236,0.9122027171749642
initial,237,0,0.9741580523627094,237,0.9313239036004823
initial,238,0,0.7579565194487979,238,0.940293210014407
initial,239,0,0.8691769264135032,239,0.9460288711367864
initial,240,0,0.8952998125570333,240,0.9392254281934995
initial,241,0,0.9022964022952603,241,0.9880382860640133
initial,242,0,0.8503474316250472,242,0.8286044929834457
initial,243,0,0.9416213131026205,243,0.9007429942963473
initial,244,0,0.8132639825693188,244,0.763589889411149
initial,245,0,0.9064972442163509,245,0.9005367110372211
initial,246,0,0.9494781225556561,246,0.9488049504090652
initial,247,0,0.979108889532204,247,0.8898955599083207
initial,248,0,0.7328483823695253,248,0.7469209082449713
initial,249,0,0.9253823268228628,249,0.8742116371398767
initial,250,0,0.9377903611017242,250,0.8461384620256174
initial,251,0,0.9490934597658677,251,0.9334254835592086
initial,252,0,0.9006798237377655,252,0.9479408007462129
initial,253,0,0.8217751619065574,253,0.8168422882592452
initial,254,0,0.8003545567468267,254,0.9259132977685893
initial,255,0,0.9046847016443489,255,0.9324467466178057
initial,256,0,0.8822771323153473,256,0.7973440668621612
initial,257,0,0.7058258869485765,257,0.9669241601078852
initial,258,0,0.9557151606469694,258,0.9411455755978653
initial,259,0,0.8986074819957932,259,0.9398921276584591
initial,260,0,0.8515315615654908,260,0.9761606094266699
initial,261,0,0.8997271085501906,261,0.9386488021512764
initial,262,0,0.8767351646309315,262,0.8047937740385056
initial,263,0,0.8183266382590587,263,0.9263024265752684
initial,264,0,0.9736275905675642,264,0.9580524540965738
initial,265,0,0.8453135323211045,265,0.8148737298611467
initial,266,0,0.9397895404638416,266,0.9199510223640852
initial,267,0,0.9764396346934994,267,0.8192901087026542
initial,268,0,0.9395400360987644,268,0.8647603739852661
initial,269,0,0.8218769891521287,269,0.925498747012299
initial,270,0,0.9162957575335617,270,0.9585253525032515
initial,271,0,0.8245473715387925,271,0.911194472140221
initial,272,0,0.882994697813262,272,0.9490218265023711
initial,273,0,0.722201554615078,273,0.9374042826919671
initial,274,0,0.7998761749566725,274,0.8419969519180113
initial,275,0,0.9281151526458842,275,0.9588234058475085
initial,276,0,0.9037783611086216,276,0.9209659897153628
initial,277,0,0.9149031266647691,277,0.9545976238249301
initial,278,0,0.8568276384620621,278,0.9147816104642857
initial,279,0,0.8011654194140841,279,0.9666477743272572
initial,280,0,0.8633369544377949,280,0.8441341912133464
initial,281,0,0.7197474823274457,281,0.9262348053030782
initial,282,0,0.7501514149643236,282,0.9332241564495269
initial,283,0,0.8234628786278442,283,0.9547947898523301
initial,284,0,0.9627768557235634,284,0.9417229547045959
initial,285,0,0.9800914223754771,285,0.912474401777061
initial,286,0,0.7357521017691314,286,0.8853844999675078
initial,287,0,0.8454906958130491,287,0.9085250307426431
initial,288,0,0.9121300084603903,288,0.9340947841335893
initial,289,0,0.965028425682077,289,0.9625162691380551
initial,290,0,0.9467893625655909,290,0.9756038564171186
initial,291,0,0.8845521040450839,291,0.9205831561525755
initial,292,0,0.8518371236077658,292,0.941706642814444
initial,293,0,0.8676267249880881,293,0.8618197512126697
initial,294,0,0.8699608301445388,294,0.8988702811415015
initial,295,0,0.9154198979945938,295,0.8947270057939548
initial,296,0,0.9197367593958156,296,0.928455819480529
initial,297,0,0.9405583494634264,297,0.9798332197393727
initial,298,0,0.960114169315377,298,0.8681786804595386
initial,299,0,0.9005570110806543,299,0.890299538515668
initial,300,0,0.8379412629716472,300,0.9764240857169488
initial,301,0,0.8440934622286131,301,0.9567018108299097
initial,302,0,0.858835880499951,302,0.8694223372562098
initial,303,0,0.9170040808389486,303,0.9221835204230842
initial,304,0,0.7908673824609757,304,0.8836325449411202
initial,305,0,0.8851367628764581,305,0.8458023490032683
initial,306,0,0.9744662358866418,306,0.9488580142252734
initial,307,0,0.833204401654777,307,0.8817013267707461
initial,308,0,0.9863734811204967,308,0.8663815643850976
initial,309,0,0.982606660567944,309,0.8019476298286731
initial,310,0,0.8138769111382371,310,0.9171266329864831
initial,311,0,0.8389213648150806,311,0.9556200988819816
initial,312,0,0.8043566246559843,312,0.9639736316973994
initial,313,0,0.881122734076633,313,0.8795434895165164
initial,314,0,0.917992542120363,314,0.9861414836093992
initial,315,0,0.9620377863869624,315,0.9100560503575702
initial,316,0,0.8646053120145177,316,0.9519691582303962
initial,317,0,0.8712388401250664,317,0.9049739513307518
initial,318,0,0.8345456902223829,318,0.9211202556259437
initial,319,0,0.8486993449411099,319,0.8830075079578312
initial,320,0,0.7813043060249159,320,0.9700995046402325
initial,321,0,0.905390662602999,321,0.8442477323361409
initial,322,0,0.9063594656738791,322,0.9874705380083793
initial,323,0,0.9027997802133416,323,0.8408696687854937
initial,324,0,0.9529595932207175,324,0.9469320809377824
initial,325,0,0.877338815526318,325,0.8924391250944766
initial,326,0,0.8553538044554447,326,0.9306666552729788
initial,327,0,0.8493673396192054,327,0.8113307431911176
initial,328,0,0.7241632046129757,328,0.9109172132314578
initial,329,0,0.9511606787781661,329,0.872607618549429
initial,330,0,0.8777820104824521,330,0.8288234929747832
initial,331,0,0.9844686545563175,331,0.9422418220081017
initial,332,0,0.8310878090922871,332,0.8665745925452715
initial,333,0,0.969529878004381,333,0.8832862774901151
initial,334,0,0.7836234404724204,334,0.9437515275043218
initial,335,0,0.8857526629125015,335,0.9359055600654784
initial,336,0,0.9855209274341339,336,0.9181893575955429
initial,337,0,0.7178342742143515,337,0.945643008235002
initial,338,0,0.9345698763149,338,0.9693016864912057
initial,339,0,0.8480489186137565,339,0.932798854613187
initial,340,0,0.8035918195665375,340,0.9421910350971161
initial,341,0,0.8688666438805275,341,0.9737923150406158
initial,342,0,0.7317351965192157,342,0.9498757791436307
initial,343,0,0.9666181587722769,343,0.9483137218293498
initial,344,0,0.7893564486194189,344,0.9047493158315689
initial,345,0,0.8224531251032967,345,0.8973857565538657
initial,346,0,0.8667330978081308,346,0.9487196106410869
initial,347,0,0.8655432684213074,347,0.8488079670559479
initial,348,0,0.9219270480230466,348,0.8317781906585393
initial,349,0,0.7189467587186611,349,0.9002890628143284
initial,350,0,0.9300619630861581,350,0.8895117774851637
initial,351,0,0.8426524405985063,351,0.9526967814403347
initial,352,0,0.8762247341933118,352,0.9246870715270872
initial,353,0,0.9097435475556996,353,0.9012327570299761
initial,354,0,0.8656877663607356,354,0.8823641282629964
initial,355,0,0.890042669066492,355,0.941483902043921
initial,356,0,0.8606824747493782,356,0.9210861151232519
initial,357,0,0.7859156814231008,357,0.8837297864281397
initial,358,0,0.8880043041293996,358,0.9609389426158808
initial,359,0,0.9110803580236557,359,0.8700933071665822
initial,360,0,0.9012675498371794,360,0.9828598917520488
initial,361,0,0.7924272192016091,361,0.9395471122894885
initial,362,0,0.7905144923463914,362,0.9606286046023378
initial,363,0,0.7900566533874566,363,0.9089201608538344
initial,364,0,0.8059263094450084,364,0.9133366355567425
initial,365,0,0.9814274702799093,365,0.9589720577233433
initial,366,0,0.7128203007425796,366,0.9177736969331283
initial,367,0,0.7141904198923524,367,0.9165724470654795
initial,368,0,0.8168625229235668,368,0.8702176347262035
initial,369,0,0.872025701940973,369,0.8560525244125858
initial,370,0,0.9200238892326698,370,0.9547973314032769
initial,371,0,0.9396058581045228,371,0.9287351058617315
initial,372,0,0.8098493747219613,372,0.8518368567852501
initial,373,0,0.9330958065169868,373,0.9185877051669316
initial,374,0,0.9221524717022489,374,0.9203502747331912
initial,375,0,0.9524874870661557,375,0.8489456176146621
initial,376,0,0.7431685265707129,376,0.8711034014261172
initial,377,0,0.9658056255750882,377,0.9605242380035139
initial,378,0,0.8996829183399437,378,0.8522256451482904
initial,379,0,0.8835178329702006,379,0.8794863438628509
initial,380,0,0.8233650573979825,380,0.9847451120315923
initial,381,0,0.9103634062187894,381,0.9032369019885115
initial,382,0,0.872416534401037,382,0.6773390877652463
initial,383,0,0.8476058853608162,383,0.9505613599923791
initial,384,0,0.8139452064660493,384,0.9699575437721071
initial,385,0,0.8220624278919131,385,0.8045862497909434
initial,386,0,0.843273604728263,386,0.9331002487610767
initial,387,0,0.8442144859284133,387,0.9718931476113988
initial,388,0,0.6979268286756355,388,0.7946271699196908
initial,389,0,0.8892101767820633,389,0.9391684600589985
initial,390,0,0.88995228510962,390,0.9390265187205094
initial,391,0,0.8532980397546432,391,0.8380570400367566
initial,392,0,0.8667254436915814,392,0.9720443939135615
initial,393,0,0.9023696818570206,393,0.9451693274403362
initial,394,0,0.8637348496607086,394,0.9054342004577096
initial,395,0,0.9677863786728484,395,0.8298885061872121
initial,396,0,0.7988730372777006,396,0.9358202405897791
initial,397,0,0.8232850252318558,397,0.9351998960375548
initial,398,0,0.9318690368094503,398,0.8673136849106553
initial,399,0,0.9022061363592635,399,0.9380064171108113
initial,400,0,0.7532262289224633,400,0.8464915829725779
initial,401,0,0.8613286092917152,401,0.8922255199531672
initial,402,0,0.9351884104151935,402,0.8618545329578526
initial,403,0,0.9233385118826412,403,0.9736050857659256
initial,404,0,0.8606300112091221,404,0.8592588665517487
initial,405,0,0.8745959279924358,405,0.9561184717550995
initial,406,0,0.8506514984076281,406,0.9647079566772991
initial,407,0,0.833391898856444,407,0.8704579095041245
initial,408,0,0.7269352230216509,408,0.900295182957098
initial,409,0,0.9455179755117792,409,0.9730593591651147
initial,410,0,0.8874282475401697,410,0.9022757908709632
initial,411,0,0.8315069284391676,411,0.8503813991487517
initial,412,0,0.8935338807406633,412,0.8836168864720244
initial,413,0,0.9474574922101482,413,0.926834453139832
initial,414,0,0.7733033600431405,414,0.9214233114559711
initial,415,0,0.8985919856426503,415,0.8919037019074617
initial,416,0,0.8279654879702583,416,0.8499555983330818
initial,417,0,0.7621784947740275,417,0.9106633545226839
initial,418,0,0.9755382616831416,418,0.8208192490065849
initial,419,0,0.7292448014390778,419,0.9438351873331083
initial,420,0,0.8375799529772914,420,0.8413271437500249
initial,421,0,0.8319883829183283,421,0.930345806267329
initial,422,0,0.9763649061169788,422,0.9518672841714091
initial,423,0,0.8614587412095517,423,0.8801157380806996
initial,424,0,0.9534778324137854,424,0.8769756775788219
initial,425,0,0.9070371466965466,425,0.807010142117745
initial,426,0,0.8717594425381014,426,0.91475617106562
initial,427,0,0.9000055040323479,427,0.9341485975399089
initial,428,0,0.9504718798764025,428,0.793710594617602
initial,429,0,0.7655972499226038,429,0.92246341080827
initial,430,0,0.8819343814246047,430,0.949149084230976
initial,431,0,0.7500444214972442,431,0.9414928082823607
initial,432,0,0.8762444407116136,432,0.9080366712692918
initial,433,0,0.9466897579757638,433,0.9686044943773378
initial,434,0,0.881713095587672,434,0.9664228845280933
initial,435,0,0.9329251438516907,435,0.9016997750322209
initial,436,0,0.9400188863257146,436,0.9180101118317396
initial,437,0,0.8613833015949476,437,0.8703520129960445
initial,438,0,0.9889330274426805,438,0.7570977479955373
initial,439,0,0.9277809815092046,439,0.9704762248168635
initial,440,0,0.8567249471974135,440,0.9811938682769674
initial,441,0,0.8449009488187094,441,0.9455271132992827
initial,442,0,0.9081223247457486,442,0.9087727043611584
initial,443,0,0.8687664533757292,443,0.9457953419191436
initial,444,0,0.917775373813102,444,0.9864986062886014
initial,445,0,0.9294473619103027,445,0.9536812907546459
initial,446,0,0.9598868699387093,446,0.8465556089791362
initial,447,0,0.9433318911742461,447,0.8655842620470964
initial,448,0,0.7504133375130485,448,0.9241179029128158
initial,449,0,0.930798322320205,449,0.876670032380235
initial,450,0,0.8441440513766881,450,0.978712530189604
initial,451,0,0.7802888988451913,451,0.9629484233581284
initial,452,0,0.9328484067444711,452,0.9545099109766814
initial,453,0,0.9510407529506413,453,0.9832973191856225
initial,454,0,0.956313054235296,454,0.8094584504568323
initial,455,0,0.8169193105771998,455,0.9098161952547785
initial,456,0,0.7316813593541222,456,0.9051925155967164
initial,457,0,0.9812143869047183,457,0.953898795265663
initial,458,0,0.8797878967866957,458,0.8762705865197686
initial,459,0,0.8264988126362955,459,0.9111086999111411
initial,460,0,0.9866170814692206,460,0.887917236741633
initial,461,0,0.8827580376921854,461,0.9278067796651743
initial,462,0,0.8901235408437447,462,0.9447626383449088
initial,463,0,0.8712065167985812,463,0.9441175127075762
initial,464,0,0.7591767029635954,464,0.8736478719420103
initial,465,0,0.9581571815013883,465,0.8647315245757408
initial,466,0,0.9269294096178874,466,0.9002553093836851
initial,467,0,0.8958342725709711,467,0.8538180217067561
initial,468,0,0.6860611070213556,468,0.8442755028363701
initial,469,0,0.8248590907548712,469,0.8756691497197109
initial,470,0,0.895322301227728,470,0.9070819686373539
initial,471,0,0.8733924669834487,471,0.9531727940256394
initial,472,0,0.6202591286273518,472,0.8836621756372951
initial,473,0,0.8892310207693384,473,0.9521094513305305
initial,474,0,0.9541349483218777,474,0.9025776562799867
initial,475,0,0.7365121796774444,475,0.8254893900990363
initial,476,0,0.9200606726056506,476,0.9020250948355047
initial,477,0,0.7708725083879411,477,0.9642727755306502
initial,478,0,0.7474578827604953,478,0.9816423118577858
initial,479,0,0.9512747461686524,479,0.8671334433347537
initial,480,0,0.86641119310975,480,0.8648850270838553
initial,481,0,0.8330986721947873,481,0.8899786047269579
initial,482,0,0.7221633401921805,482,0.888846194615214
initial,483,0,0.8707039650201045,483,0.835513631830404
initial,484,0,0.9754976274712807,484,0.9360210525149226
initial,485,0,0.9390701786034913,485,0.9519370491424324
initial,486,0,0.9445904140092742,486,0.9274867165660297
initial,487,0,0.8223538243590975,487,0.8793006375356993
initial,488,0,0.9488957250421266,488,0.9392533371311264
initial,489,0,0.926738868260278,489,0.9077522839808079
initial,490,0,0.7042328714308005,490,0.9797487277229857
initial,491,0,0.8131306330650836,491,0.9849266358412845
initial,492,0,0.8135171518097702,492,0.8975685837322249
initial,493,0,0.7906359591860255,493,0.8387336837882091
initial,494,0,0.8801400948383864,494,0.9630954326202097
initial,495,0,0.9316188562674352,495,0.8610726027493507
initial,496,0,0.8187281765373794,496,0.9720984729939726
initial,497,0,0.9790456582553693,497,0.8487267049415229
initial,498,0,0.969560623722523,498,0.9266856335809264
initial,499,0,0.842557797875908,499,0.8791208253483651
initial,500,0,0.9061820377381974,500,0.8561422109049605
initial,501,0,0.9520778530966294,501,0.9164771328508892
initial,502,0,0.9677080712908026,502,0.8634329692429583
initial,503,0,0.7423542822863707,503,0.8884130673364989
initial,504,0,0.8969308670420277,504,0.9270966215412437
initial,505,0,0.9209708115671214,505,0.8773996885394605
initial,506,0,0.8330853808286534,506,0.9640203872797453
initial,507,0,0.8990676658714128,507,0.867061579072419
initial,508,0,0.8457854407430603,508,0.941593445681
initial,509,0,0.9246471416000868,509,0.9703754055943377
initial,510,0,0.8430385903299993,510,0.9523080392557586
initial,511,0,0.9439403517292069,511,0.8859728717223433
initial,512,0,0.7676142966042425,512,0.9355098315831003
initial,513,0,0.8954873468227851,513,0.9048278162808904
initial,514,0,0.6949456764911527,514,0.9157643679968277
initial,515,0,0.7976033112107259,515,0.942266771202128
initial,516,0,0.9078966505010307,516,0.9044597468979435
initial,517,0,0.89679210210731,517,0.8943720840863576
initial,518,0,0.808319573049172,518,0.9806982808041406
initial,519,0,0.9574787806502324,519,0.9562760276834151
initial,520,0,0.933902175754511,520,0.8583049214755913
initial,521,0,0.8616510671790696,521,0.9865648077790472
initial,522,0,0.9570502039415678,522,0.8631364340053245
initial,523,0,0.976162311045734,523,0.9477535154467811
initial,524,0,0.872435087636084,524,0.9546511700515496
initial,525,0,0.7805798627296712,525,0.8434004871339891
initial,526,0,0.9159390540015819,526,0.939700470147959
initial,527,0,0.7394287039033374,527,0.8763536702792847
initial,528,0,0.9530094872846078,528,0.9441895036722423
initial,529,0,0.897242005504766,529,0.9470206016842971
initial,530,0,0.7599768289322442,530,0.8908851980431693
initial,531,0,0.8784546940390596,531,0.9239249304748778
initial,532,0,0.9156145549964962,532,0.9608968363006498
initial,533,0,0.9673370930107335,533,0.8368025177134975
initial,534,0,0.7018308413224095,534,0.9325496103176567
initial,535,0,0.9639752016272605,535,0.8857938183967113
initial,536,0,0.7432476779467115,536,0.842315171443202
initial,537,0,0.7825932763955743,537,0.818703744078859
initial,538,0,0.8125345246323133,538,0.9475002030524047
initial,539,0,0.9549419562893932,539,0.8184783714198782
initial,540,0,0.701642227572038,540,0.9297628130438813
initial,541,0,0.9505845233487733,541,0.9084654751719604
initial,542,0,0.7811601157191375,542,0.7993717956703795
initial,543,0,0.8842809169915399,543,0.9544857203294439
initial,544,0,0.9072113328243914,544,0.925843484190543
initial,545,0,0.7077282885145889,545,0.9437651794309613
initial,546,0,0.9158715921777683,546,0.8326289291253263
initial,547,0,0.9265814866257669,547,0.9540398215854287
initial,548,0,0.8119931356285223,548,0.8521430584243183
initial,549,0,0.8564903059609446,549,0.9336802700117919
initial,550,0,0.9379393805217574,550,0.9431594290605767
initial,551,0,0.723030694113171,551,0.9108274388271662
initial,552,0,0.9508166235151578,552,0.9121219209110965
initial,553,0,0.9709797372365132,553,0.9386804129086807
initial,554,0,0.694594268177033,554,0.8682115295029708
initial,555,0,0.8665826137815313,555,0.8664560438060137
initial,556,0,0.9027943637084492,556,0.9212281529208617
initial,557,0,0.9180824127993796,557,0.9152563942857953
initial,558,0,0.7831759103476477,558,0.9203937343218965
initial,559,0,0.9638394596663369,559,0.9256816904869511
initial,560,0,0.9520263809406031,560,0.8737671241400045
initial,561,0,0.9392460417633123,561,0.9667140369401546
initial,562,0,0.9473072504259799,562,0.8602934033945402
initial,563,0,0.8679171319824143,563,0.8966254058045975
initial,564,0,0.9095395223648425,564,0.9231879955749558
initial,565,0,0.7480136950497022,565,0.9557289430560494
initial,566,0,0.9035662845864284,566,0.956415173889148
initial,567,0,0.9088551311942283,567,0.870256310969918
initial,568,0,0.9614288774612963,568,0.9879142003229922
initial,569,0,0.7442951832665679,569,0.943676503016144
initial,570,0,0.6661250927989982,570,0.8801620278550335
initial,571,0,0.6785634766602877,571,0.8396743689642395
initial,572,0,0.744128286865369,572,0.9513458434345659
initial,573,0,0.7996290205576951,573,0.9048307189789057
initial,574,0,0.9409640554431868,574,0.7742278495639704
initial,575,0,0.8981953998050867,575,0.9499630354896218
initial,576,0,0.9070551809337744,576,0.9605836922222482
initial,577,0,0.9191872169396078,577,0.9448167674807539
initial,578,0,0.7492450502432111,578,0.9640123582047906
initial,579,0,0.8511015174628918,579,0.9134528350439883
initial,580,0,0.7431647185333049,580,0.9288361528703002
initial,581,0,0.8949754344570823,581,0.8959201983965891
initial,582,0,0.9646654862161808,582,0.9193910412083253
initial,583,0,0.7857279723507754,583,0.9208250872841044
initial,584,0,0.9724571509024944,584,0.9438142498032163
initial,585,0,0.9205588949286246,585,0.8806989079121526
initial,586,0,0.7390728774784345,586,0.90145533881073
initial,587,0,0.9577268623449849,587,0.8920219939251439
initial,588,0,0.9846046798236867,588,0.9243012960225043
initial,589,0,0.8807463247952649,589,0.9040628608723544
initial,590,0,0.9098802708435607,590,0.9040941257825608
initial,591,0,0.9669900536877813,591,0.7462901552996424
initial,592,0,0.8961030403674748,592,0.9874993441328792
initial,593,0,0.9058999715248095,593,0.8624447634856607
initial,594,0,0.9504426304227797,594,0.889341142008603
initial,595,0,0.8236929086449805,595,0.8637878054409335
initial,596,0,0.769720581847517,596,0.7869625186597202
initial,597,0,0.8038094680109791,597,0.8773662204036625
initial,598,0,0.7022854462098407,598,0.9149035882163153
initial,599,0,0.7821107983803348,599,0.9631369812250696
initial,600,0,0.9321027053477502,600,0.9679107254332338
initial,601,0,0.702080530331502,601,0.8628659246087349
initial,602,0,0.7473786888646121,602,0.9455599529317127
initial,603,0,0.839919781265724,603,0.9608571668797705
initial,604,0,0.9128726719680083,604,0.930559156040294
initial,605,0,0.9044041733971315,605,0.9282574048604963
initial,606,0,0.9234553283785523,606,0.9066572731868268
initial,607,0,0.6702842301176818,607,0.963019634544392
initial,608,0,0.8672304715176243,608,0.8645016201175741
initial,609,0,0.6297056008743938,609,0.957872998663275
initial,610,0,0.8430910362171677,610,0.8967667540806681
initial,611,0,0.8344761098844096,611,0.8480795640618828
initial,612,0,0.9152457459155006,612,0.9156365109529112
initial,613,0,0.8422273664626652,613,0.9543829918642908
initial,614,0,0.8368179486170951,614,0.8696056960805696
initial,615,0,0.8318965042712301,615,0.9663779125502859
initial,616,0,0.8314378793943263,616,0.9217213188037727
initial,617,0,0.9350259429741523,617,0.8853145882564881
initial,618,0,0.8824737261299598,618,0.9391275067432575
initial,619,0,0.9035037900025995,619,0.9282465595410055
initial,620,0,0.9472305875289032,620,0.8914054678515351
initial,621,0,0.7400691605818817,621,0.93497198894591
initial,622,0,0.8507796940403172,622,0.9117908177585935
initial,623,0,0.934063963083867,623,0.8722907557681612
initial,624,0,0.8786306223477407,624,0.9037622924560433
initial,625,0,0.9876114347959446,625,0.9405071523975084
initial,626,0,0.8539373351219514,626,0.9032965346856159
initial,627,0,0.8298575246637323,627,0.8791437396815045
initial,628,0,0.8944203929895842,628,0.8538315267903577
initial,629,0,0.8928521000948657,629,0.8233076677966429
initial,630,0,0.7987630328389064,630,0.9320875056320063
initial,631,0,0.7380454901795669,631,0.7901465406101372
initial,632,0,0.885108858764038,632,0.9208606882222579
initial,633,0,0.9794122924279953,633,0.9654579862835203
initial,634,0,0.9434744237091708,634,0.9549056915364844
initial,635,0,0.892752247403233,635,0.8444960259532328
initial,636,0,0.86595330606408,636,0.9310510531163054
initial,637,0,0.8688733156508512,637,0.92705478610096
initial,638,0,0.940883415579768,638,0.9059171375229205
initial,639,0,0.6287277460259464,639,0.94944291472559
initial,640,0,0.7742742421089358,640,0.9086752309647785
initial,641,0,0.7930887231609817,641,0.9729447371907185
initial,642,0,0.7895801454596443,642,0.94731876856576
initial,643,0,0.9344591472601146,643,0.9534419239492775
initial,644,0,0.9672731323928847,644,0.751601562327734
initial,645,0,0.8733215985980389,645,0.9736950568067588
initial,646,0,0.9269032493190306,646,0.9243005722785413
initial,647,0,0.9629571247752726,647,0.8845369207814002
initial,648,0,0.8105882474548302,648,0.9592425019058015
initial,649,0,0.6913316560238779,649,0.8969018713729366
initial,650,0,0.9547918443328026,650,0.8675561174333201
initial,651,0,0.8136308919521107,651,0.9374978035463195
initial,652,0,0.9820616816131639,652,0.8124959119695527
initial,653,0,0.779613676600482,653,0.8805390455490452
initial,654,0,0.9421558340917595,654,0.9139591489340501
initial,655,0,0.7847969904248763,655,0.9596180832143935
initial,656,0,0.9286870354893627,656,0.9030630385753797
initial,657,0,0.901920255254879,657,0.9836239919424143
initial,658,0,0.632777784708089,658,0.9169560612319303
initial,659,0,0.7116801552042372,659,0.8279427973278386
initial,660,0,0.8738474499006962,660,0.9432402830278996
initial,661,0,0.9401764603720213,661,0.8999328817465195
initial,662,0,0.8345913486984589,662,0.7945698754826908
initial,663,0,0.79245457113137,663,0.842629947242592
initial,664,0,0.8254394754196124,664,0.899258117823266
initial,665,0,0.8438690459578717,665,0.9123590110144817
initial,666,0,0.799920456483178,666,0.9481838246505603
initial,667,0,0.9596350026172114,667,0.9208376897005315
initial,668,0,0.8343318427025921,668,0.9621040785034483
initial,669,0,0.7802234370195515,669,0.8290829924734429
initial,670,0,0.9387789300207898,670,0.8704746462630434
initial,671,0,0.9309015264822877,671,0.8144982319017204
initial,672,0,0.8108328170648662,672,0.8722009656880215
initial,673,0,0.9032044185858735,673,0.8939913226851937
initial,674,0,0.8562492743236163,674,0.8329162990034455
initial,675,0,0.879960714120381,675,0.9189887365205702
initial,676,0,0.869573553903866,676,0.9018016284137536
initial,677,0,0.9741045785689346,677,0.917588889009151
initial,678,0,0.7645554452897679,678,0.9526402619596754
initial,679,0,0.8631749102001501,679,0.9252302015160923
initial,680,0,0.7170513916766371,680,0.9254783176910691
initial,681,0,0.8369866290260379,681,0.7960254732802076
initial,682,0,0.8323434934446321,682,0.9230496356523703
initial,683,0,0.9136158715459948,683,0.9242337134555668
initial,684,0,0.8741812381131606,684,0.8768066302268803
initial,685,0,0.70884899317311,685,0.901363000008558
initial,686,0,0.9119283115627441,686,0.9437126723492709
initial,687,0,0.9702414834494186,687,0.9035945367672062
initial,688,0,0.9127367983946726,688,0.9618782514623289
initial,689,0,0.9056381303572549,689,0.923419986856218
initial,690,0,0.9381356424454589,690,0.938859108074589
initial,691,0,0.940936337650667,691,0.8974327178028656
initial,692,0,0.7365265142169266,692,0.9594177564909669
initial,693,0,0.8407367615187846,693,0.9548275018294239
initial,694,0,0.9045449750304335,694,0.9820512576922916
initial,695,0,0.9276055293428542,695,0.8500506955758484
initial,696,0,0.9440581260256848,696,0.8823158811320355
initial,697,0,0.9881044025297538,697,0.7278325870593241
initial,698,0,0.6066748161160638,698,0.9639840907412489
initial,699,0,0.7031629525619489,699,0.9015749006149562
initial,700,0,0.8380167316078825,700,0.9794341009809895
initial,701,0,0.9755423507670887,701,0.9699563286095625
initial,702,0,0.8448370933058074,702,0.8895159391612828
initial,703,0,0.9525226610613444,703,0.9071210955442373
initial,704,0,0.8918407736198726,704,0.8919554902514564
initial,705,0,0.7973559061485935,705,0.902889552826061
initial,706,0,0.7808532348891567,706,0.9645898562733004
initial,707,0,0.8503178574298138,707,0.8874324106635048
initial,708,0,0.8350103027060882,708,0.9570819972853898
initial,709,0,0.9760809802636736,709,0.9706322454644722
initial,710,0,0.9211874790911161,710,0.9532686497665301
initial,711,0,0.8575068291642203,711,0.825937195734472
initial,712,0,0.8791825016992627,712,0.957453810428728
initial,713,0,0.9012570565996512,713,0.9195788253712807
initial,714,0,0.7649677956007255,714,0.9508725923911139
initial,715,0,0.7872449820170082,715,0.8497584360999701
initial,716,0,0.8271704741825749,716,0.962413081109637
initial,717,0,0.9611355170887377,717,0.9398869987074763
initial,718,0,0.738041189530851,718,0.9397599194902617
initial,719,0,0.6475770377679186,719,0.9058493489954171
initial,720,0,0.7048497196391564,720,0.9563738867194427
initial,721,0,0.9488853417865295,721,0.971360267471952
initial,722,0,0.6220353547889157,722,0.9283918051702933
initial,723,0,0.9335239226371032,723,0.883406866168993
initial,724,0,0.9823585061756597,724,0.9515080225048
initial,725,0,0.9438826997276328,725,0.9537456368447829
initial,726,0,0.9486287383752403,726,0.7586416685430117
initial,727,0,0.9535497302635165,727,0.9741818515621747
initial,728,0,0.9235387762269867,728,0.9468820332403045
initial,729,0,0.9629880432063485,729,0.9276689754649681
initial,730,0,0.8977875980090129,730,0.8592045945919464
initial,731,0,0.8123292054607455,731,0.8110192634739097
initial,732,0,0.8967454989027794,732,0.9079141252725127
initial,733,0,0.9004723987154342,733,0.9394852805891825
initial,734,0,0.9546961323299621,734,0.9533550288449126
initial,735,0,0.8777374764744136,735,0.9554509454884311
initial,736,0,0.9710907944549478,736,0.9431815603965168
initial,737,0,0.9629364005444567,737,0.97319176784557
initial,738,0,0.8447619109828766,738,0.9277622481111063
initial,739,0,0.8973495753357501,739,0.8588281857767588
initial,740,0,0.8387032733109858,740,0.9630094053552449
initial,741,0,0.7292328367246446,741,0.949409856868974
initial,742,0,0.8609225741123947,742,0.9448519274581846
initial,743,0,0.84677138528755,743,0.9656654356528418
initial,744,0,0.9436494568322318,744,0.8869548256449555
initial,745,0,0.8314448217709527,745,0.9313472908935886
initial,746,0,0.8330440216427581,746,0.9540878849113887
initial,747,0,0.8394550895495565,747,0.9634854039720107
initial,748,0,0.9606299219597517,748,0.9477932512526901
initial,749,0,0.7667783219761726,749,0.8183583459069697
initial,750,0,0.9709929167588958,750,0.8975529838842834
initial,751,0,0.7769071675412746,751,0.7950718513579802
initial,752,0,0.9388798165817236,752,0.9442114835287153
initial,753,0,0.7344289891310238,753,0.8537562309183181
initial,754,0,0.9083360726550036,754,0.880538604922636
initial,755,0,0.956698640063221,755,0.9180504151717402
initial,756,0,0.9469133912682628,756,0.861761637288804
initial,757,0,0.8492547549672818,757,0.8894360399661481
initial,758,0,0.9164939361838627,758,0.9079898541484981
initial,759,0,0.9103590414340178,759,0.9086283927409204
initial,760,0,0.9573674431334207,760,0.9350403176279413
initial,761,0,0.9843887702357955,761,0.8376381276736161
initial,762,0,0.9245225776157733,762,0.9833733065235477
initial,763,0,0.8543086816202062,763,0.8974515923909625
initial,764,0,0.8939184593252932,764,0.7397786696175195
initial,765,0,0.9278138253330888,765,0.8775890309919532
initial,766,0,0.6671949003728428,766,0.8900117618325136
initial,767,0,0.7976496167647216,767,0.943578890820433
initial,768,0,0.7881438897661777,768,0.9221446914912699
initial,769,0,0.8828638792524786,769,0.9356434365871039
initial,770,0,0.8085805720436046,770,0.935822148246437
initial,771,0,0.6315959440212086,771,0.7783501817931132
initial,772,0,0.9216543607428713,772,0.9131505870340135
initial,773,0,0.9451168498273204,773,0.9094813871979782
initial,774,0,0.7428195174408347,774,0.8927448664865767
initial,775,0,0.7628689309551557,775,0.949900766925016
initial,776,0,0.915061427689422,776,0.8894583116753756
initial,777,0,0.937202928034127,777,0.8728052119197908
initial,778,0,0.7774518378684365,778,0.9485367106826896
initial,779,0,0.9881573082243609,779,0.962538594149395
initial,780,0,0.7973774876354478,780,0.9083806848804952
initial,781,0,0.9351136344003168,781,0.8840886583759565
initial,782,0,0.7909979229757256,782,0.9370933260863378
initial,783,0,0.8643341077277404,783,0.9597974255402109
initial,784,0,0.7034017095839471,784,0.9320746539552829
initial,785,0,0.6944644499179485,785,0.8312611216355271
initial,786,0,0.9469446786076323,786,0.9343777768625887
initial,787,0,0.8367317891178221,787,0.9150498729998088
initial,788,0,0.7158606341483362,788,0.8985399862371055
initial,789,0,0.8762657849548643,789,0.9023211374996071
initial,790,0,0.7089447603790656,790,0.8535617788056729
initial,791,0,0.8973494197902581,791,0.9649129203862141
initial,792,0,0.8553654051757182,792,0.839630440708433
initial,793,0,0.768988743969383,793,0.962929157696877
initial,794,0,0.893231879159722,794,0.9589259077044728
initial,795,0,0.706745462016434,795,0.9090051905425507
initial,796,0,0.7418024941756279,796,0.8347349209084142
initial,797,0,0.892398516863262,797,0.8932453444052423
initial,798,0,0.9800635495311567,798,0.8335553386658829
initial,799,0,0.857919025516339,799,0.8474815099963147
initial,800,0,0.9541179271320601,800,0.966441938465573
initial,801,0,0.5401336266797673,801,0.8820086877873576
initial,802,0,0.8939297911418058,802,0.9300534084264787
initial,803,0,0.8327490796084644,803,0.8974184162532293
initial,804,0,0.7681505906191951,804,0.8714236358775845
initial,805,0,0.95621976300025,805,0.9263617112295286
initial,806,0,0.7869549314193303,806,0.9311732280105185
initial,807,0,0.9494176371834757,807,0.8722408147674892
initial,808,0,0.9248486494970101,808,0.9350087244644566
initial,809,0,0.8367772321723428,809,0.9794989828944165
initial,810,0,0.8094030540492396,810,0.9476802857991645
initial,811,0,0.8227332626398947,811,0.9224906598996137
initial,812,0,0.823240117949533,812,0.9839339400855999
initial,813,0,0.8945792831478943,813,0.9119888874967566
initial,814,0,0.8188220942093696,814,0.8475793828453235
initial,815,0,0.9246881722471578,815,0.8080763592262847
initial,816,0,0.7818572788645466,816,0.925212636402986
initial,817,0,0.8355746272431903,817,0.8303405468475082
initial,818,0,0.9119546124907127,818,0.88105806664169
initial,819,0,0.9155774813630491,819,0.854594168772514
initial,820,0,0.9550499471728382,820,0.931221327424417
initial,821,0,0.8334189280509674,821,0.9310290131199195
initial,822,0,0.9333135227950244,822,0.9385766304019179
initial,823,0,0.9486772370701562,823,0.9537060591922077
initial,824,0,0.9534251511641666,824,0.8794244137504409
initial,825,0,0.8778650421560992,825,0.9405582442125171
initial,826,0,0.9329153429180869,826,0.8361687230320389
initial,827,0,0.9454883267113756,827,0.9033894088970027
initial,828,0,0.826085356177459,828,0.9025749299543997
initial,829,0,0.6918690803695551,829,0.9044475968658295
initial,830,0,0.4068651237504247,830,0.9338717536941774
initial,831,0,0.207809500591199,831,0.8915566891244032
initial,832,0,0.2844003506211476,832,0.9331503624286451
initial,833,0,0.3481175664964619,833,0.9412029288233781
initial,834,0,0.3514953439151906,834,0.9214807514282182
initial,835,0,0.38665514971641435,835,0.9598868080114701
initial,836,0,0.386367897908413,836,0.9747473487308242
initial,837,0,0.4073288809976478,837,0.9554609946541535
initial,838,0,0.38758833534056225,838,0.9630865972719507
initial,839,0,0.26052021651730795,839,0.9330428537800026
initial,840,0,0.3602233203259904,840,0.9359400023492296
initial,841,0,0.3158661731895926,841,0.9540586063598002
initial,842,0,0.41463714471784846,842,0.847090052659004
initial,843,0,0.2904341673841988,843,0.9412979380488705
initial,844,0,0.3896657205503146,844,0.9436695110333952
initial,845,0,0.28411812754208404,845,0.9289519761816178
initial,846,0,0.34159080051461554,846,0.932999954360635
initial,847,0,0.26675693124940136,847,0.9218598400059357
initial,848,0,0.32126347629033264,848,0.835161128409746
initial,849,0,0.27640128573710826,849,0.9096264079376046
initial,850,0,0.3996896257010842,850,0.9521648533195377
initial,851,0,0.3877307369785164,851,0.9132767693713129
initial,852,0,0.4271574337455299,852,0.9160868455426404
initial,853,0,0.3396025729512454,853,0.9350717538811899
initial,854,0,0.3670640470086207,854,0.8855482032978669
initial,855,0,0.39077138189252364,855,0.8732757638791471
initial,856,0,0.1716597698712113,856,0.9605408865938672
initial,857,0,0.3545233700200138,857,0.8396717182129119
initial,858,0,0.31990068860737136,858,0.91649255526363
initial,859,0,0.3956133328020154,859,0.8509252809422445
initial,860,0,0.2810588335914044,860,0.9840843712197813
initial,861,0,0.34174859688421055,861,0.9781732002743231
initial,862,0,0.4044276264382997,862,0.9195829356078359
initial,863,0,0.2974735656615325,863,0.8726080867212762
initial,864,0,0.39505870538006954,864,0.9652175877456448
initial,865,0,0.2542889190914403,865,0.9669822630505202
initial,866,0,0.32840834428903604,866,0.928929892307824
initial,867,0,0.411242829091346,867,0.9725203531017151
initial,868,0,0.3630458792534605,868,0.8874845196507521
initial,869,0,0.40138431952496106,869,0.9485964095648897
initial,870,0,0.3861497634430846,870,0.9189722351404099
initial,871,0,0.3934985485170403,871,0.8861064064084856
initial,872,0,0.40298239966772453,872,0.8717942762680512
initial,873,0,0.40054413912511927,873,0.7905179255392696
initial,874,0,0.35999992407542536,874,0.8551816769084474
initial,875,0,0.3891412089397327,875,0.9445764304653081
initial,876,0,0.21361326483299412,876,0.9644131577507044
initial,877,0,0.25652672590716175,877,0.9602105564761582
initial,878,0,0.32684141441587533,878,0.8874164159217572
initial,879,0,0.3531214291400036,879,0.9589749336239699
initial,880,0,0.2393228257059843,880,0.8224299431406965
initial,881,0,0.22708252912495777,881,0.8939833537836008
initial,934,1,0.9468141418205159,934,0.49
initial,935,1,0.9294972512886941,935,0.49
initial,936,1,0.8342630256127517,936,0.49
initial,937,1,0.8915623586822874,937,0.49
initial,938,1,0.888581639258663,938,0.49
initial,939,1,0.8758244985442266,939,0.49
initial,940,1,0.9049350210804773,940,0.49
initial,941,1,0.9744868863888649,941,0.49
initial,942,1,0.7874382656088117,942,0.49
initial,943,1,0.8776535272974979,943,0.49
initial,944,1,0.8432978939592854,944,0.49
initial,945,1,0.8574896934512629,945,0.49
initial,946,1,0.8276325957019401,946,0.9232921062024273
initial,947,1,0.9737029683893508,947,0.9617294765422035
initial,948,1,0.8656255686163049,948,0.9678261862921406
initial,949,1,0.9713023598027573,949,0.930663137880396
initial,950,1,0.93845745369373,950,0.9049529865629242
initial,951,1,0.9526048383809163,951,0.8808105520046556
initial,952,1,0.9774290188278156,952,0.9471149495073148
initial,953,1,0.8636040040790925,953,0.9079901072896098
initial,954,1,0.879322116664031,954,0.8507745193572155
initial,955,1,0.8367045181009709,955,0.9067228339407996
initial,956,1,0.8497194032726103,956,0.9057644578776504
initial,957,1,0.969177601502367,957,0.945130713946464
initial,958,1,0.7638660100253849,958,0.9230733785222971
initial,959,1,0.8268962913327933,959,0.9212223542403635
initial,960,1,0.6983468403761517,960,0.9249870237439737
initial,961,1,0.7553589457101939,961,0.8604017159524593
initial,962,1,0.9441759507036946,962,0.8771740850973249
initial,963,1,0.9135511212743745,963,0.9125699583688158
initial,964,1,0.8128199750270444,964,0.9382859137925497
initial,965,1,0.9352488119324915,965,0.8630747920066304
initial,966,1,0.9387553793552916,966,0.7644865135223025
initial,967,1,0.9098544517407711,967,0.9269144704935595
initial,968,1,0.8231116468607615,968,0.8917110578795729
initial,969,1,0.9775678864718673,969,0.8540588064879763
initial,970,1,0.7142265629093291,970,0.8992139360394951
initial,971,1,0.8356471424553094,971,0.8743484871225387
initial,972,1,0.816208859159434,972,0.89554222320511
initial,973,1,0.7869761627328205,973,0.8059977505929415
initial,974,1,0.8765582604238841,974,0.8942390851658744
initial,975,1,0.9201385283045251,975,0.8578912873229916
initial,976,1,0.9700018144294689,976,0.836217185583277
initial,977,1,0.925330806806185,977,0.9080152814087599
initial,978,1,0.8218522201524778,978,0.979589035524215
initial,979,1,0.9418677591041649,979,0.7417877042995595
initial,980,1,0.827190781994116,980,0.8002425335078641
initial,981,1,0.9292031195219972,981,0.9179939768068806
initial,982,1,0.9569495999222377,982,0.8898771262096341
initial,983,1,0.8483700704086115,983,0.9651494048980805
initial,984,1,0.9429132657312775,984,0.910060027249104
initial,985,1,0.6883683284797852,985,0.9077855840600686
initial,986,1,0.8122237083915878,986,0.9312365576282247
initial,987,1,0.9593786052216045,987,0.8487687383953232
initial,988,1,0.740291158130395,988,0.9189168446897382
initial,989,1,0.8785588771265787,989,0.9277183233479064
initial,990,1,0.8743761804248538,990,0.9196807214277191
initial,991,1,0.9339149277753387,991,0.9160579811715097
initial,992,1,0.9232121101520816,992,0.9171041158477478
initial,993,1,0.7190280085721412,993,0.8932054286864077
initial,994,1,0.7144789637670586,994,0.8710367528416013
initial,995,1,0.7918094329936733,995,0.9213498068239167
initial,996,1,0.875261522283622,996,0.9553191360829634
initial,997,1,0.8429550606872434,997,0.9450816109968367
initial,998,1,0.8679586741791476,998,0.9727006319734279
initial,999,1,0.8310022656299846,999,0.8799062052797428
initial,1000,1,0.8889553561828876,1000,0.9506080769006691
initial,1001,1,0.911023535076817,1001,0.9466147214239176
initial,1002,1,0.8797635913705151,1002,0.938389192158781
initial,1003,1,0.6624096051370487,1003,0.8803737064879873
initial,1004,1,0.8105349947084217,1004,0.8423631528841221
initial,1005,1,0.9040609471093436,1005,0.8871810513699361
initial,1006,1,0.9356519178865437,1006,0.9690674474700829
initial,1007,1,0.9349959621464062,1007,0.9480260050394952
initial,1008,1,0.7947579952894481,1008,0.9023520726313696
initial,1009,1,0.949887361572196,1009,0.9725844840858795
initial,1010,1,0.7033590010537544,1010,0.9731364764723816
initial,1011,1,0.8029237656454302,1011,0.9591016864178479
initial,1012,1,0.9505893428281899,1012,0.850022996466224
initial,1013,1,0.9301726515246775,1013,0.8709208138825397
initial,1014,1,0.7858816429204099,1014,0.9278316641457078
initial,1015,1,0.8941116429000031,1015,0.9778558166587401
initial,1016,1,0.7114161219918035,1016,0.9440255181851229
initial,1017,1,0.8181114247294237,1017,0.9290892217950482
initial,1018,1,0.8971791717188802,1018,0.9201716601050172
initial,1019,1,0.8734575545979392,1019,0.9846909261701906
initial,1020,1,0.9051974087138841,1020,0.810068658363269
initial,1021,1,0.9838759056991666,1021,0.9662676976301956
initial,1022,1,0.77596025752192,1022,0.9171904675801588
initial,1023,1,0.7931198212583562,1023,0.9593309338875076
initial,1024,1,0.8331737210434658,1024,0.8432504086461321
initial,1025,1,0.8121127375437137,1025,0.9374092530355771
initial,1026,1,0.9221658494689408,1026,0.8998572835901164
initial,1027,1,0.6607848144514641,1027,0.8110544187693203
initial,1028,1,0.7163120800083679,1028,0.9760145103799792
initial,1029,1,0.9438615739084331,1029,0.9346748835343031
initial,1030,1,0.7718299701224558,1030,0.8975423323962948
initial,1031,1,0.8353315736665251,1031,0.9396715430213907
initial,1032,1,0.9037936415749382,1032,0.8576020751519449
initial,1033,1,0.9350664168544609,1033,0.9107106849193187
initial,1034,1,0.9091458754905416,1034,0.9252115919720734
initial,1035,1,0.9460141918690018,1035,0.870235501758159
initial,1036,1,0.8392430085257114,1036,0.913011063996888
initial,1037,1,0.6134655861334164,1037,0.8804849004237979
initial,1038,1,0.7518981705907095,1038,0.9163104195692602
initial,1039,1,0.8431852313944592,1039,0.843954041998662
initial,1040,1,0.7929060778519663,1040,0.9636641753286482
initial,1041,1,0.6167800624447983,1041,0.9470331714077768
initial,1042,1,0.6600692992107605,1042,0.9485508604170092
initial,1043,1,0.8151090361249232,1043,0.8925094993950191
initial,1044,1,0.7899996687344808,1044,0.8924562547322072
initial,1045,1,0.8966679577686408,1045,0.9533047521902147
initial,1046,1,0.8461691211617476,1046,0.9010573232249528
initial,1047,1,0.9067815838901039,1047,0.9755376985456934
initial,1048,1,0.7788904345706952,1048,0.9088696020106148
initial,1049,1,0.8075522976766536,1049,0.9811170383841479
initial,1050,1,0.8122724421061713,1050,0.9168546213236233
initial,1051,1,0.904341110933199,1051,0.9422251590454356
initial,1052,1,0.9662025839007657,1052,0.8899292818065163
initial,1053,1,0.8415225430990609,1053,0.8883563565231283
initial,1054,1,0.7598409628853707,1054,0.9322516533871337
initial,1055,1,0.8244729220549859,1055,0.8698945150645331
initial,1056,1,0.868058594335101,1056,0.8905223876148152
initial,1057,1,0.8779008305081297,1057,0.9622457679947787
initial,1058,1,0.8459163933561094,1058,0.9833640715019263
initial,1059,1,0.6404073335838141,1059,0.8674430569980518
initial,1060,1,0.8801352158866247,1060,0.9554078792524803
initial,1061,1,0.7097895026668656,1061,0.9356399338964028
initial,1062,1,0.9400857202052665,1062,0.9750488807732842
initial,1063,1,0.9171674225900108,1063,0.9140732578756079
initial,1064,1,0.9335754889131588,1064,0.9721697565079658
initial,1065,1,0.8012431517850839,1065,0.9116609594275534
initial,1066,1,0.9403480710710993,1066,0.8530779725212876
initial,1067,1,0.9474976515683853,1067,0.9111768666845899
initial,1068,1,0.8336791589063317,1068,0.964370879557381
initial,1069,1,0.6525739645373159,1069,0.9216970401882663
initial,1070,1,0.6894651021843572,1070,0.9464372068089226
initial,1071,1,0.8950083351581544,1071,0.9093796596619368
initial,1072,1,0.9133983039768666,1072,0.8526476485474485
initial,1073,1,0.7474077821695454,1073,0.9123557223422303
initial,1074,1,0.8510107311498972,1074,0.9456036235085521
initial,1075,1,0.9152291978134359,1075,0.8816416561517579
initial,1076,1,0.9048455095938714,1076,0.7552137825854974
initial,1077,1,0.7991056920518748,1077,0.958932426739346
initial,1078,1,0.946414079973144,1078,0.9198518226966907
initial,1079,1,0.9743078464343331,1079,0.8580122550128234
initial,1080,1,0.8759746326229836,1080,0.7639502247441412
initial,1081,1,0.8629357293315917,1081,0.8694046469157938
initial,1082,1,0.9252106053867781,1082,0.9179424884189269
initial,1083,1,0.6713026636221555,1083,0.9693322769846173
initial,1084,1,0.7685485803156347,1084,0.9604137824558765
initial,1085,1,0.8734865345143843,1085,0.8690709948335222
initial,1086,1,0.8615373560757775,1086,0.9471502907407823
initial,1087,1,0.7395760093109319,1087,0.8700593748999979
initial,1088,1,0.8525232584800211,1088,0.8612272366148664
initial,1089,1,0.8683427295280024,1089,0.9319945741144169
initial,1090,1,0.7487070910030666,1090,0.8957564411551995
initial,1091,1,0.9455212951777736,1091,0.9205143914914786
initial,1092,1,0.8628043570954962,1092,0.8986703625705525
initial,1093,1,0.8275093552285171,1093,0.9206638326154186
initial,1094,1,0.9533209834642251,1094,0.9414992991735001
initial,1095,1,0.9351441417741867,1095,0.938994722890248
initial,1096,1,0.9004235849759967,1096,0.8935155343128309
initial,1097,1,0.8467479583519879,1097,0.8785267695418897
initial,1098,1,0.8123666591731925,1098,0.9033521157583609
initial,1099,1,0.9796809710305519,1099,0.9409485288907182
initial,1100,1,0.6426449151134721,1100,0.8430791052648504
initial,1101,1,0.8727426392666904,1101,0.9758927842413814
initial,1102,1,0.8532198075454616,1102,0.9215353125409635
initial,1103,1,0.8007132978233304,1103,0.9535529928885771
initial,1104,1,0.8063530434658805,1104,0.8990662634035058
initial,1105,1,0.7780690057442243,1105,0.9021898247821536
initial,1106,1,0.685077108166835,1106,0.8729133822620697
initial,1107,1,0.6686079695571332,1107,0.9014572766269537
initial,1108,1,0.928591620322895,1108,0.9867554028427703
initial,1109,1,0.9092642635688319,1109,0.8099637733149818
initial,1110,1,0.849166675251408,1110,0.8989662431077182
initial,1111,1,0.8131944491062383,1111,0.9091801425871745
initial,1112,1,0.943003211090719,1112,0.9052949579475109
initial,1113,1,0.9090789205628439,1113,0.8679941371122484
initial,1114,1,0.5834076345625904,1114,0.8878063616919785
initial,1115,1,0.8339546471572792,1115,0.9297639910298894
initial,1116,1,0.8638805413968029,1116,0.8819591804054095
initial,1117,1,0.9657674331227333,1117,0.9802748135379515
initial,1118,1,0.9652960770735333,1118,0.8609880610728367
initial,1119,1,0.8894237961409575,1119,0.9301230775383132
initial,1120,1,0.9093873509217181,1120,0.9831363603524073
initial,1121,1,0.8282268295062478,1121,0.9028266569002987
initial,1122,1,0.6820499522671947,1122,0.8224718975112015
initial,1123,1,0.8019723187145917,1123,0.9004387810456569
initial,1124,1,0.8488524109331756,1124,0.9766094353038625
initial,1125,1,0.9298209868795504,1125,0.8778523137721699
initial,1126,1,0.8649148075781841,1126,0.9677252538788352
initial,1127,1,0.8729867351786484,1127,0.9399154358436022
initial,1128,1,0.702030740024393,1128,0.8999949688902282
initial,1129,1,0.9266246047601223,1129,0.8213335979713805
initial,1130,1,0.9052644853884378,1130,0.9688126169030562
initial,1131,1,0.9718330538278095,1131,0.9638170187658779
initial,1132,1,0.8394949561802333,1132,0.9449624158981886
initial,1133,1,0.9781118872445637,1133,0.9292323635960926
initial,1134,1,0.808712129956664,1134,0.9259342696014683
initial,1135,1,0.9800429099042114,1135,0.9230154362191638
initial,1136,1,0.9440890684624319,1136,0.9038919908413289
initial,1137,1,0.9197784671844644,1137,0.9384864992906337
initial,1138,1,0.8103504891574869,1138,0.9040021172338581
initial,1139,1,0.9131113789430754,1139,0.9073598599320817
initial,1140,1,0.9095194200777602,1140,0.938764769730455
initial,1141,1,0.7781158715769769,1141,0.861446822064015
initial,1142,1,0.8700722097295461,1142,0.9458619391496145
initial,1143,1,0.8752704985969922,1143,0.8684873378997802
initial,1144,1,0.9265782385997363,1144,0.9533788798839407
initial,1145,1,0.9139514753548856,1145,0.9354524975718672
initial,1146,1,0.9067687222278733,1146,0.7840543249133827
initial,1147,1,0.7985786529739429,1147,0.8764637743039838
initial,1148,1,0.7948825368648298,1148,0.9027187031077566
initial,1149,1,0.6859321757506063,1149,0.9710481681521113
initial,1150,1,0.912156394679853,1150,0.8595467019207013
initial,1151,1,0.7127143508261374,1151,0.9241527372370324
initial,1152,1,0.9488089068026833,1152,0.7686803312501194
initial,1153,1,0.732614151675758,1153,0.9629687201959363
initial,1154,1,0.7806756352494022,1154,0.956439296621197
initial,1155,1,0.9179070354734723,1155,0.9322516397072637
initial,1156,1,0.9519038639571045,1156,0.9600129909873051
initial,1157,1,0.9155607088752705,1157,0.9776464382984889
initial,1158,1,0.7198930417730919,1158,0.92569593481496
initial,1159,1,0.7340322248158417,1159,0.8818014555509248
initial,1160,1,0.8634055860767385,1160,0.8545949003078941
initial,1161,1,0.7371868006315612,1161,0.9860572180993072
initial,1162,1,0.8668124092587077,1162,0.8227541242294462
initial,1163,1,0.8279183720675207,1163,0.9637260741270299
initial,1164,1,0.8915382435264929,1164,0.870842001114958
initial,1165,1,0.7275536661280443,1165,0.9366476872779612
initial,1166,1,0.9293053029864953,1166,0.8769521868002887
initial,1167,1,0.700302926312252,1167,0.9155978487434315
initial,1168,1,0.8933840126762653,1168,0.9774613799231165
initial,1169,1,0.7453581158580447,1169,0.8460079519529498
initial,1170,1,0.8123767560170901,1170,0.9861001961669527
initial,1171,1,0.9489241023681929,1171,0.943424868503057
initial,1172,1,0.7277280815354012,1172,0.952316634210979
initial,1173,1,0.6944824634827924,1173,0.9611363389325237
initial,1174,1,0.8612723435448315,1174,0.9568343002546824
initial,1175,1,0.8328909020495784,1175,0.9221727352129052
initial,1176,1,0.964325436977046,1176,0.7961553195715985
initial,1177,1,0.7770656184882074,1177,0.9514889089805704
initial,1178,1,0.9441248857090032,1178,0.870862238481453
initial,1179,1,0.9074318542158842,1179,0.9371934755606586
initial,1180,1,0.9727727298748536,1180,0.8292177435101603
initial,1181,1,0.9685310160041263,1181,0.9623547688999737
initial,1182,1,0.7094208314571787,1182,0.8943059311886378
initial,1183,1,0.9753715727899945,1183,0.895598363191892
initial,1184,1,0.8802707931022026,1184,0.9649801185303315
initial,1185,1,0.7453442884950036,1185,0.7763563944528826
initial,1186,1,0.8521349705493411,1186,0.9238440863240636
initial,1187,1,0.7678194431028929,1187,0.8833789228119011
initial,1188,1,0.838952132414859,1188,0.896214506061774
initial,1189,1,0.8909822166649797,1189,0.8320421534597147
initial,1190,1,0.7871138688031916,1190,0.9424150452822435
initial,1191,1,0.6526923745540445,1191,0.9470059987949013
initial,1192,1,0.9171448365077834,1192,0.94826623803638
initial,1193,1,0.9183259404953821,1193,0.9355491275540784
initial,1194,1,0.7984796709073622,1194,0.8140063043346228
initial,1195,1,0.8414095208668704,1195,0.9478247422077044
initial,1196,1,0.9159418416347143,1196,0.8147254548289147
initial,1197,1,0.8739950236410117,1197,0.9293860279432589
initial,1198,1,0.769287835394689,1198,0.9019479113516438
initial,1199,1,0.9470762501992165,1199,0.9164307074115414
initial,1200,1,0.8163097931849568,1200,0.8938765917850672
initial,1201,1,0.8584857761398276,1201,0.94950055865532
initial,1202,1,0.9402385607129622,1202,0.8894909061127015
initial,1203,1,0.7319178874232316,1203,0.8677447040633379
initial,1204,1,0.7828858617364753,1204,0.9191387422321413
initial,1205,1,0.8039610487793671,1205,0.9538135991726291
initial,1206,1,0.93323699262909,1206,0.8419223101791341
initial,1207,1,0.9493645072020298,1207,0.9511725022344486
initial,1208,1,0.8747543607985515,1208,0.9246402726268048
initial,1209,1,0.9074810186752018,1209,0.8894311297099161
initial,1210,1,0.8490798259597179,1210,0.9359469260893079
initial,1211,1,0.9842234928588351,1211,0.9436917147500018
initial,1212,1,0.934682261272352,1212,0.8457554753176044
initial,1213,1,0.9549290459237452,1213,0.953533439598214
initial,1214,1,0.8978418642933592,1214,0.7839449670380239
initial,1215,1,0.9015103927167584,1215,0.965193252864478
initial,1216,1,0.9825542835140959,1216,0.9141378467503012
initial,1217,1,0.8759359975674226,1217,0.9639930466076114
initial,1218,1,0.6901164325858933,1218,0.8579705000393174
initial,1219,1,0.74385884838408,1219,0.9189417041127312
initial,1220,1,0.834619789845131,1220,0.9243522536021251
initial,1221,1,0.9295641728096531,1221,0.9509822276486808
initial,1222,1,0.8494510752926355,1222,0.9010309981030917
initial,1223,1,0.9609646704361414,1223,0.7866399038407796
initial,1224,1,0.8628625517544335,1224,0.9682158289166949
initial,1225,1,0.8874484729667274,1225,0.9181920959123916
initial,1226,1,0.8043797107238251,1226,0.9028345376020983
initial,1227,1,0.8543613914190437,1227,0.8710274773093751
initial,1228,1,0.8530141170127421,1228,0.8587555197222392
initial,1229,1,0.9767668241815617,1229,0.8979292829611492
initial,1230,1,0.8483424832775917,1230,0.9661277525070575
initial,1231,1,0.941070776966288,1231,0.8738166406152769
initial,1232,1,0.7450406436394965,1232,0.8483524724638718
initial,1233,1,0.8549634505313355,1233,0.8821881503846811
initial,1234,1,0.8616562390947249,1234,0.9007161334379273
initial,1235,1,0.8903310202692397,1235,0.8404790309041382
initial,1236,1,0.8462543054657505,1236,0.820488177314233
initial,1237,1,0.9308146500788982,1237,0.869074188653681
initial,1238,1,0.9204399585881085,1238,0.9187110575242734
initial,1239,1,0.8748276838355142,1239,0.9102677304900099
initial,1240,1,0.8935324682993433,1240,0.9486810316365244
initial,1241,1,0.8693169288160814,1241,0.8514569345975728
initial,1242,1,0.9296006203526538,1242,0.9164909897121756
initial,1243,1,0.8765852495243226,1243,0.9125482829901399
initial,1244,1,0.8608684324045335,1244,0.9168772652159809
initial,1245,1,0.8562198772503963,1245,0.8884550812172571
initial,1246,1,0.854316643940822,1246,0.9626501056213128
initial,1247,1,0.860005511813329,1247,0.9469128443991376
initial,1248,1,0.9707310835272908,1248,0.9254702426330979
initial,1249,1,0.854774498486411,1249,0.9292314336477755
initial,1250,1,0.6924340862357286,1250,0.912437401261633
initial,1251,1,0.9433668616086472,1251,0.912029101051916
initial,1252,1,0.8803803226027314,1252,0.8992031661186739
initial,1253,1,0.8591688516175162,1253,0.932647723191536
initial,1254,1,0.8299064562612826,1254,0.8867818519409898
initial,1255,1,0.9578280531957031,1255,0.8123246968109005
initial,1256,1,0.9574838927367162,1256,0.9352568480427668
initial,1257,1,0.962825014687297,1257,0.9439013283168252
initial,1258,1,0.7537928807685915,1258,0.8707256141761928
initial,1259,1,0.9561854912327492,1259,0.7355801116789971
initial,1260,1,0.8276607366352462,1260,0.9260267023425015
initial,1261,1,0.7694070706090672,1261,0.9345291851849262
initial,1262,1,0.7779479972469052,1262,0.8929945189520376
initial,1263,1,0.8286202816156247,1263,0.9510697028335819
initial,1264,1,0.921311839056884,1264,0.9586823469558186
initial,1265,1,0.9054694030372568,1265,0.9099922809012819
initial,1266,1,0.7822020769043194,1266,0.8636980261888867
initial,1267,1,0.852326237578933,1267,0.9108014933135351
initial,1268,1,0.9699121603833089,1268,0.8351015702630985
initial,1269,1,0.8758465567660202,1269,0.910264493187531
initial,1270,1,0.9723809723462551,1270,0.9371414973833367
initial,1271,1,0.8748648209124594,1271,0.8798661654677783
initial,1272,1,0.9157375661889066,1272,0.885279861183338
initial,1273,1,0.7069258530496525,1273,0.8671301813077104
initial,1274,1,0.6307782605331291,1274,0.9322845030636355
initial,1275,1,0.8269799157409723,1275,0.9529543933361633
initial,1276,1,0.8582370535058141,1276,0.9093343629528685
initial,1277,1,0.7683132287061285,1277,0.8900973972411294
initial,1278,1,0.8178045468431747,1278,0.9280837954303109
initial,1279,1,0.9253852372197313,1279,0.9698935753257176
initial,1280,1,0.7892551153671312,1280,0.9069207600317122
initial,1281,1,0.8066367423403962,1281,0.8936263348071901
initial,1282,1,0.8832505000038857,1282,0.9180491261030206
initial,1283,1,0.8583172169907103,1283,0.9692372163727673
initial,1284,1,0.7317516331627867,1284,0.9224156749338139
initial,1285,1,0.9345741815694585,1285,0.9124032166075439
initial,1286,1,0.977415189048308,1286,0.9125118860575716
initial,1287,1,0.8991984672894959,1287,0.8399511752080155
initial,1288,1,0.8892004228474015,1288,0.967641375906199
initial,1289,1,0.8937329159225628,1289,0.8890813743283552
initial,1290,1,0.8061860007259167,1290,0.8903345033140287
initial,1291,1,0.8097006689156163,1291,0.9295713351066551
initial,1292,1,0.8730016870833935,1292,0.866013470941601
initial,1293,1,0.910292737277212,1293,0.8642674096007223
initial,1294,1,0.9430971067330887,1294,0.896702343964757
initial,1295,1,0.8246756123795145,1295,0.9627604022802052
initial,1296,1,0.7140687809349673,1296,0.8953250007776719
initial,1297,1,0.9096114776299781,1297,0.8572521752205529
initial,1298,1,0.7809140496920819,1298,0.9371279439657128
initial,1299,1,0.8617968173912652,1299,0.9270994535194783
initial,1300,1,0.8036833307273793,1300,0.9560295455614948
initial,1301,1,0.700346473539476,1301,0.9193686978784064
initial,1302,1,0.8045371691876809,1302,0.9198237544734864
initial,1303,1,0.8953466804583791,1303,0.9238716321938901
initial,1304,1,0.7914239817694821,1304,0.9769977237744204
initial,1305,1,0.7904856281179372,1305,0.9504739892655005
initial,1306,1,0.9142521098355202,1306,0.8668520114203323
initial,1307,1,0.7973820723370337,1307,0.9405214302989922
initial,1308,1,0.903377553775186,1308,0.9181087542853021
initial,1309,1,0.8083069287514509,1309,0.957295732992548
initial,1310,1,0.8581801125269527,1310,0.9048029305949188
initial,1311,1,0.8753891323261986,1311,0.9506150031960003
initial,1312,1,0.832701183777514,1312,0.9140052765410105
initial,1313,1,0.9665366767554531,1313,0.9259078482403708
initial,1314,1,0.8519927301601116,1314,0.9178884298432299
initial,1315,1,0.7267630456076001,1315,0.8574802579553807
initial,1316,1,0.9180489783842728,1316,0.86926558935378
initial,1317,1,0.8270445281014401,1317,0.9330159940974692
initial,1318,1,0.9143859298699495,1318,0.8184491389286104
initial,1319,1,0.6936020867746293,1319,0.9175927683804733
initial,1320,1,0.9607666335238163,1320,0.822312679209843
initial,1321,1,0.8506464145507251,1321,0.9384498800455123
initial,1322,1,0.9498963034368086,1322,0.7779557100749195
initial,1323,1,0.8781124665003599,1323,0.9421847037849997
initial,1324,1,0.8285728851182198,1324,0.929439332921498
initial,1325,1,0.9088028870745248,1325,0.9269064350913996
initial,1326,1,0.8615176512353544,1326,0.8702313192227975
initial,1327,1,0.8301863350512209,1327,0.8981773088997109
initial,1328,1,0.7418383704174346,1328,0.92741007082241
initial,1329,1,0.956163171754769,1329,0.9806976458932444
initial,1330,1,0.8743853895125149,1330,0.8128120501901401
initial,1331,1,0.8641754272653662,1331,0.9338092706804026
initial,1332,1,0.796659235830685,1332,0.9529658577066258
initial,1333,1,0.8862484750992481,1333,0.9349480429330493
initial,1334,1,0.8232289222222846,1334,0.8542921912340651
initial,1335,1,0.9380273124036168,1335,0.926272217527436
initial,1336,1,0.7702973529836015,1336,0.888463823756332
initial,1337,1,0.7319669916966319,1337,0.9340176184673823
initial,1338,1,0.7095190086044872,1338,0.9600807984736348
initial,1339,1,0.8729777309554566,1339,0.8036457368599625
initial,1340,1,0.747664974060492,1340,0.9503753851996416
initial,1341,1,0.8508472498218197,1341,0.8984981640509457
initial,1342,1,0.7609122274818996,1342,0.9408516926937138
initial,1343,1,0.6417563113079326,1343,0.8261064270196239
initial,1344,1,0.9289776355870251,1344,0.8923590573044238
initial,1345,1,0.790120307570023,1345,0.8754953940776433
initial,1346,1,0.9378707139956073,1346,0.8811266814553407
initial,1347,1,0.6637573340475509,1347,0.8844799782385862
initial,1348,1,0.9020564873331763,1348,0.9342167654297227
initial,1349,1,0.7763550119694325,1349,0.9146377049271444
initial,1350,1,0.7877664819929444,1350,0.8805280385573582
initial,1351,1,0.8789181739005155,1351,0.9054669303651871
initial,1352,1,0.7195388128832212,1352,0.8722946369817262
initial,1353,1,0.8482222924988991,1353,0.9294893312260465
initial,1354,1,0.8206234964386969,1354,0.934435743362316
initial,1355,1,0.9140512643354622,1355,0.9568185093093813
initial,1356,1,0.9108954511134436,1356,0.9805119933621258
initial,1357,1,0.6689674694952704,1357,0.9713749041164019
initial,1358,1,0.7436603923949708,1358,0.8069251933757022
initial,1359,1,0.7961697380440342,1359,0.9037002497367701
initial,1360,1,0.9506507239824915,1360,0.9508700272793732
initial,1361,1,0.8356503754853215,1361,0.8961619753448079
initial,1362,1,0.9216057389456994,1362,0.9271514240536767
initial,1363,1,0.8325568015990031,1363,0.9554388739692832
initial,1364,1,0.8249129833935669,1364,0.9273645742761305
initial,1365,1,0.7715783769045065,1365,0.954701093347925
initial,1366,1,0.9273445562413429,1366,0.768847164647272
initial,1367,1,0.8599921021044459,1367,0.9338945967883836
initial,1368,1,0.7483177596328991,1368,0.983742538951847
initial,1369,1,0.9546585407518202,1369,0.8400612595172825
initial,1370,1,0.9618650134952633,1370,0.914945262826312
initial,1371,1,0.9561015767613059,1371,0.9551474200455599
initial,1372,1,0.8791678146794957,1372,0.7711696416014908
initial,1373,1,0.8253171778598969,1373,0.9367000434610833
initial,1374,1,0.9671458450799237,1374,0.9310033938180197
initial,1375,1,0.6881125000404255,1375,0.8234272715152868
initial,1376,1,0.7769763694004661,1376,0.9449394056578666
initial,1377,1,0.9355058524537583,1377,0.9187327030475643
initial,1378,1,0.9409291896359346,1378,0.8909933066073956
initial,1379,1,0.8494517275121185,1379,0.9479312324820809
initial,1380,1,0.7948779884977084,1380,0.9000162920010527
initial,1381,1,0.8397172469657468,1381,0.9478631324489124
initial,1382,1,0.82628005266862,1382,0.8931615749681543
initial,1383,1,0.9147489448296413,1383,0.8967078941796022
initial,1384,1,0.904830417198335,1384,0.9096981390978851
initial,1385,1,0.9693297358959985,1385,0.895747875416549
initial,1386,1,0.9286316346940771,1386,0.8388059798587721
initial,1387,1,0.8980603177444098,1387,0.9647233664689585
initial,1388,1,0.8631934275433942,1388,0.9247334008028884
initial,1389,1,0.7350444241344676,1389,0.9309372559648704
initial,1390,1,0.9801998014545339,1390,0.8798607981716395
initial,1391,1,0.9435434326268329,1391,0.8393598160955387
initial,1392,1,0.7314267049440129,1392,0.8183435944176569
initial,1393,1,0.9021821575022977,1393,0.9479993418968622
initial,1394,1,0.7742100357629516,1394,0.9739232174035187
initial,1395,1,0.9488255321142489,1395,0.8566413247759344
initial,1396,1,0.7958599503476866,1396,0.9662487022224768
initial,1397,1,0.8524945220264033,1397,0.8480462990663062
initial,1398,1,0.8688247328322023,1398,0.9852110784725454
initial,1399,1,0.9602287865891969,1399,0.9530647196213495
initial,1400,1,0.948037023470937,1400,0.8424407320139495
initial,1401,1,0.9484006435708634,1401,0.9596943463736997
initial,1402,1,0.7734372700894625,1402,0.8582560943725113
initial,1403,1,0.9063701932431967,1403,0.8998478459933084
initial,1404,1,0.7389450738692824,1404,0.7136938443558442
initial,1405,1,0.7307897028202743,1405,0.9616062492486286
initial,1406,1,0.7001790873896387,1406,0.9009181392878933
initial,1407,1,0.9168768952772745,1407,0.8849515026112124
initial,1408,1,0.9660396855679824,1408,0.9514463234388668
initial,1409,1,0.9217357351614359,1409,0.9487234837858765
initial,1410,1,0.9025986851489186,1410,0.9125792242668176
initial,1411,1,0.7928201510429627,1411,0.9071269440897831
initial,1412,1,0.9259969201995831,1412,0.9671676090974649
initial,1413,1,0.9320354526887071,1413,0.9153076541342098
initial,1414,1,0.7616502348124101,1414,0.8961445258489664
initial,1415,1,0.9097567410402425,1415,0.9540733182820011
initial,1416,1,0.6677934656977649,1416,0.8911111029270872
initial,1417,1,0.7638024271342942,1417,0.9187507425071403
initial,1418,1,0.961622495866243,1418,0.9463932914155082
initial,1419,1,0.8180179408967585,1419,0.9287318594424484
initial,1420,1,0.7329774198271749,1420,0.930411042568419
initial,1421,1,0.8407459765640367,1421,0.9239761108407023
initial,1422,1,0.8250249628056678,1422,0.865012802635484
initial,1423,1,0.80313218200662,1423,0.8932394612090808
initial,1424,1,0.9286792211747746,1424,0.9280490029692257
initial,1425,1,0.9569812714369255,1425,0.8248767825067191
initial,1426,1,0.8627818231254253,1426,0.866450607612983
initial,1427,1,0.8109651116918413,1427,0.9436269413967383
initial,1428,1,0.8154578120993743,1428,0.9164728691080515
initial,1429,1,0.773993479928702,1429,0.9832096784137885
initial,1430,1,0.8255144082641006,1430,0.9290773318349228
initial,1431,1,0.7468255393805092,1431,0.8984514852391039
initial,1432,1,0.8730206563477019,1432,0.8876857687639066
initial,1433,1,0.9753900654578271,1433,0.9554065707371263
initial,1434,1,0.8328256201511139,1434,0.9267602580172805
initial,1435,1,0.8490032577276361,1435,0.9440786793683031
initial,1436,1,0.9225216605055446,1436,0.8725299861384577
initial,1437,1,0.7496701778919171,1437,0.9637052034555216
initial,1438,1,0.9574628575126789,1438,0.8833520812313682
initial,1439,1,0.7068298769609208,1439,0.9553566561748941
initial,1440,1,0.6910018279287744,1440,0.9178888078408622
initial,1441,1,0.935917114075522,1441,0.9643671622708317
initial,1442,1,0.816524028967087,1442,0.9692960243985729
initial,1443,1,0.9448965847271554,1443,0.9187073060587954
initial,1444,1,0.8964581127599311,1444,0.8727370196708337
initial,1445,1,0.8945994802157,1445,0.894117718861497
initial,1446,1,0.9480909571023699,1446,0.9707518860646235
initial,1447,1,0.9113835082946324,1447,0.8921762282621791
initial,1448,1,0.8309126505578397,1448,0.9140029551922713
initial,1449,1,0.9123812873900913,1449,0.9266511943014906
initial,1450,1,0.8437991226358104,1450,0.9135639758142107
initial,1451,1,0.9686035138870404,1451,0.8894138868318961
initial,1452,1,0.8210315810752624,1452,0.9271798116717221
initial,1453,1,0.8996490723491328,1453,0.9077745107405342
initial,1454,1,0.9691403159359553,1454,0.9238970931069888
initial,1455,1,0.7191472854865575,1455,0.936893402725025
initial,1456,1,0.8835450250856178,1456,0.8791245099257989
initial,1457,1,0.8624867848091052,1457,0.9649925573252494
initial,1458,1,0.9588397679197097,1458,0.8890057088348817
initial,1459,1,0.9699291088679514,1459,0.947481195234983
initial,1460,1,0.8652260401340478,1460,0.8456853162821496
initial,1461,1,0.8049057997354676,1461,0.8620988821065425
initial,1462,1,0.7990272654695787,1462,0.829223346907074
initial,1463,1,0.8978513565384205,1463,0.8867256589018692
initial,1464,1,0.7763379473548171,1464,0.8267695847350289
initial,1465,1,0.6827951381622088,1465,0.8902710203850059
initial,1466,1,0.8004359247625199,1466,0.958896363091613
initial,1467,1,0.841933016468138,1467,0.927393547018601
initial,1468,1,0.9028737896062499,1468,0.8949525066347624
initial,1469,1,0.9719254389563545,1469,0.9122858361253416
initial,1470,1,0.7382805164840083,1470,0.9235616549697498
initial,1471,1,0.8192528717468711,1471,0.880732258824878
initial,1472,1,0.8599986155491133,1472,0.9045701951290135
initial,1473,1,0.8231309736318875,1473,0.9434000188687575
initial,1474,1,0.7209500116967416,1474,0.8254400419578213
initial,1475,1,0.8407370017132405,1475,0.8912131755579795
initial,1476,1,0.7328842626516676,1476,0.9306954774154044
initial,1477,1,0.7492263283012659,1477,0.9430830314203795
initial,1478,1,0.8141581564590092,1478,0.9833137629403328
initial,1479,1,0.9807023118722855,1479,0.9632054722030226
initial,1480,1,0.9273584960392243,1480,0.9545151120658788
initial,1481,1,0.8577418693427747,1481,0.8773850164465935
initial,1482,1,0.8573944407155656,1482,0.9639583501802446
initial,1483,1,0.9728574900009341,1483,0.9771994097522999
initial,1484,1,0.8718382785750596,1484,0.9846319403145241
initial,1485,1,0.8341422905432507,1485,0.9242829633905643
initial,1486,1,0.8695668486971395,1486,0.9853920175634114
initial,1487,1,0.930512352374107,1487,0.8898552004078765
initial,1488,1,0.955003348192951,1488,0.9536423569683656
initial,1489,1,0.8326603278823768,1489,0.9859036431631938
initial,1490,1,0.8838375475785676,1490,0.8950799023162936
initial,1491,1,0.7455415508380348,1491,0.9016168414766489
initial,1492,1,0.944641944787871,1492,0.9622950595365378
initial,1493,1,0.8742532177037793,1493,0.9018713762509154
initial,1494,1,0.8194729061080992,1494,0.8950560126072247
initial,1495,1,0.9581196892990056,1495,0.8963456620875115
initial,1496,1,0.9873989101067756,1496,0.8843291245559088
initial,1497,1,0.9322061397675683,1497,0.8168855740566434
initial,1498,1,0.9612932738133646,1498,0.9585007532660315
initial,1499,1,0.8988921766320843,1499,0.8905979520746001
initial,1500,1,0.892610994757296,1500,0.9674421887197795
initial,1501,1,0.8490933853209048,1501,0.9369197979112027
initial,1502,1,0.9002215389773248,1502,0.9607634100017104
initial,1503,1,0.9804847277601949,1503,0.9481214897252828
initial,1504,1,0.7885915027877913,1504,0.9405573841611932
initial,1505,1,0.8281834493881659,1505,0.9273082901423195
initial,1506,1,0.8318945711631315,1506,0.891082102934876
initial,1507,1,0.8494084200617412,1507,0.9631296083795697
initial,1508,1,0.8008323699554538,1508,0.9699046983672962
initial,1509,1,0.9083789548988206,1509,0.8386602772999471
initial,1510,1,0.9317372171902515,1510,0.7983109787612478
initial,1511,1,0.8029483210401945,1511,0.9437373957251226
initial,1512,1,0.8683622880241062,1512,0.9594888369413228
initial,1513,1,0.7454980425908853,1513,0.9497497325884874
initial,1514,1,0.8510895719605813,1514,0.9032173061986773
initial,1515,1,0.6902886983173773,1515,0.9594342075549116
initial,1516,1,0.9801702649237629,1516,0.8804489080479658
initial,1517,1,0.8775064980631887,1517,0.8829511125410516
initial,1518,1,0.7565166185853193,1518,0.7949502192662465
initial,1519,1,0.7955624219240303,1519,0.9487659930250407
initial,1520,1,0.8774118821976382,1520,0.9301182008621427
initial,1521,1,0.7999631291147489,1521,0.9484523398447686
initial,1522,1,0.9551635174465258,1522,0.9476742973206465
initial,1523,1,0.8848216525277587,1523,0.9291617214462493
initial,1524,1,0.8079903960630018,1524,0.9301411512466589
initial,1525,1,0.9354064296320348,1525,0.9239533771226821
initial,1526,1,0.9573833024132153,1526,0.928825855815399
initial,1527,1,0.9177419684148528,1527,0.8030326051463132
initial,1528,1,0.9145870881810108,1528,0.8927110324622134
initial,1529,1,0.8565967902672221,1529,0.9817022458547828
initial,1530,1,0.8606427181253187,1530,0.9813236220988282
initial,1531,1,0.7711936200810384,1531,0.973255482136818
initial,1532,1,0.9396457236081266,1532,0.9249630170421298
initial,1533,1,0.9652279521589502,1533,0.8924675661407655
initial,1534,1,0.8541215751199287,1534,0.961196715946166
initial,1535,1,0.9441621702012891,1535,0.8155856165087696
initial,1536,1,0.8960944564269311,1536,0.9439375190410054
initial,1537,1,0.6991626302976154,1537,0.928968385997323
initial,1538,1,0.8231919457154575,1538,0.9463359168253823
initial,1539,1,0.9363686109405949,1539,0.9665375868171989
initial,1540,1,0.9685062801170802,1540,0.8812798138395829
initial,1541,1,0.9410512599528916,1541,0.9263599972094418
initial,1542,1,0.956156712676175,1542,0.8645752034447411
initial,1543,1,0.9847817253137493,1543,0.8289804717224349
initial,1544,1,0.7712167986394652,1544,0.8664344763267866
initial,1545,1,0.8697077778973228,1545,0.9374545887864651
initial,1546,1,0.8993158822130795,1546,0.9606352661498225
initial,1547,1,0.9061815431431548,1547,0.957958333678546
initial,1548,1,0.879301339660316,1548,0.9379523895654696
initial,1549,1,0.8071584911683074,1549,0.9440607491347857
initial,1550,1,0.9429017275597831,1550,0.9357521228583467
initial,1551,1,0.948658215327713,1551,0.8557001576067877
initial,1552,1,0.6614496970209162,1552,0.946383073140109
initial,1553,1,0.9056657517037741,1553,0.9527945900858872
initial,1554,1,0.8843847931123259,1554,0.9362731123815343
initial,1555,1,0.8513934094294116,1555,0.9472020809264105
initial,1556,1,0.8384095718783579,1556,0.8869078115945244
initial,1557,1,0.9251858804152607,1557,0.9071089457641157
initial,1558,1,0.8010553167026836,1558,0.9540947361029783
initial,1559,1,0.777692193584586,1559,0.9123101626580774
initial,1560,1,0.7587678379002644,1560,0.9670279939309261
initial,1561,1,0.9084163274530215,1561,0.9726797528874882
initial,1562,1,0.9025236425354264,1562,0.9301844131462382
initial,1563,1,0.8272390629895392,1563,0.9411461663281526
initial,1564,1,0.9337327648311443,1564,0.8772952593015846
initial,1565,1,0.9603974179341798,1565,0.9516589162548552
initial,1566,1,0.931830148567869,1566,0.8847899811669239
initial,1567,1,0.8117229238946515,1567,0.8800468160167949
initial,1568,1,0.938881037360487,1568,0.8754408114142629
initial,1569,1,0.7163460128462362,1569,0.9222925777752711
initial,1570,1,0.7834423176147914,1570,0.9695844417580688
initial,1571,1,0.8834927251307667,1571,0.9153713184044208
initial,1572,1,0.962087250045786,1572,0.8745154403278387
initial,1573,1,0.8581983718239196,1573,0.7799521336056139
initial,1574,1,0.6951724305152966,1574,0.875848681097944
initial,1575,1,0.8230403276094969,1575,0.9551724060480027
initial,1576,1,0.7805072130089072,1576,0.9012291281771031
initial,1577,1,0.9629530067531317,1577,0.9022271159172766
initial,1578,1,0.8631506970291858,1578,0.9477135184651451
initial,1579,1,0.8818156053155222,1579,0.9388380349137369
initial,1580,1,0.8476817646698843,1580,0.9174409154338615
initial,1581,1,0.9685855011648961,1581,0.9013494763731454
initial,1582,1,0.9402603226652393,1582,0.9297628724402414
initial,1583,1,0.8540381395911802,1583,0.9238852842658882
initial,1584,1,0.8556201187129856,1584,0.9562054272370788
initial,1585,1,0.9640865128497222,1585,0.9538987660310931
initial,1586,1,0.91488768341735,1586,0.9481194322691144
initial,1587,1,0.9680557240898768,1587,0.9378903437433317
initial,1588,1,0.8076987786133389,1588,0.9435325674280994
initial,1589,1,0.9284843975216168,1589,0.8682461091937193
initial,1590,1,0.898328214429844,1590,0.7798545717855778
initial,1591,1,0.9257094101833219,1591,0.8851315523234828
initial,1592,1,0.8390025776415244,1592,0.9706135691292009
initial,1593,1,0.7861785383978586,1593,0.9517336935433749
initial,1594,1,0.7711284035020318,1594,0.9359031971432537
initial,1595,1,0.8816302369561679,1595,0.9368179408162475
initial,1596,1,0.895602912539708,1596,0.8876573609977623
initial,1597,1,0.9543813012864877,1597,0.9545280311774271
initial,1598,1,0.8709641953626115,1598,0.9125661441524058
initial,1599,1,0.9636907902150782,1599,0.8595287965527718
initial,1600,1,0.8887253157427948,1600,0.8089165244358307
initial,1601,1,0.8966144184026081,1601,0.8778668281748729
initial,1602,1,0.9469938814269596,1602,0.9204268732920518
initial,1603,1,0.7710747217217483,1603,0.978767258762512
initial,1604,1,0.7804166820724638,1604,0.9431260869306337
initial,1605,1,0.9727617812602813,1605,0.9350650807900283
initial,1606,1,0.8751913895866649,1606,0.9747988673011179
initial,1607,1,0.8889825518050398,1607,0.9472328737301452
initial,1608,1,0.8935244100124198,1608,0.970854753379787
initial,1609,1,0.8976565289428731,1609,0.9433863569176161
initial,1610,1,0.8350059100600831,1610,0.9297774294308361
initial,1611,1,0.8354966124011567,1611,0.9009934643787746
initial,1612,1,0.7507473357582809,1612,0.7958420454255076
initial,1613,1,0.9063183692352048,1613,0.8690012530576147
initial,1614,1,0.9712284628954784,1614,0.8462026268631512
initial,1615,1,0.9565075996324908,1615,0.9508939074868128
initial,1616,1,0.7068087616733078,1616,0.9464704707793763
initial,1617,1,0.8571113483969754,1617,0.8777467259913349
initial,1618,1,0.9047770392736367,1618,0.9067516449907045
initial,1619,1,0.9343831003099167,1619,0.8868558133862291
initial,1620,1,0.8282884470929563,1620,0.9107538904454298
initial,1621,1,0.8763145536103556,1621,0.8256756295643142
initial,1622,1,0.9139867195243239,1622,0.9476619555175961
initial,1623,1,0.8758020212056636,1623,0.8883221352149551
initial,1624,1,0.9435043489377166,1624,0.9062578490900032
initial,1625,1,0.9598219381413384,1625,0.9683219308208206
initial,1626,1,0.9716735085335773,1626,0.9501447408704156
initial,1627,1,0.7621186694906306,1627,0.872851158540824
initial,1628,1,0.8753982789712353,1628,0.9593154814899015
initial,1629,1,0.7307909221923314,1629,0.8917492729344898
initial,1630,1,0.8527895283741365,1630,0.9820581456127897
initial,1631,1,0.7635514746322698,1631,0.9711793510596467
initial,1632,1,0.9712627344542565,1632,0.9452465869596436
initial,1633,1,0.8504110719823315,1633,0.9507509883971503
initial,1634,1,0.8840202167118565,1634,0.957715159272045
initial,1635,1,0.9609063895029855,1635,0.9191948314381027
initial,1636,1,0.8562957667337717,1636,0.8339025973017895
initial,1637,1,0.9587128598940506,1637,0.8788563315338308
initial,1638,1,0.8315019855110468,1638,0.9168655881425632
initial,1639,1,0.8100647540415977,1639,0.9649206245472719
initial,1640,1,0.8984969624228394,1640,0.9031587488390309
initial,1641,1,0.6371995534895489,1641,0.8089222334307891
initial,1642,1,0.8086575223084668,1642,0.9175363286591927
initial,1643,1,0.9298444047352963,1643,0.8615714758381063
initial,1644,1,0.691592834467553,1644,0.9368005486435308
initial,1645,1,0.8757442139514091,1645,0.9115463191067781
initial,1646,1,0.9258157404296601,1646,0.902784666861894
initial,1647,1,0.9138628360752479,1647,0.9614153235171505
initial,1648,1,0.8915027055062434,1648,0.9208507472013872
initial,1649,1,0.8931249920428463,1649,0.8503727046272409
initial,1650,1,0.930680327433812,1650,0.9563839543354777
initial,1651,1,0.766858482881287,1651,0.8988743384430227
initial,1652,1,0.9117217880394061,1652,0.9453782245308096
initial,1653,1,0.7276121954674803,1653,0.9193340108600802
initial,1654,1,0.8792831198181024,1654,0.9029735945380042
initial,1655,1,0.9518401944496235,1655,0.8001431938772988
initial,1656,1,0.8663854605964632,1656,0.9483883411559748
initial,1657,1,0.7501129981180428,1657,0.9469906282072706
initial,1658,1,0.7566616898803958,1658,0.9135787778244293
initial,1659,1,0.9685302286604409,1659,0.922383076510841
initial,1660,1,0.7075956409208993,1660,0.8432131590947982
initial,1661,1,0.8895250348843549,1661,0.8790499609086773
initial,1662,1,0.9257219228681726,1662,0.80323127848751
initial,1663,1,0.8967017057181641,1663,0.8691931413668081
initial,1664,1,0.8210179798398352,1664,0.9557826466760047
initial,1665,1,0.7983184529995093,1665,0.9684373717462558
initial,1666,1,0.8541372190433221,1666,0.9578110541900065
initial,1667,1,0.8525572752239897,1667,0.8372532174195588
initial,1668,1,0.8700896501505053,1668,0.8833588892714564
initial,1669,1,0.9405800472221053,1669,0.918745551701126
initial,1670,1,0.866160416956379,1670,0.9684061526420928
initial,1671,1,0.9017360309559426,1671,0.9464030491000005
initial,1672,1,0.7611529111258729,1672,0.9638289265459417
initial,1673,1,0.796283835304225,1673,0.9273459472086685
initial,1674,1,0.7018334468434297,1674,0.9821463593319119
initial,1675,1,0.882236971978799,1675,0.8910184045467944
initial,1676,1,0.9396573307706463,1676,0.8020298134827398
initial,1677,1,0.9676893373280199,1677,0.8409830481116826
initial,1678,1,0.745535813778706,1678,0.9321599480930214
initial,1679,1,0.7945003295247584,1679,0.9214225964705762
initial,1680,1,0.887365220434408,1680,0.9784078100100344
initial,1681,1,0.7421603348927079,1681,0.90587552543746
initial,1682,1,0.810893440734763,1682,0.9033684131245985
initial,1683,1,0.8882282718666388,1683,0.9125951349436605
initial,1684,1,0.7720265291323023,1684,0.9180970934530376
initial,1685,1,0.6461458500359247,1685,0.9165998734752498
initial,1686,1,0.9003670567419937,1686,0.8415926100614485
initial,1687,1,0.9695427094494495,1687,0.9191773564852421
initial,1688,1,0.9069158156432391,1688,0.903555694679776
initial,1689,1,0.8332809609802685,1689,0.9054698522789981
initial,1690,1,0.8868089873481994,1690,0.9036123555374372
initial,1691,1,0.9658423292478926,1691,0.8353085588067495
initial,1692,1,0.6393771743321205,1692,0.9225282992752947
initial,1693,1,0.8323286792587601,1693,0.9272770646598472
initial,1694,1,0.84644494811334,1694,0.8569530910100693
initial,1695,1,0.6387711073618947,1695,0.92994171095482
initial,1696,1,0.8188150115083865,1696,0.9113207967836736
initial,1697,1,0.8333600592313342,1697,0.9416514980634001
initial,1698,1,0.8211638132216805,1698,0.8967033768378573
initial,1699,1,0.6866950954639484,1699,0.9488051831262118
initial,1700,1,0.7176150642095391,1700,0.9705471925864031
initial,1701,1,0.8643659029312546,1701,0.9250320436845005
initial,1702,1,0.7937222924537337,1702,0.6459156749775044
initial,1703,1,0.8093747012120541,1703,0.9883474939711523
initial,1704,1,0.8570491430619203,1704,0.932258682392416
initial,1705,1,0.9058090770495073,1705,0.8423023076093474
initial,1706,1,0.8477331188892554,1706,0.9859486549329637
initial,1707,1,0.9525875394975052,1707,0.8027204793485441
initial,1708,1,0.9021370489340832,1708,0.9791991010187464
initial,1709,1,0.8876284771884912,1709,0.9382908183535745
initial,1710,1,0.7710541539009512,1710,0.8711421614251276
initial,1711,1,0.6673843946425411,1711,0.9247833450784055
initial,1712,1,0.827068819252518,1712,0.9348077393410041
initial,1713,1,0.9161748575683224,1713,0.8603896417995038
initial,1714,1,0.9131807661410359,1714,0.7853096098939296
initial,1715,1,0.8414465092447627,1715,0.9030774611944852
initial,1716,1,0.9149861454576468,1716,0.789728898911007
initial,1717,1,0.7360721130247082,1717,0.8146296551823047
initial,1718,1,0.8785499521601671,1718,0.9493452080099862
initial,1719,1,0.7863864256351235,1719,0.9133186401060039
initial,1720,1,0.88505321970843,1720,0.9187076397798939
initial,1721,1,0.7597582535124031,1721,0.9552646971237051
initial,1722,1,0.8924878811102015,1722,0.9643774625798085
initial,1723,1,0.7952573546977771,1723,0.9695758962647949
initial,1724,1,0.8857023804822899,1724,0.8962807422644881
initial,1725,1,0.7567411717969021,1725,0.9216958254372624
initial,1726,1,0.8823492120440233,1726,0.9367027927921125
initial,1727,1,0.9612900581846229,1727,0.9288119583647356
initial,1728,1,0.8894449030701079,1728,0.9357739260723359
initial,1729,1,0.7173495821793157,1729,0.8674257620041069
initial,1730,1,0.9174082097180205,1730,0.8049148684399862
initial,1731,1,0.8370794837911341,1731,0.975263869539408
initial,1732,1,0.8546394054638977,1732,0.9519232643527588
initial,1733,1,0.776922278008989,1733,0.9254071662418447
initial,1734,1,0.844325005762431,1734,0.8591952489920867
initial,1735,1,0.9071997586764438,1735,0.9781626672302266
initial,1736,1,0.8561668888463487,1736,0.8920556581606098
initial,1737,1,0.8971946904209311,1737,0.9660128171261632
initial,1738,1,0.8151784210885806,1738,0.6913699066993525
initial,1739,1,0.9410649578361447,1739,0.9590447238800124
initial,1740,1,0.9587847125953044,1740,0.8846913222276911
initial,1741,1,0.9024423970037025,1741,0.9098732687314037
initial,1742,1,0.9599376504513626,1742,0.9143926595288479
initial,1743,1,0.6503766201957094,1743,0.9601933622844072
initial,1744,1,0.7550212945257075,1744,0.9361388663962737
initial,1745,1,0.6512171968190947,1745,0.810196900780616
initial,1746,1,0.779542652522754,1746,0.8124337174740044
initial,1747,1,0.8406101078050783,1747,0.8643610453519033
initial,1748,1,0.9175536588163404,1748,0.838209161983865
initial,1749,1,0.7224649236651413,1749,0.8779046516925517
initial,1750,1,0.7991793072731463,1750,0.8963799204989908
initial,1751,1,0.896830161958768,1751,0.8866498575386457
initial,1752,1,0.6129702057636022,1752,0.8901112579585996
initial,1753,1,0.8236244074953605,1753,0.9247592662949689
initial,1754,1,0.9228983176164199,1754,0.9352824102264032
initial,1755,1,0.974102449557041,1755,0.866641896866823
initial,1756,1,0.9777240744299109,1756,0.9358908931280256
initial,1757,1,0.8279665074780138,1757,0.9434255778949066
initial,1758,1,0.7332808378735447,1758,0.9824311291914347
initial,1759,1,0.9088486873226551,1759,0.9426936887023185
initial,1760,1,0.9449592751610119,1760,0.782829391295996
initial,1761,1,0.9479702652077289,1761,0.8943279771151693
initial,1762,1,0.8707144532780082,1762,0.9090721695300183
initial,1763,1,0.9153514012011807,1763,0.6968374833027581
initial,1764,1,0.8012595307815519,1764,0.9588838789984674
initial,1765,1,0.8072527683031765,1765,0.8900069829730728
initial,1766,1,0.9378981540421868,1766,0.910858260880322
initial,1767,1,0.8661948658851348,1767,0.8975363494759367
initial,1768,1,0.8947851087032164,1768,0.9659556490141227
initial,1769,1,0.8744017031482072,1769,0.9683452477161311
initial,1770,1,0.8870870525312258,1770,0.9530651604212915
initial,1771,1,0.7089826123633423,1771,0.9387507542303496
initial,1772,1,0.9732150258643912,1772,0.8767402551347723
initial,1773,1,0.814081298480653,1773,0.938408553676993
initial,1774,1,0.6940053155882302,1774,0.8655045335584257
initial,1775,1,0.7019805674862436,1775,0.9435221013261461
initial,1776,1,0.7930613458235134,1776,0.9219080252582696
initial,1777,1,0.9120067096884648,1777,0.9730445884861714
initial,1778,1,0.9129830621631243,1778,0.9775760547197065
initial,1779,1,0.9275244056910983,1779,0.9374880561068479
initial,1780,1,0.9735554141342813,1780,0.950200850169786
initial,1781,1,0.7881008356636807,1781,0.8753932902588786
initial,1782,1,0.8200493874193353,1782,0.9581644390236362
initial,1783,1,0.8674138643425017,1783,0.935600529992787
initial,1784,1,0.5956398968771133,1784,0.9007081978324936
initial,1785,1,0.8739615740661325,1785,0.8533721118342608
initial,1786,1,0.8440211694107209,1786,0.9187852594469719
initial,1787,1,0.9412032124840011,1787,0.9087118102360576
initial,1788,1,0.963738184310474,1788,0.8046114075796871
initial,1789,1,0.6672905963164796,1789,0.869190078243022
initial,1790,1,0.8728411534484335,1790,0.8655255601577903
initial,1791,1,0.9458023793502508,1791,0.8518018382381333
initial,1792,1,0.9384722302045645,1792,0.8593948948383692
initial,1793,1,0.6936032505645953,1793,0.9039802174765776
initial,1794,1,0.897858217370022,1794,0.9532205254668493
initial,1795,1,0.9313984383354783,1795,0.927541115279644
initial,1796,1,0.882073911151301,1796,0.9237046701422206
initial,1797,1,0.8364501290004548,1797,0.9283692376116176
initial,1798,1,0.8271997102680481,1798,0.9303237765581223
initial,1799,1,0.9051952863598294,1799,0.9308722608027564
initial,1800,1,0.9124880621287275,1800,0.9103488682104555
initial,1801,1,0.896260547840835,1801,0.763784403302491
initial,1802,1,0.8848512247653368,1802,0.9440630231638594
initial,1803,1,0.9517530128287461,1803,0.9194519077989651
initial,1804,1,0.8508275587729935,1804,0.8428223223078279
initial,1805,1,0.9337969437832521,1805,0.9647334819865436
initial,1806,1,0.7331892550078493,1806,0.9635284692567148
initial,1807,1,0.9089715924319337,1807,0.907596030865785
initial,1808,1,0.7257377303197801,1808,0.9382398000028689
initial,1809,1,0.6953927771733842,1809,0.907950994125443
initial,1810,1,0.9313052666103785,1810,0.9483869158321343
initial,1811,1,0.8511879625894204,1811,0.8457044509137361
initial,1812,1,0.7730518666379296,1812,0.7542951029063976
initial,1813,1,0.8773922455690075,1813,0.8993096234198263
initial,1814,1,0.9297955801787257,1814,0.9163649123240618
initial,1815,1,0.9151825985242444,1815,0.8790108543945234
initial,1816,1,0.9382637203944961,1816,0.956878209471073
initial,1817,1,0.7824646184424342,1817,0.9674088771750926
initial,1818,1,0.7919341784622789,1818,0.9023316211268773
initial,1819,1,0.8899347293096069,1819,0.9844004838367579
initial,1820,1,0.9050556769970715,1820,0.8628553670491605
initial,1821,1,0.9796425250489165,1821,0.9115873870876555
initial,1822,1,0.8926810286774582,1822,0.8820080403328555
initial,1823,1,0.9791717743718928,1823,0.9477109128044021
initial,1824,1,0.7150928192514389,1824,0.8633447560824388
initial,1825,1,0.785588273332041,1825,0.9499996668243567
initial,1826,1,0.7481551683631631,1826,0.8897417739289015
initial,1827,1,0.7914898894571472,1827,0.87787506719682
initial,1828,1,0.8596648203707797,1828,0.9073302128603666
initial,1829,1,0.6882486249548472,1829,0.9310685039351945
initial,1830,1,0.7974568833147861,1830,0.8875667749881275
initial,1831,1,0.9082431139987293,1831,0.8014212292745932
initial,1832,1,0.9073263139968271,1832,0.8118177346718067
initial,1833,1,0.6876197380855041,1833,0.8808169829805952
initial,1834,1,0.7055401238639644,1834,0.9273086846605935
initial,1835,1,0.8279987407953657,1835,0.8033811256802508
initial,1836,1,0.9434689671579837,1836,0.7924023448730462
initial,1837,1,0.7914643487364039,1837,0.8814630599704292
initial,1838,1,0.8916226850207438,1838,0.8845603028793042
initial,1839,1,0.7637095147367232,1839,0.974285092454398
initial,1840,1,0.8418317373596875,1840,0.8590635950747301
initial,1841,1,0.8818662152945055,1841,0.8831570232855723
initial,1842,1,0.8514267266375298,1842,0.8524150253985184
initial,1843,1,0.7449895979717637,1843,0.945580075804211
initial,1844,1,0.895838879992967,1844,0.9795315614747921
initial,1845,1,0.8234601386834173,1845,0.9342858613064314
initial,1846,1,0.721090650450133,1846,0.8960094036626887
initial,1847,1,0.8547073890001471,1847,0.970253844253923
initial,1848,1,0.9001212253603372,1848,0.8190655117971506
initial,1849,1,0.9313507714817413,1849,0.9202989805502149
initial,1850,1,0.7870870509117143,1850,0.9098419639850781
initial,1851,1,0.6732831379567792,1851,0.9390349888914671
initial,1852,1,0.8638582345639887,1852,0.936746945900059
initial,1853,1,0.9531207584654416,1853,0.9373332971551112
initial,1854,1,0.8281929216928849,1854,0.9131857552008038
initial,1855,1,0.841158935403447,1855,0.8863677307684728
initial,1856,1,0.8602965004944593,1856,0.943141393396145
initial,1857,1,0.7598063607958478,1857,0.9136287176971911
initial,1858,1,0.7425424388557837,1858,0.9240145112669138
initial,1859,1,0.6415140654715877,1859,0.8512782563203891
initial,1860,1,0.6433024829889765,1860,0.9041938507530236
initial,1861,1,0.8453672852877587,1861,0.9567485942544447
initial,1862,1,0.7720851780433324,1862,0.9119895730282184
initial,1863,1,0.9667232152741618,1863,0.9048299778071828
initial,1864,1,0.9809420341249608,1864,0.8582376857701186
initial,1865,1,0.8517489040815884,1865,0.9322423664350412
initial,1866,1,0.8220196631138453,1866,0.9244317528886348
initial,1867,1,0.8315652542774268,1867,0.9216332989795539
initial,1868,1,0.867981231514614,1868,0.9576056032339102
initial,1869,1,0.776200356565804,1869,0.8262743686481769
initial,1870,1,0.6547326758560192,1870,0.9613045941149592
initial,1871,1,0.7594475421325135,1871,0.9264780598660447
initial,1872,1,0.8197254112563686,1872,0.9339464827933719
initial,1873,1,0.7164365163433986,1873,0.9291021976573282
initial,1874,1,0.6893970127793039,1874,0.9170476864086932
initial,1875,1,0.975647002225029,1875,0.9186184511141362
initial,1876,1,0.741807757589848,1876,0.8648455425980367
initial,1877,1,0.913237362940045,1877,0.9632679016747397
initial,1878,1,0.7499508685065589,1878,0.9649742147943374
initial,1879,1,0.9265036489958637,1879,0.9605606414013104
initial,1880,1,0.8043602448107612,1880,0.890446533202412
initial,1881,1,0.8200079221733557,1881,0.9815530520351377
initial,1882,1,0.879512149236825,1882,0.9146887817456503
initial,1883,1,0.8875160523789154,1883,0.9310120659859209
initial,1884,1,0.8776588565347045,1884,0.8273772786245686
initial,1885,1,0.8891337611394963,1885,0.9485454578517882
initial,1886,1,0.9200479505024821,1886,0.9754624025477199
initial,1887,1,0.8150972342550344,1887,0.9338537616458799
initial,1888,1,0.9172769729734086,1888,0.9851690344080024
initial,1889,1,0.8549962170917611,1889,0.9043864192256468
initial,1890,1,0.79827394724641,1890,0.9604735136979249
initial,1891,1,0.854389929595373,1891,0.9206396332318649
initial,1892,1,0.8913103219766131,1892,0.8616704892565394
initial,1893,1,0.7889345134348136,1893,0.9166850241688622
initial,1894,1,0.8031252732122622,1894,0.8422012202291382
initial,1895,1,0.9069081634505826,1895,0.9407045680119688
initial,1896,1,0.8639441025686649,1896,0.8835392415319512
initial,1897,1,0.9245135089273464,1897,0.9208555204162183
initial,1898,1,0.8215031576835516,1898,0.9595357108322996
initial,1899,1,0.9002951887006859,1899,0.8454828172327513
initial,1900,1,0.7382202673916859,1900,0.9127069991310233
initial,1901,1,0.7089671015228803,1901,0.7805425368341392
initial,1902,1,0.8004771510465709,1902,0.8978002091306323
initial,1903,1,0.8914973960139414,1903,0.9056300894574711
initial,1904,1,0.8850921326954814,1904,0.8112379917933875
initial,1905,1,0.7257863983109306,1905,0.9267330707064456
initial,1906,1,0.8946561087007967,1906,0.9585741563943242
initial,1907,1,0.8219124397385327,1907,0.9410751965932472
initial,1908,1,0.7977993142927025,1908,0.8697641439724101
initial,1909,1,0.75056282560867,1909,0.9446976666450031
initial,1910,1,0.8006312812489274,1910,0.9633264612508667
initial,1911,1,0.9473795910911331,1911,0.9462651268871956
initial,1912,1,0.9201079087898751,1912,0.9650184191606129
initial,1913,1,0.6674996078768237,1913,0.8946643153617053
initial,1914,1,0.9114566777166131,1914,0.9053733956233879
initial,1915,1,0.9680365521287579,1915,0.8359210890352156
initial,1916,1,0.6338195122495137,1916,0.9127254782752677
initial,1917,1,0.8705456390968058,1917,0.8610009325444011
initial,1918,1,0.7439726364120725,1918,0.946765366229662
initial,1919,1,0.743917944477537,1919,0.8343637816728168
initial,1920,1,0.7318664565937185,1920,0.8913946640193442
initial,1921,1,0.9646563517522959,1921,0.8369589418083287
initial,1922,1,0.8389083885332835,1922,0.8269669114485646
initial,1923,1,0.9825153535864892,1923,0.9490902690276206
initial,1924,1,0.9271103334891915,1924,0.9580615184663077
initial,1925,1,0.7292989651953125,1925,0.8713053528270314
initial,1926,1,0.7061741911499717,1926,0.9116427354146216
initial,1927,1,0.6059941509547382,1927,0.892999511321708
initial,1928,1,0.839534555965515,1928,0.9194221279593247
initial,1929,1,0.9356360862813077,1929,0.9537499331141637
initial,1930,1,0.7380391064482711,1930,0.8957424867198964
initial,1931,1,0.5995814819211458,1931,0.8720391320589982
initial,1932,1,0.8358459558732181,1932,0.9203154205796533
initial,1933,1,0.9089305271646348,1933,0.8234282117384142
initial,1934,1,0.8694221633501481,1934,0.9109500110526794
initial,1935,1,0.8241129512859662,1935,0.8448943715967334
initial,1936,1,0.802242543299398,1936,0.957757195834043
initial,1937,1,0.9040930581901097,1937,0.8411125863094888
initial,1938,1,0.6772619121610264,1938,0.9044107771357652
initial,1939,1,0.8498311533138079,1939,0.9147225050873405
initial,1940,1,0.9154623036559142,1940,0.9596685477234599
initial,1941,1,0.9509045357420537,1941,0.9246690753708264
initial,1942,1,0.9021388059613511,1942,0.8937851861370998
initial,1943,1,0.7765910112694308,1943,0.8606988057861125
initial,1944,1,0.6619708562321192,1944,0.9286612521736684
initial,1945,1,0.8316948636923164,1945,0.8404915322453372
initial,1946,1,0.8173106562541901,1946,0.9354666130704387
initial,1947,1,0.908724189261275,1947,0.9551361009483936
initial,1948,1,0.974736673388705,1948,0.9045028846246105
initial,1949,1,0.9523042308274308,1949,0.9357130545190258
initial,1950,1,0.8227270457682899,1950,0.7949347304320119
initial,1951,1,0.8420110195964912,1951,0.9443353034502571
initial,1952,1,0.8945850886791751,1952,0.910321478214281
initial,1953,1,0.9014169232734832,1953,0.9488719586017824
initial,1954,1,0.9279425595043787,1954,0.9757401967586528
initial,1955,1,0.7621797377281416,1955,0.968241548612971
initial,1956,1,0.7650852099465215,1956,0.9670496763909264
initial,1957,1,0.9425395797117903,1957,0.9129479472382447
initial,1958,1,0.8401180855463771,1958,0.813117929239334
initial,1959,1,0.98403180892416,1959,0.9327473314263837
initial,1960,1,0.6964240353095084,1960,0.8677349923808937
initial,1961,1,0.7507054146068882,1961,0.9223604070427802
initial,1962,1,0.8510219547062206,1962,0.9513968780638655
initial,1963,1,0.8762774245613061,1963,0.8779846117640441
initial,1964,1,0.9120166611189653,1964,0.8082195919008202
initial,1965,1,0.8854531506950645,1965,0.8461263764221627
initial,1966,1,0.9406030315707876,1966,0.9521137872327184
initial,1967,1,0.7873381260092149,1967,0.8486020033066987
initial,1968,1,0.9567299644146714,1968,0.9125535834907615
initial,1969,1,0.7633070009529254,1969,0.9774862360487483
initial,1970,1,0.8845689280351627,1970,0.9220001462551515
initial,1971,1,0.86435119920993,1971,0.9028295999799519
initial,1972,1,0.9183600641604255,1972,0.9218901256240026
initial,1973,1,0.951075369817696,1973,0.8889943999795518
initial,1974,1,0.9163956314919208,1974,0.8983721437265209
initial,1975,1,0.8408435631246158,1975,0.9142316644046047
initial,1976,1,0.9155528731612721,1976,0.8160952375625314
initial,1977,1,0.9866667403222178,1977,0.8664636031283344
initial,1978,1,0.9403782050743772,1978,0.9717814475377397
initial,1979,1,0.9595079245189051,1979,0.8512695845734152
initial,1980,1,0.9268438186932169,1980,0.8999446236043842
initial,1981,1,0.8928403137146683,1981,0.9802412556242068
initial,1982,1,0.9228667760060014,1982,0.8934005404159449
initial,1983,1,0.9396962710066612,1983,0.9568338716192916
initial,1984,1,0.9626255781290383,1984,0.8356417436892376
initial,1985,1,0.8734541253052961,1985,0.9441931188699406
initial,1986,1,0.9598879977655164,1986,0.9504031011267523
initial,1987,1,0.8434066067224492,1987,0.850294443713792
initial,1988,1,0.7542191836181666,1988,0.9301984081451644
initial,1989,1,0.969938468286541,1989,0.9111258984686617
initial,1990,1,0.9592696472833733,1990,0.9252653649682405
initial,1991,1,0.7293286664059994,1991,0.8603444553643397
initial,1992,1,0.867872802083892,1992,0.8563334929210983
initial,1993,1,0.8563375512944608,1993,0.9074357124954434
initial,1994,1,0.9277821997537093,1994,0.9225911578486135
initial,1995,1,0.9301880938421019,1995,0.9524448984330771
initial,1996,1,0.804094478718925,1996,0.9735073486526693
initial,1997,1,0.870779218171059,1997,0.9516387484374409
initial,1998,1,0.9824921666307573,1998,0.8180304212149256
initial,1999,1,0.9310767570659109,1999,0.9273288750589228
initial,2000,1,0.7967317561061442,2000,0.9443392023624774
initial,2001,1,0.8076025382634191,2001,0.873176411825156
initial,2002,1,0.7756925269437727,2002,0.9151510834443579
initial,2003,1,0.9204191807166788,2003,0.9758842853176244
initial,2004,1,0.9534568433981916,2004,0.945218443464952
initial,2005,1,0.8877919916349609,2005,0.9764416908082711
initial,2006,1,0.7037676799198417,2006,0.8771260777060622
initial,2007,1,0.8406156921182166,2007,0.8084231237823625
initial,2008,1,0.7592066794672152,2008,0.9439382660839186
initial,2009,1,0.6922195244231317,2009,0.980710338954345
initial,2010,1,0.9363659866430218,2010,0.8110320769637857
initial,2011,1,0.9670448940575112,2011,0.9588204979660289
initial,2012,1,0.949053561912545,2012,0.935799416926914
initial,2013,1,0.7620217263268956,2013,0.9437617101515434
initial,2014,1,0.8982706365174364,2014,0.9195553006316386
initial,2015,1,0.903249576747107,2015,0.9374295702188089
initial,2016,1,0.9513670471981479,2016,0.936677262640903
initial,2017,1,0.8991777578604401,2017,0.8752059085013191
initial,2018,1,0.7593260775385688,2018,0.9303011353479786
initial,2019,1,0.8863485391393091,2019,0.9685827095023996
initial,2020,1,0.9081063592996825,2020,0.9436884762962849
initial,2021,1,0.9118466418991819,2021,0.9603467272454618
initial,2022,1,0.8189999868191401,2022,0.9377244661430313
initial,2023,1,0.8663733798970389,2023,0.8899652248918312
initial,2024,1,0.8918264481735998,2024,0.9215017728005471
initial,2025,1,0.9783491622281055,2025,0.900146155371154
initial,2026,1,0.7221797001245184,2026,0.8692794278735796
initial,2027,1,0.902054745958128,2027,0.9154446770614806
initial,2028,1,0.9435381896224012,2028,0.8786493669369442
initial,2029,1,0.9357533120301805,2029,0.966565288510322
initial,2030,1,0.8961609680437217,2030,0.9466815903852153
initial,2031,1,0.8513582828623485,2031,0.8067119271368224
initial,2032,1,0.9806239678137247,2032,0.8283519448857342
initial,2033,1,0.7495568355884319,2033,0.9409412066026887
initial,2034,1,0.8887664033375239,2034,0.9143295484742402
initial,2035,1,0.8256766880881181,2035,0.7683008155364497
initial,2036,1,0.899771994285643,2036,0.840704970903291
initial,2037,1,0.7772309079237394,2037,0.9334231254663243
initial,2038,1,0.7669584321150762,2038,0.8686812967864255
initial,2039,1,0.9307007153822859,2039,0.9053624468126473
initial,2040,1,0.9440848943767326,2040,0.9213884966333807
initial,2041,1,0.8417901639515075,2041,0.9681756472262297
initial,2042,1,0.9028814215862164,2042,0.8959092064069222
initial,2043,1,0.8821583854534852,2043,0.8817545415246124
initial,2044,1,0.7418228676946782,2044,0.9671017034327769
initial,2045,1,0.936281413991259,2045,0.8812834575819035
initial,2046,1,0.7823537558830322,2046,0.8393141988490801
initial,2047,1,0.9542763462519395,2047,0.8451983448790465
initial,2048,1,0.8898721979104943,2048,0.943180833284816
initial,2049,1,0.7054965839435263,2049,0.919267312001298
initial,2050,1,0.7657369614255184,2050,0.7886972191682089
initial,2051,1,0.9539960769734309,2051,0.8901870783728015
initial,2052,1,0.791899339714154,2052,0.8646532625058186
initial,2053,1,0.8536355994652055,2053,0.931940182063999
initial,2054,1,0.9665056447678939,2054,0.9079011001304464
initial,2055,1,0.7620804877972502,2055,0.8980749206167313
initial,2056,1,0.9283916356725909,2056,0.9193172467123216
initial,2057,1,0.9212122959525916,2057,0.9629981981726321
initial,2058,1,0.8195377749130999,2058,0.9744693241873839
initial,2059,1,0.9210673751443709,2059,0.913985217628122
initial,2060,1,0.8682536151557607,2060,0.9261503497627213
initial,2061,1,0.8131452796120404,2061,0.8907120999366239
initial,2062,1,0.784798187432995,2062,0.9845784874992013
initial,2063,1,0.8674069991988472,2063,0.8944557189952856
initial,2064,1,0.863643108161768,2064,0.9035611716729754
initial,2065,1,0.8360355919356341,2065,0.8685354020916974
initial,2066,1,0.5974423051602403,2066,0.9845356493196847
initial,2067,1,0.8860131066020587,2067,0.8989593076211768
initial,2068,1,0.7084829210750666,2068,0.8808812010165668
initial,2069,1,0.9635514656590178,2069,0.8780128393935822
initial,2070,1,0.9027723458602331,2070,0.9084029488682602
initial,2071,1,0.9305362838231475,2071,0.9682192095117694
initial,2072,1,0.9501525171303488,2072,0.935834105005823
initial,2073,1,0.9597355118915388,2073,0.9658620830907862
initial,2074,1,0.9612068091005379,2074,0.8930025988707573
initial,2075,1,0.9121165851937542,2075,0.9373738872485284
initial,2076,1,0.8395029084475121,2076,0.9541246882196202
initial,2077,1,0.6035363711677706,2077,0.8615338734540379
initial,2078,1,0.8149022140633345,2078,0.9538002200543458
initial,2079,1,0.8909330183220391,2079,0.9170094279882668
initial,2080,1,0.8983663923000285,2080,0.9449002303197142
initial,2081,1,0.6619201761438095,2081,0.9655960729824757
initial,2082,1,0.8144638340537751,2082,0.9334124956768134
initial,2083,1,0.8422918601811942,2083,0.9617100452194978
initial,2084,1,0.8822457592014433,2084,0.9440987524551004
initial,2085,1,0.7639091420519926,2085,0.9329833267863357
initial,2086,1,0.9421071961795591,2086,0.9109938335350384
initial,2087,1,0.8483225236063132,2087,0.9520749375226114
initial,2088,1,0.7094136636133865,2088,0.7546003079101873
initial,2089,1,0.9506368271457956,2089,0.9021185993751526
initial,2090,1,0.8280747002294003,2090,0.8642347527511101
initial,2091,1,0.8707890102961318,2091,0.8744219507509922
initial,2092,1,0.9388744652356544,2092,0.9368767973813764
initial,2093,1,0.9097189929602656,2093,0.9650436895515595
initial,2094,1,0.593803550078134,2094,0.9027517133178268
initial,2095,1,0.9658914169840445,2095,0.8187383160436827
initial,2096,1,0.8310353540015651,2096,0.9645415134850859
initial,2097,1,0.6420995824447642,2097,0.9479870024095602
initial,2098,1,0.821785048473594,2098,0.8642649168868974
initial,2099,1,0.725281504682716,2099,0.9430826147266624
initial,2100,1,0.8547487661618957,2100,0.9064098349434442
initial,2101,1,0.9531431023449226,2101,0.866411597813145
initial,2102,1,0.9434230922391105,2102,0.9476399885735739
initial,2103,1,0.916518280939977,2103,0.8924788495635465
initial,2104,1,0.8761137795173171,2104,0.9666647703359128
initial,2105,1,0.8747443307888375,2105,0.9370136278773784
initial,2106,1,0.9291876050385157,2106,0.8350870213173498
initial,2107,1,0.9780133888606888,2107,0.9092801702530635
initial,2108,1,0.905685650430091,2108,0.9566879569263819
initial,2109,1,0.8355690673648464,2109,0.9504608277694653
initial,2110,1,0.9351783513400465,2110,0.8280394880993938
initial,2111,1,0.9362774428327966,2111,0.966408928172402
initial,2112,1,0.9074445522692645,2112,0.8799405597518782
initial,2113,1,0.8818883310794685,2113,0.9384772973956926
initial,2114,1,0.837795411145691,2114,0.9243027667595298
initial,2115,1,0.8645176491721613,2115,0.8116568901170809
initial,2116,1,0.8450791849576579,2116,0.8628806620548264
initial,2117,1,0.8392938185157176,2117,0.9195394200390423
initial,2118,1,0.8862580339516157,2118,0.8582068486701316
initial,2119,1,0.9032926855877986,2119,0.85104470786178
initial,2120,1,0.8859677732773725,2120,0.7776288781341891
initial,2121,1,0.8974604783414533,2121,0.8717760853151517
initial,2122,1,0.9278261152530279,2122,0.8784692353386702
initial,2123,1,0.7242513835975177,2123,0.9354595300247066
initial,2124,1,0.7841908491764195,2124,0.9769711000438586
initial,2125,1,0.8236295706478234,2125,0.8703144649711991
initial,2126,1,0.9260444963889252,2126,0.9448673712462494
initial,2127,1,0.949730437231599,2127,0.86527629748491
initial,2128,1,0.9224560995486619,2128,0.9048360867492502
initial,2129,1,0.6849275484149058,2129,0.8276403796866018
initial,2130,1,0.8740221173598008,2130,0.9089322143698588
initial,2131,1,0.8328795776911874,2131,0.8246362652709541
initial,2132,1,0.9483077651354224,2132,0.9756612056453348
initial,2133,1,0.9761196002385335,2133,0.9485551809872823
initial,2134,1,0.9313214484881267,2134,0.8884903015618525
initial,2135,1,0.9128111240875889,2135,0.924931507236546
initial,2136,1,0.9700787793884467,2136,0.8975375984847623
initial,2137,1,0.9234847086233462,2137,0.974449551114929
initial,2138,1,0.8114762158774814,2138,0.8906964255031575
initial,2139,1,0.7579183779856612,2139,0.8311123393581854
initial,2140,1,0.9227480688657773,2140,0.9131535070667403
initial,2141,1,0.8530091516257305,2141,0.8927735165467718
initial,2142,1,0.9205852490757553,2142,0.9717176517932413
initial,2143,1,0.7885635060236513,2143,0.8936332396660656
initial,2144,1,0.6172652630817426,2144,0.9423568356000587
initial,2145,1,0.9209441287840501,2145,0.9541471700595434
initial,2146,1,0.9829527481687689,2146,0.9378669625373903
initial,2147,1,0.7837773865724145,2147,0.9696411130511536
initial,2148,1,0.8368855486231228,2148,0.9791827132577374
initial,2149,1,0.8338275362653302,2149,0.8611873114899842
initial,2150,1,0.8449572425523397,2150,0.8872831179418277
initial,2151,1,0.9549810216700108,2151,0.9535889991280041
initial,2152,1,0.8689424477155185,2152,0.989033260873649
initial,2153,1,0.6290499143715036,2153,0.902661017394492
initial,2154,1,0.7813690006496579,2154,0.9093894821371585
initial,2155,1,0.8503171872999886,2155,0.9379266858065154
initial,2156,1,0.9092938906559063,2156,0.9609261610364805
initial,2157,1,0.7097780623996468,2157,0.9417920414986445
initial,2158,1,0.7451983732832679,2158,0.8488236848431829
initial,2159,1,0.8701245704170157,2159,0.9291795797978132
initial,2160,1,0.8636989051074693,2160,0.8427396734383357
initial,2161,1,0.7896756860498881,2161,0.9666151341123351
initial,2162,1,0.9336337233488664,2162,0.885298207305907
initial,2163,1,0.9534656276103924,2163,0.9462569822803664
initial,2164,1,0.7863514737769719,2164,0.9269316213100591
initial,2165,1,0.771138793725122,2165,0.9413316699610892
initial,2166,1,0.7636459074589366,2166,0.9537732739712269
initial,2167,1,0.8303853713922709,2167,0.9265468006393478
initial,2168,1,0.8005937727947561,2168,0.9499869511624639
initial,2169,1,0.9597294873487379,2169,0.8848953864371778
initial,2170,1,0.6923370927803879,2170,0.9201947251498473
initial,2171,1,0.8092288248375039,2171,0.92907535259829
initial,2172,1,0.9423160869684196,2172,0.9507935472860536
initial,2173,1,0.9084448691154847,2173,0.9150745872229532
initial,2174,1,0.9695550357267586,2174,0.8800961377966681
initial,2175,1,0.8913259589107027,2175,0.9706524987187679
initial,2176,1,0.7255489366720401,2176,0.9058076884451332
initial,2177,1,0.6852550566091038,2177,0.8672737458652853
initial,2178,1,0.8618879705519082,2178,0.9135839668582216
initial,2179,1,0.8244239827030224,2179,0.9472524012032877
initial,2180,1,0.7351802553109416,2180,0.9285704025762157
initial,2181,1,0.838006716194799,2181,0.8703227112976795
initial,2182,1,0.8289302577026727,2182,0.9419786725329947
initial,2183,1,0.7394607394091854,2183,0.9355695839014883
initial,2184,1,0.885137140097084,2184,0.8557849620350785
initial,2185,1,0.5828820911536513,2185,0.9150233384112142
initial,2186,1,0.7628064410996662,2186,0.9769431201991674
initial,2187,1,0.9164616091069193,2187,0.9749512965021623
initial,2188,1,0.661407781637641,2188,0.8162166947931506
initial,2189,1,0.969404622573035,2189,0.8749565250462971
initial,2190,1,0.7198716997935026,2190,0.9442862759422714
initial,2191,1,0.9209171273633008,2191,0.9466897747556458
initial,2192,1,0.9483065918679632,2192,0.9244296404517887
initial,2193,1,0.7528786955827909,2193,0.9532996951976951
initial,2194,1,0.7315120715018993,2194,0.963274369027246
initial,2195,1,0.9635946611740923,2195,0.9542908475112799
initial,2196,1,0.8929202599492789,2196,0.9196282536593678
initial,2197,1,0.8980620331837,2197,0.9387512748963701
initial,2198,1,0.8327208941425612,2198,0.8794075229629272
initial,2199,1,0.8228432165808335,2199,0.8768057316735314
initial,2200,1,0.7521232125921239,2200,0.8800245041343181
initial,2201,1,0.7416249083865293,2201,0.8841175414728726
initial,2202,1,0.9571847061016363,2202,0.8670709253113482
initial,2203,1,0.798218073356343,2203,0.934076929946489
initial,2204,1,0.9636551354904639,2204,0.9384567581698369
initial,2205,1,0.964468473799288,2205,0.8992949784068329
initial,2206,1,0.9479008403634077,2206,0.9518420714073936
initial,2207,1,0.9007340073145349,2207,0.9653287763201632
initial,2208,1,0.8676720360246993,2208,0.9729322349647949
initial,2209,1,0.8901490771785389,2209,0.9351785209042309
initial,2210,1,0.9306689821638403,2210,0.9241508864902821
initial,2211,1,0.9351059600267124,2211,0.911608651105618
initial,2212,1,0.9452506607492779,2212,0.8506176652464577
initial,2213,1,0.9316924157500936,2213,0.8798322007944366
initial,2214,1,0.8815155495890281,2214,0.9511753840714685
initial,2215,1,0.8537590102022176,2215,0.9374624763636787
initial,2216,1,0.8346444643461892,2216,0.9033241867459529
initial,2217,1,0.9565594650648945,2217,0.7746190547904899
initial,2218,1,0.8986980172770216,2218,0.9356606152561335
initial,2219,1,0.9592621281074374,2219,0.9712962173030224
initial,2220,1,0.8182320430524799,2220,0.8835473976199286
initial,2221,1,0.7708480954086491,2221,0.8602896667418328
initial,2222,1,0.9614039313694455,2222,0.8668228433971337
initial,2223,1,0.6495363188636994,2223,0.9137821743028758
initial,2224,1,0.938632307526597,2224,0.9392497595088707
initial,2225,1,0.8572250019197207,2225,0.9009985518894705
initial,2226,1,0.7105789463979006,2226,0.9004334617971419
initial,2227,1,0.8557972127181313,2227,0.9310527153021837
initial,2228,1,0.9122194144691291,2228,0.9615342357690533
initial,2229,1,0.8310717685439732,2229,0.927078646436818
initial,2230,1,0.8864818873858329,2230,0.9495304012661743
initial,2231,1,0.8969719050776681,2231,0.8736457621349303
initial,2232,1,0.8217200494934961,2232,0.813817456290487
initial,2233,1,0.8361835740814967,2233,0.8960988839045174
initial,2234,1,0.7926859791233809,2234,0.9378410720602317
initial,2235,1,0.9574133215669699,2235,0.9366638329791284
initial,2236,1,0.9009781538084376,2236,0.947044328908822
initial,2237,1,0.753974043715496,2237,0.9092314914072199
initial,2238,1,0.7267162978822534,2238,0.9213188775954384
initial,2239,1,0.7846296741884109,2239,0.9701267864080988
initial,2240,1,0.9122489386133352,2240,0.9267226406431959
initial,2241,1,0.9271093134860735,2241,0.8353003198360656
initial,2242,1,0.8514576475610061,2242,0.9532163528763508
initial,2243,1,0.8547061225292851,2243,0.867304478224629
initial,2244,1,0.8712183194449723,2244,0.9115887150497527
initial,2245,1,0.6852779149124573,2245,0.94791949596999
initial,2246,1,0.9191617668860914,2246,0.8128869953696516
initial,2247,1,0.7459439530285914,2247,0.9749490416397175
initial,2248,1,0.9701393365662916,2248,0.9396384154959514
initial,2249,1,0.9397101323298681,2249,0.9760596745806336
initial,2250,1,0.9612811052612058,2250,0.8706770827373211
initial,2251,1,0.8653810900143577,2251,0.9417245700577987
initial,2252,1,0.6758465028843181,2252,0.952840340635943
initial,2253,1,0.8144567644183971,2253,0.9291013073202887
initial,2254,1,0.8578624211689143,2254,0.96434635185101
initial,2255,1,0.909869191681321,2255,0.8750694750159858
initial,2256,1,0.9035674762926682,2256,0.9115013278328064
initial,2257,1,0.6908907395357214,2257,0.9851337144833587
initial,2258,1,0.6986193848656922,2258,0.880421334841367
initial,2259,1,0.8663096476122594,2259,0.9624421411934345
initial,2260,1,0.8141487437026063,2260,0.8483664934883051
initial,2261,1,0.9272045956721569,2261,0.7999455259679147
initial,2262,1,0.9622594808036733,2262,0.8904798317396037
initial,2263,1,0.8540315743495057,2263,0.8928672611639182
initial,2264,1,0.8636728418011488,2264,0.9444142274247043
initial,2265,1,0.8697581904451341,2265,0.9576843107484716
initial,2266,1,0.8087154425657065,2266,0.9188659479988934
initial,2267,1,0.9497951697065166,2267,0.9061312285713539
initial,2268,1,0.9425081857099953,2268,0.7797810339247577
initial,2269,1,0.9826959408355396,2269,0.8585174899736883
initial,2270,1,0.8081681778853596,2270,0.9296530166693918
initial,2271,1,0.7717344998742746,2271,0.9053687865687373
initial,2272,1,0.8475159911572865,2272,0.9759021074596497
initial,2273,1,0.8016389156746853,2273,0.8768807320842947
initial,2274,1,0.8878058572013322,2274,0.8773200124016391
initial,2275,1,0.9578496035595033,2275,0.890390245399713
initial,2276,1,0.9611083847678068,2276,0.9396628759547077
initial,2277,1,0.7614215256898176,2277,0.9768194664826297
initial,2278,1,0.9278882054029478,2278,0.9350264476914011
initial,2279,1,0.8556987028945315,2279,0.9355343480831692
initial,2280,1,0.8432256284666064,2280,0.9030084056866938
initial,2281,1,0.7881303862642741,2281,0.8614898167344001
initial,2282,1,0.8015519619156817,2282,0.8559875206075777
initial,2283,1,0.7486190874848234,2283,0.9753723215885775
initial,2284,1,0.8316607346359652,2284,0.8285723881870344
initial,2285,1,0.7271892091993513,2285,0.9588936657626426
initial,2286,1,0.6441169740140339,2286,0.9101671272642313
initial,2287,1,0.7840229023898384,2287,0.9573412856664356
initial,2288,1,0.8028250294798529,2288,0.9463944375981032
initial,2289,1,0.8735879022409967,2289,0.9457724027524463
initial,2290,1,0.8884915990915099,2290,0.9569950341140652
initial,2291,1,0.83743665286625,2291,0.924867258382347
initial,2292,1,0.9405156509219241,2292,0.9170547993305935
initial,2293,1,0.9665979133837919,2293,0.8716774726169545
initial,2294,1,0.9808602429783899,2294,0.9321125641443385
initial,2295,1,0.7515091315158731,2295,0.9313252149340091
initial,2296,1,0.913401791254324,2296,0.8500003610143713
initial,2297,1,0.8756063163757187,2297,0.8507550976388176
initial,2298,1,0.8218732055163102,2298,0.8737653947710049
initial,2299,1,0.9306592223981258,2299,0.9525780255743922
initial,2300,1,0.9643378104126368,2300,0.9194332233516027
initial,2301,1,0.8424242890554829,2301,0.8201059097324171
initial,2302,1,0.863843115893477,2302,0.955156172489212
initial,2303,1,0.9068786051583706,2303,0.8935512706522925
initial,2304,1,0.8328934786318007,2304,0.8924147996327576
initial,2305,1,0.9611824307701436,2305,0.8776108891078542
initial,2306,1,0.9568406125275559,2306,0.947410057090426
initial,2307,1,0.8343555430852025,2307,0.9672763209958597
initial,2308,1,0.7925613344114308,2308,0.930095678178404
initial,2309,1,0.6945626751204022,2309,0.8913288946267162
initial,2310,1,0.8544966934566343,2310,0.8292610493700674
initial,2311,1,0.8896683463873476,2311,0.9512300347754883
initial,2312,1,0.9495766704469801,2312,0.852595338969435
initial,2313,1,0.8230384796311627,2313,0.8886250863154797
initial,2314,1,0.8567614281473116,2314,0.9597743040141937
initial,2315,1,0.8836607404768498,2315,0.806900173120144
initial,2316,1,0.9623815527330566,2316,0.8583074194056304
initial,2317,1,0.7773908040210304,2317,0.9327170850139661
initial,2318,1,0.7559324990998875,2318,0.9641558935394401
initial,2319,1,0.9278441134133443,2319,0.9362035780359698
initial,2320,1,0.8433146604852229,2320,0.8724119906181621
initial,2321,1,0.881368715400278,2321,0.9782421175713079
initial,2322,1,0.9654501483512257,2322,0.8230529973007228
initial,2323,1,0.9381989716715279,2323,0.93638407671215
initial,2324,1,0.7277563061930563,2324,0.9639031656534213
initial,2325,1,0.9808178185605156,2325,0.9451554627713533
initial,2326,1,0.8798575737691667,2326,0.8219163728768087
initial,2327,1,0.8835250213030794,2327,0.7957730931958817
initial,2328,1,0.9422526118680332,2328,0.9530545533992072
initial,2329,1,0.8047062169529644,2329,0.7913577209312741
initial,2330,1,0.8044555735846972,2330,0.9548605261182028
initial,2331,1,0.7531498886457932,2331,0.8584145482044445
initial,2332,1,0.966544595471901,2332,0.7780255789577872
initial,2333,1,0.906901226701941,2333,0.9432072211090969
initial,2334,1,0.9501585607301283,2334,0.8954420345683607
initial,2335,1,0.7522233648827976,2335,0.9463799921464334
initial,2336,1,0.8911251558299982,2336,0.9295110988387327
initial,2337,1,0.9785834778406963,2337,0.7231320929118032
initial,2338,1,0.8432433336711778,2338,0.9522350398436148
initial,2339,1,0.8041390465110967,2339,0.911099035602668
initial,2340,1,0.7429475668004112,2340,0.961523339344273
initial,2341,1,0.9035520167686282,2341,0.8697659248892667
initial,2342,1,0.8745419521490665,2342,0.8149984059866957
initial,2343,1,0.7465202326772018,2343,0.9614545797298739
initial,2344,1,0.6379692185458219,2344,0.9193972616413186
initial,2345,1,0.8194559704171185,2345,0.8722742595883564
initial,2346,1,0.7799243263627031,2346,0.9296968220713289
initial,2347,1,0.8037972505590268,2347,0.8484012404974084
initial,2348,1,0.9763730306826727,2348,0.9578804697681675
initial,2349,1,0.9502392264088833,2349,0.9762200840526842
initial,2350,1,0.9804369163245386,2350,0.8701301518009035
initial,2351,1,0.9483575273156828,2351,0.9558103508041481
initial,2352,1,0.8598649360656405,2352,0.9284818030832465
initial,2353,1,0.7490468707241171,2353,0.985414675508949
initial,2354,1,0.9159940389470378,2354,0.8658365519416853
initial,2355,1,0.9484277490604228,2355,0.9373396915309891
initial,2356,1,0.8909770888396951,2356,0.9524605901417085
initial,2357,1,0.9451828625002076,2357,0.9476923282391028
initial,2358,1,0.9171142475196791,2358,0.8605739490516853
initial,2359,1,0.8212750513427238,2359,0.7977909231187823
initial,2360,1,0.757864605290375,2360,0.9638940849124897
initial,2361,1,0.902961467640345,2361,0.8443580166814129
initial,2362,1,0.9702715418763439,2362,0.9231544597932533
initial,2363,1,0.8508382206548919,2363,0.8618593606458642
initial,2364,1,0.9509098980839342,2364,0.8831629696089571
initial,2365,1,0.7907938363219149,2365,0.9041684241214527
initial,2366,1,0.9706796087235285,2366,0.9759953595136781
initial,2367,1,0.9818487016378036,2367,0.8726699346306219
initial,2368,1,0.9810589939351411,2368,0.967878155666281
initial,2369,1,0.8146283456418548,2369,0.8609342048698627
initial,2370,1,0.8029117887992279,2370,0.8515171355145542
initial,2371,1,0.8142079452735353,2371,0.9816644068347327
initial,2372,1,0.8577182712837741,2372,0.9025915011824905
initial,2373,1,0.9741608073411503,2373,0.9550783624888406
initial,2374,1,0.7729633325178293,2374,0.9716769170325749
initial,2375,1,0.6960715340092211,2375,0.8314710386840426
initial,2376,1,0.8400698226530661,2376,0.8596329127084885
initial,2377,1,0.8838199084290413,2377,0.875208570916819
initial,2378,1,0.8692066191094647,2378,0.9172865531613837
initial,2379,1,0.8675937810729017,2379,0.8350533777659258
initial,2380,1,0.9149588744643146,2380,0.9170724498549727
initial,2381,1,0.6448028550070652,2381,0.8911121310280705
initial,2382,1,0.9189008500478751,2382,0.8070139280163036
initial,2383,1,0.8926475149933207,2383,0.8830118775828176
initial,2384,1,0.7741770612094893,2384,0.8630117670851042
initial,2385,1,0.9754578559874938,2385,0.9601422584314512
initial,2386,1,0.7396430017311306,2386,0.8918773620305438
initial,2387,1,0.848451788175346,2387,0.951128760550662
initial,2388,1,0.9313740089835498,2388,0.9800214019366131
initial,2389,1,0.7744535486695072,2389,0.8805849131280485
initial,2390,1,0.9257567523882491,2390,0.9222404003932677
initial,2391,1,0.9853783084739516,2391,0.9098405833625071
initial,2392,1,0.7947293245593421,2392,0.9642995174961586
initial,2393,1,0.9576350130207196,2393,0.8433776835075667
initial,2394,1,0.881038309954401,2394,0.8890714904040928
initial,2395,1,0.9581533203938248,2395,0.8901212352823009
initial,2396,1,0.9181366051904835,2396,0.7617489377408315
initial,2397,1,0.8185821994948816,2397,0.871964249575734
initial,2398,1,0.8299475668983731,2398,0.8861186900530262
initial,2399,1,0.865383249932705,2399,0.9586885896812554
initial,2400,1,0.8598871075639146,2400,0.7853844449098498
initial,2401,1,0.8457839154764837,2401,0.8587932873682984
initial,2402,1,0.9559880183621909,2402,0.8842924044141176
initial,2403,1,0.9099990064322188,2403,0.8551299444019356
initial,2404,1,0.9499016863944939,2404,0.8754563611548558
initial,2405,1,0.9602026770105554,2405,0.9644441829328283
initial,2406,1,0.9115857033746146,2406,0.9673047101898984
initial,2407,1,0.8228552946952168,2407,0.9324367114006746
initial,2408,1,0.9107413073554866,2408,0.9175927136606173
initial,2409,1,0.9141972953800979,2409,0.9258660372662371
initial,2410,1,0.7522999514503697,2410,0.7152171230789524
initial,2411,1,0.785389273356632,2411,0.7128406680716024
initial,2412,1,0.7074492180851361,2412,0.8551969226479216
initial,2413,1,0.9714901697178168,2413,0.9199545130484956
initial,2414,1,0.9165770583806985,2414,0.8960005848397274
initial,2415,1,0.9758578903533051,2415,0.9893274078784005
initial,2416,1,0.7965542438338484,2416,0.8949477156833393
initial,2417,1,0.853977433348393,2417,0.8954833044093377
initial,2418,1,0.6636287608084812,2418,0.8976302745074256
initial,2419,1,0.8574766398477441,2419,0.8560873098495339
initial,2420,1,0.8648725847022227,2420,0.9213995052293336
initial,2421,1,0.7226603054164703,2421,0.9685288825898329
initial,2422,1,0.8894063433412478,2422,0.8964671577759753
initial,2423,1,0.7349779040153883,2423,0.9583956472267092
initial,2424,1,0.8355659877089339,2424,0.8848898142333561
initial,2425,1,0.8512184425469538,2425,0.8666286658386733
initial,2426,1,0.8258338419871516,2426,0.9317690479227868
initial,2427,1,0.6331284309961901,2427,0.9478712480308127
initial,2428,1,0.9073709067095249,2428,0.9727075638284263
initial,2429,1,0.980509826203577,2429,0.9113307514719334
initial,2430,1,0.8541895572298779,2430,0.7920382607480432
initial,2431,1,0.8621356366379525,2431,0.8856811619099315
initial,2432,1,0.8848174044661274,2432,0.955175412723982
initial,2433,1,0.9506554947941003,2433,0.8452752654445996
initial,2434,1,0.9166960321956285,2434,0.9043321689840604
initial,2435,1,0.6949311745561197,2435,0.8876061719360193
initial,2436,1,0.952889394643061,2436,0.9144911865318455
initial,2437,1,0.7544139405584493,2437,0.8594066125872568
initial,2438,1,0.8481596519714578,2438,0.9532132424320938
initial,2439,1,0.8394187060691991,2439,0.9743419265398388
initial,2440,1,0.8888917164839547,2440,0.9779315984666712
initial,2441,1,0.9408777713687059,2441,0.9565872334984973
initial,2442,1,0.8356133408485393,2442,0.8398651547596756
initial,2443,1,0.6734356413074382,2443,0.9486033662984215
initial,2444,1,0.8692406889738321,2444,0.9121779415009855
initial,2445,1,0.8458079971946129,2445,0.9260263054623301
initial,2446,1,0.7254121118570154,2446,0.9306066679161877
initial,2447,1,0.8062097429090851,2447,0.8189309416830834
initial,2448,1,0.7543175879093682,2448,0.8767651358609436
initial,2449,1,0.8546892395964609,2449,0.8778182911671679
initial,2450,1,0.9301463660049025,2450,0.8145001694771457
initial,2451,1,0.7847089767491826,2451,0.8706456436344969
initial,2452,1,0.8481870064588102,2452,0.8529588089876428
initial,2453,1,0.6802937083815532,2453,0.8929589115753707
initial,2454,1,0.7750355091597385,2454,0.9404254527955622
initial,2455,1,0.8031986780911793,2455,0.9553857336718881
initial,2456,1,0.874050695850319,2456,0.910608092426498
initial,2457,1,0.8782628360022997,2457,0.9446106281763251
initial,2458,1,0.9856859175921651,2458,0.9634501958163895
initial,2459,1,0.8313165584501481,2459,0.9716491634922454
initial,2460,1,0.9330882820983208,2460,0.9315372997099556
initial,2461,1,0.9152884845726913,2461,0.9582660830015621
initial,2462,1,0.9490475341715805,2462,0.8712885181150536
initial,2463,1,0.8950982016352516,2463,0.885815116541571
initial,2464,1,0.8820408533385902,2464,0.934596908486165
initial,2465,1,0.9099073016606479,2465,0.9540366778180769
initial,2466,1,0.8146309798611807,2466,0.9602653329543378
initial,2467,1,0.899915175796797,2467,0.921820856041023
initial,2468,1,0.9498633786797108,2468,0.9332208336139187
initial,2469,1,0.9099198166633828,2469,0.8420599882127111
initial,2470,1,0.8091906584666391,2470,0.9391021489082794
initial,2471,1,0.9473290306921602,2471,0.9000531260993534
initial,2472,1,0.8208506382656906,2472,0.7940351753645091
initial,2473,1,0.7245144953376955,2473,0.9677407206885378
initial,2474,1,0.7571402402109684,2474,0.953381187463826
initial,2475,1,0.8469601868070018,2475,0.9227491268184382
initial,2476,1,0.8691886896281922,2476,0.9634378004827217
initial,2477,1,0.9212087352378064,2477,0.97543144050075
initial,2478,1,0.9066598609193866,2478,0.9065189641343915
initial,2479,1,0.9343204577358124,2479,0.7823524654110403
initial,2480,1,0.8479651688686716,2480,0.897172538270232
initial,2481,1,0.8305797526703703,2481,0.9070852029963135
initial,2482,1,0.9126790394510705,2482,0.89309004494142
initial,2483,1,0.9408384016626206,2483,0.9671014983141565
initial,2484,1,0.7590611322349182,2484,0.8800665272531448
initial,2485,1,0.9734301907079391,2485,0.8989677030123052
initial,2486,1,0.886965741683559,2486,0.9520116621483443
initial,2487,1,0.9291101135371429,2487,0.9260060644171347
initial,2488,1,0.7382127948156921,2488,0.8338885818958948
initial,2489,1,0.9245423624069651,2489,0.968012216260878
initial,2490,1,0.7096924037202478,2490,0.8492682871555932
initial,2491,1,0.8369577517343151,2491,0.9562365708934886
initial,2492,1,0.8870221544333763,2492,0.9193285931067751
initial,2493,1,0.7275175611801503,2493,0.7845873797254737
initial,2494,1,0.9151738455750528,2494,0.9178300819484642
initial,2495,1,0.8146081738338347,2495,0.7838137219989116
initial,2496,1,0.6683656236334676,2496,0.9425612410020485
initial,2497,1,0.7470489729473783,2497,0.8461790363688908
initial,2498,1,0.7483710188957473,2498,0.9488122058264796
initial,2499,1,0.9329831581366297,2499,0.9820518056935886
initial,2500,1,0.9236245323621373,2500,0.9074553790137754
initial,2501,1,0.9177127481618126,2501,0.9511434832897347
initial,2502,1,0.8532703676615587,2502,0.8790819741229274
initial,2503,1,0.8867568318666345,2503,0.843744898686531
initial,2504,1,0.7819724284472664,2504,0.9637466856896586
initial,2505,1,0.8599452055699273,2505,0.845947712269455
initial,2506,1,0.9333213035300891,2506,0.9250112401410432
initial,2507,1,0.9167872161827162,2507,0.920713524443503
initial,2508,1,0.949893463191214,2508,0.8540877023977604
initial,2509,1,0.7653708669827786,2509,0.9491184180847763
initial,2510,1,0.8166686049252152,2510,0.9113055455190437
initial,2511,1,0.6307964306147452,2511,0.9362283017766205
initial,2512,1,0.8443952543402298,2512,0.8446078621271657
initial,2513,1,0.9332692481513852,2513,0.925480209065352
initial,2514,1,0.9786490282437765,2514,0.9072476913274394
initial,2515,1,0.8688566455631186,2515,0.9177008724821112
initial,2516,1,0.8215275219608017,2516,0.8444786914770652
initial,2517,1,0.9627504261590187,2517,0.9588529765445128
initial,2518,1,0.7701610769796893,2518,0.9010390959461843
initial,2519,1,0.9194212290957153,2519,0.8177980419834623
initial,2520,1,0.9197971554418896,2520,0.8895184066072923
initial,2521,1,0.929454246792474,2521,0.9249115528721914
initial,2522,1,0.6583632667194969,2522,0.9145256850848722
initial,2523,1,0.844394253672925,2523,0.9154586394604272
initial,2524,1,0.9714682163538675,2524,0.9461595459141707
initial,2525,1,0.7429294341526164,2525,0.7962072473159991
initial,2526,1,0.9428157452207169,2526,0.9034262864915295
initial,2527,1,0.8141231903586713,2527,0.9613383447142692
initial,2528,1,0.7403116057207615,2528,0.8406816702275195
initial,2529,1,0.9493872705554316,2529,0.935626889686412
initial,2530,1,0.8173914555222679,2530,0.9214233203291504
initial,2531,1,0.9432439939620647,2531,0.8679409188347813
initial,2532,1,0.7976380232418023,2532,0.9037376763293188
initial,2533,1,0.8310496331327422,2533,0.9277000924180937
initial,2534,1,0.9182488115996427,2534,0.959938156386777
initial,2535,1,0.853683583841772,2535,0.9689816730751252
initial,2536,1,0.9363990671361546,2536,0.8887548094153181
initial,2537,1,0.8497552619763028,2537,0.8984327559306943
initial,2538,1,0.6436439938822027,2538,0.85473484368687
initial,2539,1,0.7792718390686411,2539,0.9174732337112905
initial,2540,1,0.907709698965937,2540,0.8626728146108448
initial,2541,1,0.797314366736731,2541,0.8611989623568729
initial,2542,1,0.8431321748610915,2542,0.8939020691797981
initial,2543,1,0.7399739602916255,2543,0.8581851580842637
initial,2544,1,0.7574399211675311,2544,0.918369108153871
initial,2545,1,0.7641717074333815,2545,0.8488757743629494
initial,2546,1,0.8975283737245519,2546,0.9767262964765433
initial,2547,1,0.8665461466607824,2547,0.9670783445623875
initial,2548,1,0.9166985090761063,2548,0.9504772887084386
initial,2549,1,0.9264391724294238,2549,0.826523838564047
initial,2550,1,0.8417452028541256,2550,0.9421689742642299
initial,2551,1,0.9653232731549648,2551,0.835603740658857
initial,2552,1,0.9197645458772642,2552,0.9138320658058389
initial,2553,1,0.769558747937111,2553,0.9725967510847882
initial,2554,1,0.9714773696643699,2554,0.8812315471405602
initial,2555,1,0.7543869526446944,2555,0.8806468840700654
initial,2556,1,0.9777521243400717,2556,0.9181082924569312
initial,2557,1,0.89851615676363,2557,0.8447592696043995
initial,2558,1,0.9214713340581717,2558,0.8988343150762368
initial,2559,1,0.9193945132346872,2559,0.8581573521951689
initial,2560,1,0.962350559511286,2560,0.9078586959919082
initial,2561,1,0.9317948284551082,2561,0.9542691598263826
initial,2562,1,0.7139522848011359,2562,0.80339196108054
initial,2563,1,0.9454493787983853,2563,0.9422421405381833
initial,2564,1,0.9427188166032295,2564,0.8693936481144182
initial,2565,1,0.9500631905018211,2565,0.876988705933623
initial,2566,1,0.8768900053441563,2566,0.91828487424813
initial,2567,1,0.9261976529618827,2567,0.8592519900127025
initial,2568,1,0.7706723688293537,2568,0.9234794895181488
initial,2569,1,0.9212271209381901,2569,0.9226994316072978
initial,2570,1,0.7923228668474946,2570,0.8358566624763722
initial,2571,1,0.8063068293536755,2571,0.9182947517398881
initial,2572,1,0.9105331902791807,2572,0.8965773443199188
initial,2573,1,0.8432585986215569,2573,0.9006535551099778
initial,2574,1,0.7423902176862696,2574,0.8845817954722799
initial,2575,1,0.8592443841024161,2575,0.9264995087284067
initial,2576,1,0.7867946891686046,2576,0.9039687675664689
initial,2577,1,0.6486382017081164,2577,0.924146211734123
initial,2578,1,0.817205169079512,2578,0.8523796580714142
initial,2579,1,0.6860107816038717,2579,0.9564124984424573
initial,2580,1,0.9290961460730665,2580,0.820097908127988
initial,2581,1,0.7423679985517645,2581,0.9138660948209325
initial,2582,1,0.9201020936778848,2582,0.8821977794734812
initial,2583,1,0.8111985246388644,2583,0.9298475212946627
initial,2584,1,0.822568904781823,2584,0.863167165986715
initial,2585,1,0.8457562336099274,2585,0.9202417378803274
initial,2586,1,0.8465030902844307,2586,0.8518383941486363
initial,2587,1,0.697182494258858,2587,0.857770711324933
initial,2588,1,0.9829540711957543,2588,0.9722130455835807
initial,2589,1,0.8540819764043017,2589,0.9109370199970321
initial,2590,1,0.8990327806770451,2590,0.960445271971595
initial,2591,1,0.8850803896403121,2591,0.9594705735481579
initial,2592,1,0.952488759416191,2592,0.8825854358169295
initial,2593,1,0.9630628147403216,2593,0.8800588813691571
initial,2594,1,0.8055069645861326,2594,0.9410859373416119
initial,2595,1,0.9492518726200103,2595,0.9325229716259449
initial,2596,1,0.7167748200230077,2596,0.9236727110566256
initial,2597,1,0.9444520202810005,2597,0.8367899376961454
initial,2598,1,0.9437327277368486,2598,0.9427808465964123
initial,2599,1,0.946715173136661,2599,0.9813820115970324
initial,2600,1,0.9231551891033836,2600,0.8920225448237897
initial,2601,1,0.8979307603083027,2601,0.9619745528736967
initial,2602,1,0.9714803857657359,2602,0.960904168879424
initial,2603,1,0.9349463359107524,2603,0.9178512994318945
initial,2604,1,0.8761675902823844,2604,0.9204123478790389
initial,2605,1,0.7731619304618038,2605,0.9279610284401735
initial,2606,1,0.9617355802399961,2606,0.8306418038150227
initial,2607,1,0.9556709810513369,2607,0.8996978143391934
initial,2608,1,0.8243009038652187,2608,0.8693117609673895
initial,2609,1,0.934244494243538,2609,0.9059235574272693
initial,2610,1,0.9370943745749754,2610,0.8413084779992405
initial,2611,1,0.8077623793050055,2611,0.9672239111834889
initial,2612,1,0.8510732342975896,2612,0.9603955627342311
initial,2613,1,0.8075962732952366,2613,0.9354799553949453
initial,2614,1,0.8752186821900098,2614,0.9440321677907759
initial,2615,1,0.9224791048662137,2615,0.9230461056075034
initial,2616,1,0.9281777408037539,2616,0.9739633952501425
initial,2617,1,0.7816563577573901,2617,0.9746941257267393
initial,2618,1,0.9362559363812029,2618,0.8342240255232769
initial,2619,1,0.910798954877164,2619,0.9051481167694921
initial,2620,1,0.6211515128670482,2620,0.9309112996875899
initial,2621,1,0.9178176669893374,2621,0.9719736142514557
initial,2622,1,0.8788431885793465,2622,0.9077896682982005
initial,2623,1,0.7545101444897763,2623,0.9185449084116444
initial,2624,1,0.8939963167576322,2624,0.9658216736315612
initial,2625,1,0.7620565081804225,2625,0.8931655519544357
initial,2626,1,0.8961323558427803,2626,0.9570051255724787
initial,2627,1,0.8754216961520646,2627,0.8614572895406485
initial,2628,1,0.8225501387245944,2628,0.8565014749367558
initial,2629,1,0.9554454714871803,2629,0.7821327474025268
initial,2630,1,0.7848759740443385,2630,0.8482615598602334
initial,2631,1,0.8828439869636777,2631,0.8268715583132843
initial,2632,1,0.8191874003815276,2632,0.9249525802179406
initial,2633,1,0.658816152652268,2633,0.941956761188734
initial,2634,1,0.9240069399100825,2634,0.9096131659046869
initial,2635,1,0.9594138220440871,2635,0.8910849991009266
initial,2636,1,0.9440439420424118,2636,0.9586356840841028
initial,2637,1,0.9597824240107036,2637,0.9361551173387314
initial,2638,1,0.9449195671859103,2638,0.926022705672469
initial,2639,1,0.7240375418867132,2639,0.9291196743345014
initial,2640,1,0.8397410608039568,2640,0.9094946871731633
initial,2641,1,0.8960965885740049,2641,0.9410288709468452
initial,2642,1,0.8670684307264362,2642,0.9622691438717368
initial,2643,1,0.816233843669397,2643,0.8803521317980985
initial,2644,1,0.8876181979941753,2644,0.9382489379482988
initial,2645,1,0.9693233162399981,2645,0.8301262329323897
initial,2646,1,0.9118289543306655,2646,0.8365991917394314
initial,2647,1,0.8680086505095955,2647,0.9369268367056554
initial,2648,1,0.843945007537058,2648,0.9343256121610061
initial,2649,1,0.9453391544148944,2649,0.9774907527464922
initial,2650,1,0.7198310218136209,2650,0.8637943032286184
initial,2651,1,0.8974306671920305,2651,0.9040284492883337
initial,2652,1,0.7365473631664838,2652,0.9415279052713115
initial,2653,1,0.9513898907899225,2653,0.8536152841083153
initial,2654,1,0.9383347374256399,2654,0.8272680474719801
initial,2655,1,0.8551130378269833,2655,0.7926628986958512
initial,2656,1,0.888336194600742,2656,0.9702670560485216
initial,2657,1,0.9848166451168066,2657,0.960454753095159
initial,2658,1,0.8978468863836429,2658,0.9793108374088557
initial,2659,1,0.8229954392808899,2659,0.9513233299664725
initial,2660,1,0.9578658837849614,2660,0.9316278703792544
initial,2661,1,0.9511103325658576,2661,0.9632784252486569
initial,2662,1,0.8884611282207391,2662,0.9677958190125651
initial,2663,1,0.6762280705783453,2663,0.9136536073530205
initial,2664,1,0.8759490694818355,2664,0.9024548435683611
initial,2665,1,0.6479722986911238,2665,0.9314424288113414
initial,2666,1,0.7391847981570142,2666,0.9059746113961076
initial,2667,1,0.9847764654566917,2667,0.9343827127143163
initial,2668,1,0.8548064327292793,2668,0.8372275611293881
initial,2669,1,0.8682690233351553,2669,0.8772637064606629
initial,2670,1,0.9549632930109124,2670,0.8473955145113024
initial,2671,1,0.8860303924183219,2671,0.8947020028003805
initial,2672,1,0.8452959830432807,2672,0.9649941806742932
initial,2673,1,0.9349891020830364,2673,0.9234019132115268
initial,2674,1,0.9317527633335285,2674,0.9547417802779068
initial,2675,1,0.7747333758428416,2675,0.9671219284766928
initial,2676,1,0.8977779610371035,2676,0.8921801103839369
initial,2677,1,0.8813216544134888,2677,0.9378058103611876
initial,2678,1,0.7672076002628387,2678,0.9571393167072659
initial,2679,1,0.9211445535309324,2679,0.9197675017493674
initial,2680,1,0.9524461119895062,2680,0.9315063178145345
initial,2681,1,0.7117478724490273,2681,0.9109479396618234
initial,2682,1,0.9281071489206986,2682,0.9413883517369215
initial,2683,1,0.8674992201761693,2683,0.9069383329620695
initial,2684,1,0.8170561363293176,2684,0.8598627187964725
initial,2685,1,0.923929548763588,2685,0.9096681438359835
initial,2686,1,0.7766188120666563,2686,0.9647271738065586
initial,2687,1,0.8086328350619294,2687,0.858798543736747
initial,2688,1,0.9092353264686861,2688,0.9629861425745352
initial,2689,1,0.7660449600994372,2689,0.9312106543491521
initial,2690,1,0.7580554388944186,2690,0.9458760078640933
initial,2691,1,0.7618132505357733,2691,0.8888269963559379
initial,2692,1,0.9427999552273344,2692,0.9163296995695105
initial,2693,1,0.8896443308905174,2693,0.9008345781845073
initial,2694,1,0.8944920237550713,2694,0.9616988821316467
initial,2695,1,0.8529736879385953,2695,0.9063587577859362
initial,2696,1,0.8514312100439466,2696,0.8402741513121597
initial,2697,1,0.9313441490788099,2697,0.8166608900756993
initial,2698,1,0.6685102939356073,2698,0.807902462263778
initial,2699,1,0.9064157471755345,2699,0.7599310887850561
initial,2700,1,0.6767897932491342,2700,0.971202441916847
initial,2701,1,0.8834678763322721,2701,0.9066142512443104
initial,2702,1,0.8373824912735286,2702,0.8812801332950705
initial,2703,1,0.9407565469057935,2703,0.9432343118489235
initial,2704,1,0.9026522351829667,2704,0.9222609116849116
initial,2705,1,0.772186662134829,2705,0.9404940636341752
initial,2706,1,0.9078067979329449,2706,0.9127157074504055
initial,2707,1,0.6025612642461835,2707,0.9141734357277236
initial,2708,1,0.8032742778905171,2708,0.9158064413978174
initial,2709,1,0.9191630605359269,2709,0.8473875131571571
initial,2710,1,0.6964254161026179,2710,0.882031082480067
initial,2711,1,0.8414749280524124,2711,0.8557248214242416
initial,2712,1,0.9181862515870085,2712,0.9525353454408517
initial,2713,1,0.9251029949972032,2713,0.7880842957745138
initial,2714,1,0.6778093180330377,2714,0.967659734932557
initial,2715,1,0.8621060660879611,2715,0.9153929183301068
initial,2716,1,0.8911263893789692,2716,0.9413048246205226
initial,2717,1,0.8209851062543316,2717,0.9153080657309569
initial,2718,1,0.8558699810775302,2718,0.9574628241958014
initial,2719,1,0.8623979943135268,2719,0.9440422242098448
initial,2720,1,0.9270961571245023,2720,0.855437783396954
initial,2721,1,0.8844148617901015,2721,0.8620044489881769
initial,2722,1,0.8287926180422261,2722,0.9536258716042261
initial,2723,1,0.769650185124857,2723,0.927684416594051
initial,2724,1,0.8983974173070435,2724,0.9260624348122353
initial,2725,1,0.735069795828966,2725,0.8779236233489154
initial,2726,1,0.9583733942409924,2726,0.8790443483589578
initial,2727,1,0.927395963731493,2727,0.9255776548105914
initial,2728,1,0.9309075354025249,2728,0.8950371029438446
initial,2729,1,0.9433552189756937,2729,0.8847185441403761
initial,2730,1,0.9767330724035557,2730,0.9308855564208602
initial,2731,1,0.8731659434292438,2731,0.8686578465788901
initial,2732,1,0.7875792076551638,2732,0.8284724703542049
initial,2733,1,0.9697902322648695,2733,0.854226856848836
initial,2734,1,0.9864158294744976,2734,0.9426313228494473
initial,2735,1,0.9345585011446875,2735,0.9096289159493532
initial,2736,1,0.8548930740181434,2736,0.8814896915108434
initial,2737,1,0.8161857161148331,2737,0.9125254613838086
initial,2738,1,0.8627412566291919,2738,0.9238443753991591
initial,2739,1,0.9866967439204306,2739,0.8616457931290544
initial,2740,1,0.8887911352682415,2740,0.9559819814753516
initial,2741,1,0.9307227327037089,2741,0.9715923502380817
initial,2742,1,0.9521912821978094,2742,0.822324446272568
initial,2743,1,0.9517198046331317,2743,0.8227586409750604
initial,2744,1,0.9527541547083074,2744,0.8938612029881396
initial,2745,1,0.894030050326267,2745,0.8864744159290945
initial,2746,1,0.9470384550226301,2746,0.9209578155163762
initial,2747,1,0.9621975387399841,2747,0.8984347473328007
initial,2748,1,0.8986141666216826,2748,0.9441378467192822
initial,2749,1,0.9271253857634585,2749,0.9597142189705536
initial,2750,1,0.9314697016369642,2750,0.8951252568671337
initial,2751,1,0.797855542437649,2751,0.9218933060127925
initial,2752,1,0.9197476826375166,2752,0.9610682860600925
initial,2753,1,0.83282079575256,2753,0.9569274184515668
initial,2754,1,0.8269140395543433,2754,0.9281894852022365
initial,2755,1,0.7126982847484062,2755,0.9418207466646212
initial,2756,1,0.9629709824386046,2756,0.9586698441452749
initial,2757,1,0.7793382867252916,2757,0.8231904643768351
initial,2758,1,0.9013177912366929,2758,0.9233447949846221
initial,2759,1,0.9202198474197838,2759,0.8824826538183898
initial,2760,1,0.7721582783530024,2760,0.8803542531850597
initial,2761,1,0.9811582677130108,2761,0.9769117257607067
initial,2762,1,0.834187233362448,2762,0.8630098048424132
initial,2763,1,0.7393131213756027,2763,0.972457236940866
initial,2764,1,0.9656366781646073,2764,0.8155688876057658
initial,2765,1,0.9882728926640495,2765,0.9174406644238802
initial,2766,1,0.9611440777126266,2766,0.8510255216444054
initial,2767,1,0.9153021731355948,2767,0.892152352842082
initial,2768,1,0.8547560068809767,2768,0.924430864196756
initial,2769,1,0.7004051448692927,2769,0.9375245971181099
initial,2770,1,0.9175326987214639,2770,0.952310388646693
initial,2771,1,0.9353612160936111,2771,0.9507082383761309
initial,2772,1,0.7271172178832461,2772,0.9129725475557551
initial,2773,1,0.8752644240544638,2773,0.9572553617695563
initial,2774,1,0.9438042258694255,2774,0.9483844674316818
initial,2775,1,0.8210930432173047,2775,0.961915444553618
initial,2776,1,0.8585679161976744,2776,0.9640627571849303
initial,2777,1,0.8637277767289419,2777,0.927742569463408
initial,2778,1,0.7556883394635263,2778,0.9175699303360374
initial,2779,1,0.9645876743001829,2779,0.8992791078414655
initial,2780,1,0.8854233426636028,2780,0.9297309889064
initial,2781,1,0.964491494900915,2781,0.9130659321321699
initial,2782,1,0.8548236203484874,2782,0.92782716372418
initial,2783,1,0.8809539003436893,2783,0.7900981547846233
initial,2784,1,0.6936477986121824,2784,0.9503726322475814
initial,2785,1,0.7188953691022103,2785,0.9098656516671757
initial,2786,1,0.7317670273716647,2786,0.9450007870608641
initial,2787,1,0.8143184605346323,2787,0.9852390511957207
initial,2788,1,0.940889043642098,2788,0.9630027169441859
initial,2789,1,0.7633724374478149,2789,0.9332636505055223
initial,2790,1,0.9698082217649422,2790,0.8402590476452723
initial,2791,1,0.7250567591196515,2791,0.9403742153315787
initial,2792,1,0.7705771609861956,2792,0.873639682154248
initial,2793,1,0.8509857325953628,2793,0.9629118525517468
initial,2794,1,0.841211793492266,2794,0.9516476629657982
initial,2795,1,0.9711585810299094,2795,0.9297364887163859
initial,2796,1,0.9720509669073711,2796,0.9754796281941562
initial,2797,1,0.8881672996952691,2797,0.868897761600621
initial,2798,1,0.9524872348318576,2798,0.9334573820323486
initial,2799,1,0.7149950996376647,2799,0.8268999653351307
initial,2800,1,0.9089570892542165,2800,0.8195200731422674
initial,2801,1,0.7855099875427707,2801,0.9291791986810316
initial,2802,1,0.9345103081182153,2802,0.9859786052720743
initial,2803,1,0.7367613301962881,2803,0.9558110554517637
initial,2804,1,0.8991885103662811,2804,0.9525104854107888
initial,2805,1,0.9525880096585602,2805,0.9241733816479345
initial,2806,1,0.9658626317246392,2806,0.875420200078703
initial,2807,1,0.9376410504011499,2807,0.9167352222939189
initial,2808,1,0.9249244702241288,2808,0.8845260420446945
initial,2809,1,0.8890493682389407,2809,0.8481928862187986
initial,2810,1,0.7064419672982818,2810,0.9089081231325513
initial,2811,1,0.9322659894897687,2811,0.8112827647336502
initial,2812,1,0.885564382461437,2812,0.9358013606918933
initial,2813,1,0.8958066929197308,2813,0.9506704533910365
initial,2814,1,0.8255908318022926,2814,0.8517309472105297
initial,2815,1,0.7601309703467938,2815,0.8337137950807444
initial,2816,1,0.8175143958541571,2816,0.9239976986714382
initial,2817,1,0.6973237725796775,2817,0.8555425264533036
initial,2818,1,0.6708072014166223,2818,0.9507365329834607
initial,2819,1,0.9794287242786457,2819,0.9340904115370905
initial,2820,1,0.8853937228487962,2820,0.9434790791898953
initial,2821,1,0.7612231570244423,2821,0.9284565678254888
initial,2822,1,0.8510709187345896,2822,0.9273686745952839
initial,2823,1,0.909713880035379,2823,0.9510929077138476
initial,2824,1,0.9185247166377972,2824,0.9233096933851532
initial,2825,1,0.8934658171259506,2825,0.9585784647950452
initial,2826,1,0.7106717651056741,2826,0.957974374958817
initial,2827,1,0.8523294702052151,2827,0.8698974776801974
initial,2828,1,0.9019504302844944,2828,0.9395638875011127
initial,2829,1,0.8402603525441852,2829,0.9268207987959646
initial,2830,1,0.9355534405266376,2830,0.8820422393853811
initial,2831,1,0.9426122295564137,2831,0.8911954781046032
initial,2832,1,0.9216089309438975,2832,0.921762040342186
initial,2833,1,0.974121324746666,2833,0.8905149693366907
initial,2834,1,0.8559968306818515,2834,0.9122891783413958
initial,2835,1,0.912434815215776,2835,0.8055827040820802
initial,2836,1,0.6712054214374679,2836,0.8923880296436493
initial,2837,1,0.8771512634929419,2837,0.9256826429365875
initial,2838,1,0.609145785521886,2838,0.9753535332459647
initial,2839,1,0.9022235355256977,2839,0.9496360379234418
initial,2840,1,0.7820049898824346,2840,0.9278419760883048
initial,2841,1,0.8353354088057816,2841,0.9550540754335028
initial,2842,1,0.9267460287181915,2842,0.9363418912708181
initial,2843,1,0.9370818307097064,2843,0.7527747106838198
initial,2844,1,0.7393516881596323,2844,0.8932918884105756
initial,2845,1,0.876843511065174,2845,0.9334671224961502
initial,2846,1,0.8265112957769521,2846,0.9623292289844284
initial,2847,1,0.9645164324814373,2847,0.960314183108281
initial,2848,1,0.820243562649009,2848,0.943941137358925
initial,2849,1,0.7412801299892229,2849,0.961976414038837
initial,2850,1,0.8355876910691441,2850,0.9160273929920097
initial,2851,1,0.829378484788111,2851,0.9713296414723922
initial,2852,1,0.9443364019883556,2852,0.838604635110241
initial,2853,1,0.980753955337176,2853,0.8581561031031453
initial,2854,1,0.8047525468974146,2854,0.9355251777954792
initial,2855,1,0.723345086413406,2855,0.8539111167359998
initial,2856,1,0.8230175308928305,2856,0.8938144427680126
initial,2857,1,0.8608249330365473,2857,0.8644313785177273
initial,2858,1,0.91633184376816,2858,0.8703081713479006
initial,2859,1,0.8661823069082952,2859,0.8998688102266229
initial,2860,1,0.6577509357480662,2860,0.8966066333839184
initial,2861,1,0.8586095295735927,2861,0.8511158112990986
initial,2862,1,0.8563039928374716,2862,0.8488564365333012
initial,2863,1,0.7758949659576342,2863,0.82553642366947
initial,2864,1,0.9228074026461455,2864,0.9292658068992509
initial,2865,1,0.8649243014514504,2865,0.8532777323344404
initial,2866,1,0.895329513672515,2866,0.9329775149901124
initial,2867,1,0.7740422597161222,2867,0.9210273425803086
initial,2868,1,0.887913705907601,2868,0.910963330802365
initial,2869,1,0.7955772731468975,2869,0.9291026178884461
initial,2870,1,0.9161680400394883,2870,0.7891024028861855
initial,2871,1,0.9608144147073672,2871,0.7935514795497598
initial,2872,1,0.7915244391932859,2872,0.927191298934105
initial,2873,1,0.9119801119079001,2873,0.9115151511647057
initial,2874,1,0.9050759277548015,2874,0.829954030405528
initial,2875,1,0.7680072835735079,2875,0.8994834871843918
initial,2876,1,0.9454447898421998,2876,0.8706185468275938
initial,2877,1,0.8326036662360623,2877,0.9653594073614363
initial,2878,1,0.8314435869311794,2878,0.958328198113426
initial,2879,1,0.7877295771738082,2879,0.942945483744884
initial,2880,1,0.7953143597754094,2880,0.9637901447557671
initial,2881,1,0.965703513274524,2881,0.9026571466800573
initial,2882,1,0.979634911176086,2882,0.9311010118169674
initial,2883,1,0.8474575319622921,2883,0.9586750172762378
initial,2884,1,0.8604425987109093,2884,0.9247200815864733
initial,2885,1,0.8680149034914328,2885,0.9547683816893757
initial,2886,1,0.9577073166794796,2886,0.8783216769034603
initial,2887,1,0.9125584732677678,2887,0.7873994127479707
initial,2888,1,0.7949373649228499,2888,0.964675194737839
initial,2889,1,0.9168328335433615,2889,0.9202683473360291
initial,2890,1,0.912196922120446,2890,0.8828457435947579
initial,2891,1,0.9319700094192589,2891,0.8051472000532517
initial,2892,1,0.8676117464748254,2892,0.8922397471893162
initial,2893,1,0.9159388755089242,2893,0.8883083619100336
initial,2894,1,0.8852842178125708,2894,0.9369524284176818
initial,2895,1,0.9417102572384134,2895,0.9450970351966346
initial,2896,1,0.910718197734175,2896,0.932418371789036
initial,2897,1,0.778432476634678,2897,0.971724671463672
initial,2898,1,0.9038521341404108,2898,0.9117085309630647
initial,2899,1,0.9373654718065729,2899,0.8932638866011637
initial,2900,1,0.9570340119522731,2900,0.8778546621005601
initial,2901,1,0.8765903042842795,2901,0.942907218583253
initial,2902,1,0.9131421744635637,2902,0.9315566780143723
initial,2903,1,0.9090670778431458,2903,0.9603888381359735
initial,2904,1,0.8558208114976493,2904,0.9359074012703454
initial,2905,1,0.8400542239679678,2905,0.9234752525712361
initial,2906,1,0.8340467485253886,2906,0.9878115434394883
initial,2907,1,0.8296086468447863,2907,0.825027607077453
initial,2908,1,0.9863451159131822,2908,0.9219644354332748
initial,2909,1,0.7884098176071003,2909,0.9878738981448116
initial,2910,1,0.7851747729523821,2910,0.906116716585182
initial,2911,1,0.9710321112054797,2911,0.8239673277650028
initial,2912,1,0.8220182502943957,2912,0.9072854860912029
initial,2913,1,0.7435967980687695,2913,0.9221850199158776
initial,2914,1,0.9064959866240281,2914,0.9212022497548993
initial,2915,1,0.9797234241093162,2915,0.9013532830281885
initial,2916,1,0.9042637373524569,2916,0.9295193731071625
initial,2917,1,0.9427449015348781,2917,0.9682175538151658
initial,2918,1,0.9765486295948003,2918,0.9049501418384964
initial,2919,1,0.8764346841436061,2919,0.9136118003787113
initial,2920,1,0.9420748084877906,2920,0.9287922573316268
initial,2921,1,0.9577647473908241,2921,0.8972996733157192
initial,2922,1,0.9373289577923942,2922,0.92367898619353
initial,2923,1,0.8275271244442175,2923,0.9708289357792453
initial,2924,1,0.7853645112679428,2924,0.9050035319705794
initial,2925,1,0.8847375528321199,2925,0.9473462875950844
initial,2926,1,0.8910368693707793,2926,0.9069191395994407
initial,2927,1,0.8510914149333092,2927,0.9492419966753333
initial,2928,1,0.8574424814493431,2928,0.9521029293738278
initial,2929,1,0.9702396446053311,2929,0.9166875719277547
initial,2930,1,0.9349604004576374,2930,0.9357700014753567
initial,2931,1,0.7912028677181128,2931,0.9495018397078587
initial,2932,1,0.9035826625091063,2932,0.9651165123920464
initial,2933,1,0.940784375452681,2933,0.835899536405142
initial,2934,1,0.9488594304680693,2934,0.8159396989499483
initial,2935,1,0.7042727087538745,2935,0.7522456196103013
initial,2936,1,0.8084615085873335,2936,0.9314581670194086
initial,2937,1,0.8034610867919905,2937,0.8929099312887767
initial,2938,1,0.7304773627890015,2938,0.8762617704527838
initial,2939,1,0.9527005634961021,2939,0.9515068506622439
initial,2940,1,0.8646258042697228,2940,0.9768901102322982
initial,2941,1,0.9131031556420326,2941,0.8809412615272052
initial,2942,1,0.8647051423019791,2942,0.9579226321450731
initial,2943,1,0.7481099581773528,2943,0.9596601651842842
initial,2944,1,0.8446976038377435,2944,0.9511830020580054
initial,2945,1,0.9166739819209899,2945,0.9356806681814314
initial,2946,1,0.8969614461129254,2946,0.8820841526254142
initial,2947,1,0.853006890939682,2947,0.9461902113312051
initial,2948,1,0.9008890107589431,2948,0.9711164916658364
initial,2949,1,0.9010155034219274,2949,0.8450044181741825
initial,2950,1,0.9217510761269918,2950,0.9136307671881185
initial,2951,1,0.8541671057965249,2951,0.8611036707599917
initial,2952,1,0.821992702218562,2952,0.9685566186401393
initial,2953,1,0.9212566935405703,2953,0.9196050852521189
initial,2954,1,0.7939028185328576,2954,0.9050392452197946
initial,2955,1,0.8818536112176016,2955,0.874391697131587
initial,2956,1,0.9042187883233519,2956,0.8014801643847889
initial,2957,1,0.7581866057349639,2957,0.9369150282961458
initial,2958,1,0.7548522727526584,2958,0.7756882433258432
initial,2959,1,0.8007991493786725,2959,0.8633849263364558
initial,2960,1,0.7924889520712404,2960,0.9345642477732146
initial,2961,1,0.9556247477315978,2961,0.9398378758348755
initial,2962,1,0.7452853857978824,2962,0.8543295497207388
initial,2963,1,0.9186775613155251,2963,0.8384857095362283
initial,2964,1,0.9508693564672659,2964,0.9598800420155142
initial,2965,1,0.9460559539947871,2965,0.9034365418736297
initial,2966,1,0.950580836475629,2966,0.7802752692525436
initial,2967,1,0.8390729873112309,2967,0.8776886254458465
initial,2968,1,0.7044690103946816,2968,0.8329624989191362
initial,2969,1,0.9345956918211257,2969,0.8719100378561999
initial,2970,1,0.9109177496381651,2970,0.8997723975019556
initial,2971,1,0.8691102193321224,2971,0.871775637480108
initial,2972,1,0.9526795394344276,2972,0.9361760192537906
initial,2973,1,0.8246755739073337,2973,0.8708307829926094
initial,2974,1,0.7083936251901678,2974,0.8958487703566569
initial,2975,1,0.8851537748618502,2975,0.8789538120379404
initial,2976,1,0.8539945038899246,2976,0.861709758767507
initial,2977,1,0.9524972057259011,2977,0.9052669510595873
initial,2978,1,0.8909549205867866,2978,0.9693254804046638
initial,2979,1,0.9154417395088948,2979,0.8426573298977316
initial,2980,1,0.8757911247828372,2980,0.914798751289011
initial,2981,1,0.9669362669033077,2981,0.9333000781478258
initial,2982,1,0.6603910489269819,2982,0.9367138113142008
initial,2983,1,0.8414146327492534,2983,0.9257689239927906
initial,2984,1,0.760590607844627,2984,0.7776420782308238
initial,2985,1,0.8543826305897575,2985,0.9559356133651773
initial,2986,1,0.8836853094102397,2986,0.9275274314086817
initial,2987,1,0.8230729145577937,2987,0.8835929472993986
initial,2988,1,0.8328499217340808,2988,0.9072767029315694
initial,2989,1,0.7847178889453028,2989,0.90074364755258
initial,2990,1,0.9483666025672681,2990,0.905853640639128
initial,2991,1,0.854937720857726,2991,0.8618306920118877
initial,2992,1,0.8366637037196427,2992,0.9281302144224497
initial,2993,1,0.6987490496622396,2993,0.9334068969214037
initial,2994,1,0.7453980941468048,2994,0.881625275250328
initial,2995,1,0.7718378351332185,2995,0.9628663536504873
initial,2996,1,0.8605382190036488,2996,0.9120748143070143
initial,2997,1,0.8808861194143922,2997,0.9222258097661139
initial,2998,1,0.789284682205331,2998,0.8718000961981307
initial,2999,1,0.7667500889681077,2999,0.9195329407085254
initial,3000,1,0.9580166603773994,3000,0.8750437289512203
initial,3001,1,0.8241333186386344,3001,0.8567919792569502
initial,3002,1,0.7944098184065573,3002,0.8567697162860011
initial,3003,1,0.8352250314080641,3003,0.8804382375567441
initial,3004,1,0.9556686940535745,3004,0.9087302618666027
initial,3005,1,0.9203096440397869,3005,0.9516960416355114
initial,3006,1,0.7532902452796706,3006,0.853692078908743
initial,3007,1,0.8283156180345073,3007,0.879259864867574
initial,3008,1,0.7535785703504627,3008,0.9558467043669567
initial,3009,1,0.7135419488300366,3009,0.8411060528668002
initial,3010,1,0.7044915205068485,3010,0.9026052108444876
initial,3011,1,0.8949035296790275,3011,0.9354994128556763
initial,3012,1,0.8916951213424351,3012,0.882358567545165
initial,3013,1,0.9646557955171327,3013,0.9368299725571227
initial,3014,1,0.9628102461851639,3014,0.9722134880795451
initial,3015,1,0.9028378352855231,3015,0.9195946601053958
initial,3016,1,0.8881685452536824,3016,0.9585102547282369
initial,3017,1,0.8314689544573378,3017,0.8317054756757931
initial,3018,1,0.9261831143510993,3018,0.8414492205355733
initial,3019,1,0.9192012197612807,3019,0.8993632055022638
initial,3020,1,0.7829138845373567,3020,0.787413480412049
initial,3021,1,0.9032035458288106,3021,0.8921992277766948
initial,3022,1,0.9566777086924693,3022,0.9412372440326887
initial,3023,1,0.9742315955758472,3023,0.9236604215262398
initial,3024,1,0.9691874191459153,3024,0.8395933270600949
initial,3025,1,0.7358704528260043,3025,0.9468144785913046
initial,3026,1,0.7003241652101213,3026,0.9506153924188698
initial,3027,1,0.7226479087735759,3027,0.8398538963319335
initial,3028,1,0.9143090163679946,3028,0.9422285083680946
initial,3029,1,0.8506979752872392,3029,0.8735029508958316
initial,3030,1,0.7746155943654971,3030,0.8377060394457041
initial,3031,1,0.9760845941153125,3031,0.9665665108626408
initial,3032,1,0.9543863930528278,3032,0.9049915206596701
initial,3033,1,0.8217241655186707,3033,0.9662413798116963
initial,3034,1,0.8944711252481791,3034,0.9144915622460192
initial,3035,1,0.9549518023293067,3035,0.9366829573845971
initial,3036,1,0.9034406760753149,3036,0.8664661923791128
initial,3037,1,0.7605810332826518,3037,0.9480879144954022
initial,3038,1,0.9608214475677597,3038,0.8644884440742637
initial,3039,1,0.8915287259174598,3039,0.9803468267363724
initial,3040,1,0.719451711889322,3040,0.8949766353440503
initial,3041,1,0.9463301396767743,3041,0.9678599199825355
initial,3042,1,0.9068037096696717,3042,0.8998352214364054
initial,3043,1,0.7645075069818383,3043,0.9490508624070644
initial,3044,1,0.9103169515553121,3044,0.9505138984313707
initial,3045,1,0.8165586140711636,3045,0.927009356174533
initial,3046,1,0.8452890223234343,3046,0.9563422929537506
initial,3047,1,0.8756548283758185,3047,0.9217171422637176
initial,3048,1,0.8934901141199492,3048,0.8655217263761483
initial,3049,1,0.9404061857620223,3049,0.956234675268341
initial,3050,1,0.8218624118050089,3050,0.9627986162937856
initial,3051,1,0.9046094815506939,3051,0.9810127724486382
initial,3052,1,0.9468881755058918,3052,0.9089252712040047
initial,3053,1,0.908864894458524,3053,0.9272743826842813
initial,3054,1,0.9016282517996019,3054,0.9482970326180326
initial,3055,1,0.9049107478547357,3055,0.8913961502862842
initial,3056,1,0.9173390382401061,3056,0.9519239557098043
initial,3057,1,0.7614757209912062,3057,0.8719225184523183
initial,3058,1,0.7311822623059074,3058,0.9509630732096628
initial,3059,1,0.7254269024679111,3059,0.8985798467672206
initial,3060,1,0.9552302783649608,3060,0.8803977042359526
initial,3061,1,0.7246769122486771,3061,0.8246393105149527
initial,3062,1,0.905303351320949,3062,0.9015892310573688
initial,3063,1,0.9130361321686267,3063,0.7867664116790476
initial,3064,1,0.6970004361425839,3064,0.8762668016169209
initial,3065,1,0.855672815000013,3065,0.9200191430191544
initial,3066,1,0.8661423371489341,3066,0.9557272820917514
initial,3067,1,0.7522901565831415,3067,0.9277634961894229
initial,3068,1,0.9553735526675562,3068,0.9745039567283038
initial,3069,1,0.7434217335526386,3069,0.9618887404275966
initial,3070,1,0.7931712175382813,3070,0.8505115069806753
initial,3071,1,0.9622732669007983,3071,0.9791361516204
initial,3072,1,0.890972970243781,3072,0.7726394480082968
initial,3073,1,0.946238188575458,3073,0.9478788262742324
initial,3074,1,0.9027396309015598,3074,0.9595302173541441
initial,3075,1,0.6470407790191741,3075,0.8696110470710239
initial,3076,1,0.7717946274536567,3076,0.9545822671069129
initial,3077,1,0.9683020640135706,3077,0.956648365261569
initial,3078,1,0.9426188197586387,3078,0.9482953121328881
initial,3079,1,0.9027885021820943,3079,0.9410932478461681
initial,3080,1,0.7914261252937504,3080,0.8485538445835334
initial,3081,1,0.9016509501133447,3081,0.872657793220922
initial,3082,1,0.7620934242963757,3082,0.9268306447511262
initial,3083,1,0.770037485220737,3083,0.7836091353537549
initial,3084,1,0.8774163504599632,3084,0.8836679637369882
initial,3085,1,0.9369609427769638,3085,0.8853850634483776
initial,3086,1,0.8552584610511224,3086,0.8690124781653725
initial,3087,1,0.9278424781725274,3087,0.7557169351576527
initial,3088,1,0.8387438048265766,3088,0.9480903670975267
initial,3089,1,0.924723007689076,3089,0.8305827799121566
initial,3090,1,0.9155100661107434,3090,0.925084583442872
initial,3091,1,0.9236008567262792,3091,0.8675445998879516
initial,3092,1,0.9386578298303092,3092,0.8073922705384767
initial,3093,1,0.764378247821768,3093,0.7387743294297779
initial,3094,1,0.7593853624139351,3094,0.917882333454918
initial,3095,1,0.8263748102199986,3095,0.7978521981598083
initial,3096,1,0.7757380630450683,3096,0.9355903772909697
initial,3097,1,0.9788226840000422,3097,0.8361169471005194
initial,3098,1,0.7647409744526334,3098,0.8535871948417351
initial,3099,1,0.9493683900309711,3099,0.8449568719997369
initial,3100,1,0.8100632476124632,3100,0.8870202316620399
initial,3101,1,0.8910779319957438,3101,0.894270871626113
initial,3102,1,0.8679245407430243,3102,0.886091730093749
initial,3103,1,0.9084405737504171,3103,0.9732968146704252
initial,3104,1,0.8796210150593384,3104,0.8277012134684922
initial,3105,1,0.9635521419364893,3105,0.9180286008695899
initial,3106,1,0.8257051342476445,3106,0.9402154389489217
initial,3107,1,0.7254934473277819,3107,0.9120103710382422
initial,3108,1,0.986765864027654,3108,0.9595034590437367
initial,3109,1,0.9493275122304086,3109,0.9777916438259167
initial,3110,1,0.7671246211783751,3110,0.827113343610228
initial,3111,1,0.9089742935580039,3111,0.8840626929497034
initial,3112,1,0.9629847891989689,3112,0.8503111496065561
initial,3113,1,0.8358459410175192,3113,0.8907858433180222
initial,3114,1,0.9062405719929147,3114,0.9319264199254039
initial,3115,1,0.7058386164406356,3115,0.9624134917690661
initial,3116,1,0.856799126477522,3116,0.8076305297830249
initial,3117,1,0.7323028258671211,3117,0.8881774173514552
initial,3118,1,0.7788756679054498,3118,0.959202201600176
initial,3119,1,0.9532942186732666,3119,0.8449343715647764
initial,3120,1,0.9163332120223839,3120,0.7923010856910242
initial,3121,1,0.8810587180652336,3121,0.9269186344162528
initial,3122,1,0.8102540922521531,3122,0.933866850253493
initial,3123,1,0.8301966115357543,3123,0.955419700163006
initial,3124,1,0.9272068924735954,3124,0.9579027421995046
initial,3125,1,0.9257230598144366,3125,0.8923042592121572
initial,3126,1,0.921658865790493,3126,0.7579357091178198
initial,3127,1,0.9081405114284684,3127,0.9408181266445851
initial,3128,1,0.9762370191365377,3128,0.8970090040649997
initial,3129,1,0.9547270101564658,3129,0.8094105806164305
initial,3130,1,0.8735784356545747,3130,0.9820796779387819
initial,3131,1,0.9185671197818857,3131,0.9202562171404236
initial,3132,1,0.8104709534926611,3132,0.9230499933226761
initial,3133,1,0.8319780956219689,3133,0.9146504922063263
initial,3134,1,0.8306048667896933,3134,0.9078196308408879
initial,3135,1,0.8063956648807359,3135,0.9530578066469482
initial,3136,1,0.8630322681912712,3136,0.8803383813557781
initial,3137,1,0.8417023032889566,3137,0.9596446633314974
initial,3138,1,0.7354097213032197,3138,0.850747509279027
initial,3139,1,0.7842446243207808,3139,0.8505793561365416
initial,3140,1,0.9753195387781279,3140,0.824903821116048
initial,3141,1,0.9477982265557119,3141,0.8690774095412637
initial,3142,1,0.9215318545303142,3142,0.930346432551921
initial,3143,1,0.812727333068441,3143,0.9362787868080065
initial,3144,1,0.8173918624128949,3144,0.9331243459325912
initial,3145,1,0.9717721411466245,3145,0.9595248859995005
initial,3146,1,0.8524001035109009,3146,0.9262066878800725
initial,3147,1,0.8222297971801482,3147,0.8383256943645023
initial,3148,1,0.8414999856471723,3148,0.9296318283192508
initial,3149,1,0.9200692940738958,3149,0.9019969669323982
initial,3150,1,0.9336541543167125,3150,0.8925181640959028
initial,3151,1,0.8597315436401667,3151,0.940830270918854
initial,3152,1,0.7903152690157119,3152,0.956562939219874
initial,3153,1,0.8155008033346682,3153,0.9448128916156266
initial,3154,1,0.8124951849610113,3154,0.9470789856616226
initial,3155,1,0.8390389351273837,3155,0.9110703590664327
initial,3156,1,0.9009687566142957,3156,0.9389274378350987
initial,3157,1,0.8050354588273774,3157,0.8590623712538596
initial,3158,1,0.8860931235395192,3158,0.886709526683993
initial,3159,1,0.8156025612705025,3159,0.9418374487885975
initial,3160,1,0.8877180468426337,3160,0.9136539699123865
initial,3161,1,0.8237133953572766,3161,0.9683299794230091
initial,3162,1,0.7321060344962845,3162,0.8773911810382261
initial,3163,1,0.8439202105486039,3163,0.9251956685449603
initial,3164,1,0.9196869143831731,3164,0.9535843450298596
initial,3165,1,0.8457074591802389,3165,0.9328718660393869
initial,3166,1,0.8154526860425668,3166,0.876094214351729
initial,3167,1,0.8950006340000171,3167,0.9569809253885782
initial,3168,1,0.9653405926827212,3168,0.9674295511727222
initial,3169,1,0.9022827831302979,3169,0.8907384229126266
initial,3170,1,0.6733363830484085,3170,0.9719298446392243
initial,3171,1,0.8106439901768565,3171,0.9149461419241993
initial,3172,1,0.9820983337854359,3172,0.8133744516886272
initial,3173,1,0.9781577132236481,3173,0.8681897199873607
initial,3174,1,0.9419624956153929,3174,0.9455821095960641
initial,3175,1,0.7503159954424853,3175,0.9146873755030781
initial,3176,1,0.8773820226486224,3176,0.9721629106037266
initial,3177,1,0.8306880401827632,3177,0.8317325126496963
initial,3178,1,0.9106665529240099,3178,0.8247427170569848
initial,3179,1,0.6051831470807664,3179,0.9463200546105619
initial,3180,1,0.85283025230484,3180,0.920438752338557
initial,3181,1,0.9214311909167918,3181,0.9263144498849833
initial,3182,1,0.9335209502903354,3182,0.962859357477663
initial,3183,1,0.6917696685059868,3183,0.8912190728365192
initial,3184,1,0.9168097329012324,3184,0.936425890720173
initial,3185,1,0.710366712951839,3185,0.939356549609482
initial,3186,1,0.9098746857924116,3186,0.8797257695873966
initial,3187,1,0.8139931338876054,3187,0.9822290862946786
initial,3188,1,0.9033218535582415,3188,0.8755568196472818
initial,3189,1,0.76429669949454,3189,0.9073852375408837
initial,3190,1,0.8916218055987453,3190,0.8321456075104212
initial,3191,1,0.9625968564306631,3191,0.9626307628535167
initial,3192,1,0.9495471804469234,3192,0.9671443809616584
initial,3193,1,0.9863780700984435,3193,0.8771004054359417
initial,3194,1,0.7215826782838438,3194,0.9710586626100459
initial,3195,1,0.8251799117887249,3195,0.907214459056986
initial,3196,1,0.9186647675212352,3196,0.9037420929198989
initial,3197,1,0.9414826312173066,3197,0.9834260360904206
initial,3198,1,0.75507194168257,3198,0.9648581468979178
initial,3199,1,0.9275554449323673,3199,0.8863831531881599
initial,3200,1,0.8722426229636577,3200,0.8660118119111062
initial,3201,1,0.8703500636408921,3201,0.8635241966003204
initial,3202,1,0.8688129204112373,3202,0.9357231537042484
initial,3203,1,0.9336938021270639,3203,0.8862026159277024
initial,3204,1,0.8851672133065333,3204,0.8683048025322784
initial,3205,1,0.9570278000109633,3205,0.9585293737804061
initial,3206,1,0.7156571356435633,3206,0.9280980330236842
initial,3207,1,0.8518005572224177,3207,0.945945604165364
initial,3208,1,0.8918843459672681,3208,0.7949252018033948
initial,3209,1,0.8739110476903065,3209,0.9605756969757624
initial,3210,1,0.8713276921693571,3210,0.9161571693251779
initial,3211,1,0.887536863148979,3211,0.8269452411605978
initial,3212,1,0.6492253055254993,3212,0.9311135092913709
initial,3213,1,0.7742387865420206,3213,0.9272872992515575
initial,3214,1,0.651880967378266,3214,0.9142256919937002
initial,3215,1,0.7143711567614826,3215,0.8977523451572118
initial,3216,1,0.7807723513083097,3216,0.8671588677600557
initial,3217,1,0.7779304365010833,3217,0.8958686273344476
initial,3218,1,0.784365075215441,3218,0.9840097392593339
initial,3219,1,0.9793522969244552,3219,0.9049769169662427
initial,3220,1,0.9487668326316631,3220,0.9273330338459249
initial,3221,1,0.9461722474210017,3221,0.8570479935935608
initial,3222,1,0.8580324710911527,3222,0.9200834356088354
initial,3223,1,0.9137321403208638,3223,0.9821602829566594
initial,3224,1,0.8391396582913224,3224,0.8924403234515361
initial,3225,1,0.9740381960172574,3225,0.8373737677601351
initial,3226,1,0.7893692723577559,3226,0.8412090454241563
initial,3227,1,0.7863709884103509,3227,0.9609187672570901
initial,3228,1,0.944212624187487,3228,0.9456744455486368
initial,3229,1,0.694807379908936,3229,0.8977494915680357
initial,3230,1,0.9514921318603872,3230,0.9598840493781022
initial,3231,1,0.8345661478910315,3231,0.9323805661439881
initial,3232,1,0.8752025491836937,3232,0.9637049133619906
initial,3233,1,0.8352301314358014,3233,0.8356803659882601
initial,3234,1,0.888253429908319,3234,0.9072362649420053
initial,3235,1,0.8891209451209565,3235,0.9440750802139524
initial,3236,1,0.8869796707183468,3236,0.890581387853334
initial,3237,1,0.7629571485787965,3237,0.7975416770028888
initial,3238,1,0.7317063075926687,3238,0.949142340599902
initial,3239,1,0.9104156009506814,3239,0.9499809784730122
initial,3240,1,0.855337632806629,3240,0.9137074681680919
initial,3241,1,0.9762720295769785,3241,0.9799390066646992
initial,3242,1,0.8047721948692239,3242,0.8661639331047626
initial,3243,1,0.8581360688164996,3243,0.8381791566821462
initial,3244,1,0.951904770810315,3244,0.8211596389842921
initial,3245,1,0.9835568807854544,3245,0.972087896666656
initial,3246,1,0.848855808356939,3246,0.9734104753415271
initial,3247,1,0.7818445512965866,3247,0.8887004844648014
initial,3248,1,0.8692496746378239,3248,0.9589049298370003
initial,3249,1,0.841344148971234,3249,0.884504896748038
initial,3250,1,0.8763460317569619,3250,0.8765591932929775
initial,3251,1,0.836270560584844,3251,0.8749404085926227
initial,3252,1,0.902302058111597,3252,0.7558085320557442
initial,3253,1,0.857295152184617,3253,0.8302345406239262
initial,3254,1,0.8891374897241773,3254,0.8641843838633992
initial,3255,1,0.7459372251118433,3255,0.9123237993360587
initial,3256,1,0.8694568258250127,3256,0.857159519954021
initial,3257,1,0.74232821661092,3257,0.7953912397221548
initial,3258,1,0.8771559894768035,3258,0.9059472705648559
initial,3259,1,0.8749796351057003,3259,0.8941536071963883
initial,3260,1,0.8312871763904506,3260,0.8916916785262683
initial,3261,1,0.8722532546866637,3261,0.8225998904648815
initial,3262,1,0.9176646708281586,3262,0.8439771511166679
initial,3263,1,0.9653318238546634,3263,0.8541813298391175
initial,3264,1,0.9846094724755174,3264,0.8744764540791223
initial,3265,1,0.8212848491985383,3265,0.9513623533185711
initial,3266,1,0.9816938385599068,3266,0.9548390543109506
initial,3267,1,0.8777743602716126,3267,0.9555281172693496
initial,3268,1,0.7835687261824611,3268,0.944630624403729
initial,3269,1,0.9354525894350865,3269,0.9731828389972482
initial,3270,1,0.914740214575094,3270,0.8794519966673796
initial,3271,1,0.9534718939877957,3271,0.9328870615964653
initial,3272,1,0.6849664424223655,3272,0.8261642617803704
initial,3273,1,0.8538275562880872,3273,0.8617652238881439
initial,3274,1,0.9102798246125939,3274,0.9505143752879848
initial,3275,1,0.7479010266684607,3275,0.8509426358264445
initial,3276,1,0.6724485072675441,3276,0.9761905245037814
initial,3277,1,0.8032169490935634,3277,0.9478353245581475
initial,3278,1,0.8996139146237347,3278,0.8723337726581841
initial,3279,1,0.8135508594059692,3279,0.9219496551881937
initial,3280,1,0.8720620030923079,3280,0.9559674729417985
initial,3281,1,0.8798614054455678,3281,0.861162669027531
initial,3282,1,0.734881285129658,3282,0.933008276254107
initial,3283,1,0.7392745100410212,3283,0.946325626681872
initial,3284,1,0.9399677151795303,3284,0.8439082075497921
initial,3285,1,0.7656520916781524,3285,0.9624977042826957
initial,3286,1,0.7802024242203561,3286,0.8953318726260668
initial,3287,1,0.6941395786744908,3287,0.966995054284708
initial,3288,1,0.9475995836602752,3288,0.9762661506200129
initial,3289,1,0.8199457138787847,3289,0.9570073600756228
initial,3290,1,0.914242018706932,3290,0.9601922324114934
initial,3291,1,0.6084227045742434,3291,0.9288322562618376
initial,3292,1,0.7652258872995075,3292,0.9712793375213141
initial,3293,1,0.9116537922438973,3293,0.8819605458601716
initial,3294,1,0.8820417616539309,3294,0.9566456864528312
initial,3295,1,0.8330717938647811,3295,0.9380392430448907
initial,3296,1,0.8373319571556723,3296,0.9515724114515971
initial,3297,1,0.7885488097926973,3297,0.9701492652668107
initial,3298,1,0.8378850434950461,3298,0.9566684708152227
initial,3299,1,0.8616101593070182,3299,0.8840197741208947
initial,3300,1,0.9649553190425365,3300,0.8976174640848853
initial,3301,1,0.8112569390782935,3301,0.8842918543893643
initial,3302,1,0.8528221059867576,3302,0.8807014658317269
initial,3303,1,0.9396150624993389,3303,0.7793008104521651
initial,3304,1,0.936204172790321,3304,0.8310851628886466
initial,3305,1,0.7119377962812814,3305,0.8169242569909816
initial,3306,1,0.950926800377724,3306,0.8692764914629147
initial,3307,1,0.8452677104113284,3307,0.9320812838754733
initial,3308,1,0.9681473708807758,3308,0.9262377097830204
initial,3309,1,0.9064981470004316,3309,0.9215535333557047
initial,3310,1,0.9705226264423481,3310,0.9581169471695306
initial,3311,1,0.984932088283763,3311,0.9277594109194547
initial,3312,1,0.937342783846747,3312,0.8962532723182062
initial,3313,1,0.9603921031710811,3313,0.9515902911567613
initial,3314,1,0.9604764034809434,3314,0.9368282644165838
initial,3315,1,0.9392994383958291,3315,0.9338798568919467
initial,3316,1,0.8413869869608779,3316,0.865757034759342
initial,3317,1,0.8891670874001264,3317,0.8437486824585743
initial,3318,1,0.9279830010514729,3318,0.8100035694885444
initial,3319,1,0.904944471515712,3319,0.9351454503202217
initial,3320,1,0.7335803913566129,3320,0.8382005082285113
initial,3321,1,0.8025152851739111,3321,0.9337470687791906
initial,3322,1,0.9075245261424949,3322,0.9637638741785788
initial,3323,1,0.7399512361705745,3323,0.8762225082466333
initial,3324,1,0.868499295456362,3324,0.7700967694796017
initial,3325,1,0.9374083427626267,3325,0.9180683476961224
initial,3326,1,0.90676688182093,3326,0.9377840299598694
initial,3327,1,0.8711744418460619,3327,0.9547673810145966
initial,3328,1,0.8949287271236818,3328,0.9497719185706759
initial,3329,1,0.7545403045823551,3329,0.9216947825137359
initial,3330,1,0.8930338602822,3330,0.9468270185277654
initial,3331,1,0.8101484485056654,3331,0.9235856341638354
initial,3332,1,0.8603307697855348,3332,0.844259281111993
initial,3333,1,0.9277818153417676,3333,0.9165420408085767
initial,3334,1,0.8813081655788331,3334,0.9279197620899886
initial,3335,1,0.8865045203239631,3335,0.9361062974663754
initial,3336,1,0.7805705073107222,3336,0.9043237701584375
initial,3337,1,0.8470557346380929,3337,0.8643344046885255
initial,3338,1,0.9318024700985528,3338,0.9720979502726366
initial,3339,1,0.8284677349811497,3339,0.8957805626736814
initial,3340,1,0.9294550689027252,3340,0.7779075599686083
initial,3341,1,0.9784904814228761,3341,0.9218510178535695
initial,3342,1,0.7352940458389636,3342,0.9270780785566974
initial,3343,1,0.7938144398275371,3343,0.9190848615769409
initial,3344,1,0.9554711756085097,3344,0.8296794233853432
initial,3345,1,0.894631992965903,3345,0.8938255347653257
initial,3346,1,0.7879646155234261,3346,0.9379842485838874
initial,3347,1,0.8234217760841294,3347,0.9496268840694885
initial,3348,1,0.9593002787381552,3348,0.9609515294412672
initial,3349,1,0.8982898717328027,3349,0.9241466267473493
initial,3350,1,0.869797219613612,3350,0.9805713988978061
initial,3351,1,0.7842423288776983,3351,0.9117939439340155
initial,3352,1,0.8592292524634576,3352,0.942221826038323
initial,3353,1,0.8963948317396103,3353,0.8793357427801501
initial,3354,1,0.8686442119462848,3354,0.9816300622681562
initial,3355,1,0.8609896810798174,3355,0.9446212297699468
initial,3356,1,0.9085605819436182,3356,0.8837679247876533
initial,3357,1,0.8536688945639735,3357,0.9443976584719016
initial,3358,1,0.8904360483581734,3358,0.9615411377806999
initial,3359,1,0.9235595553876565,3359,0.8616633680910892
initial,3360,1,0.8558619194161255,3360,0.8417436413650603
initial,3361,1,0.9322747580965696,3361,0.7684960104330674
initial,3362,1,0.771343259478958,3362,0.9090968196315561
initial,3363,1,0.8456342402526286,3363,0.9317243012915224
initial,3364,1,0.7484299400382313,3364,0.9137690773577843
initial,3365,1,0.758058016447841,3365,0.9443880374199825
initial,3366,1,0.7997151889388443,3366,0.9570656718652942
initial,3367,1,0.9147431264574457,3367,0.9639237418986206
initial,3368,1,0.8839318046615221,3368,0.9547007442383713
initial,3369,1,0.9810701916085378,3369,0.8713090737185412
initial,3370,1,0.9268813247473183,3370,0.8704689553838602
initial,3371,1,0.9629955043134287,3371,0.9325992919055754
initial,3372,1,0.9074316094054237,3372,0.916018028870828
initial,3424,3,0.6426944290805624,3424,0.49
initial,3425,3,0.8786997639088485,3425,0.49
initial,3426,3,0.896685362997717,3426,0.49
initial,3427,3,0.7399948086818924,3427,0.49
initial,3428,3,0.9604013726671771,3428,0.9651164923433722
initial,3429,3,0.8501016707614828,3429,0.910947987461872
initial,3430,3,0.8571172852368381,3430,0.9580986344978429
initial,3431,3,0.8918804004826981,3431,0.8612792112926022
initial,3432,3,0.9000363247358838,3432,0.9211844359705608
initial,3433,3,0.82144298045481,3433,0.7713583794505452
initial,3434,3,0.9046997501792411,3434,0.9089613395087603
initial,3435,3,0.9571695777012346,3435,0.9028485730554785
initial,3436,3,0.7996046697026669,3436,0.9443493577020441
initial,3437,3,0.7827638521629059,3437,0.9679599543117676
initial,3438,3,0.9481847170018154,3438,0.8865507710349931
initial,3439,3,0.7875474982611392,3439,0.9610423376315903
initial,3440,3,0.8648133533815631,3440,0.9173826746746748
initial,3441,3,0.848309029417964,3441,0.9240529838004974
initial,3442,3,0.9226902164799972,3442,0.9317038697776022
initial,3443,3,0.8787221207125697,3443,0.8404164654554445
initial,3444,3,0.8135179673364776,3444,0.8604872670637556
initial,3445,3,0.8495029575007249,3445,0.7793613134245807
initial,3446,3,0.8377256967716515,3446,0.9207199908301043
initial,3447,3,0.7453308233295948,3447,0.9525009749821516
initial,3448,3,0.8735701802964083,3448,0.8761821735611734
initial,3449,3,0.8463466950961757,3449,0.9551036645995428
initial,3450,3,0.9482820073454474,3450,0.9597265695541298
initial,3451,3,0.7438859859301435,3451,0.947371726515976
initial,3452,3,0.740983073160903,3452,0.9812173673240243
initial,3453,3,0.8111767746240344,3453,0.9702272566950239
initial,3454,3,0.7013994306190983,3454,0.9599053190091106
initial,3455,3,0.9059709580581543,3455,0.9469545953731557
initial,3456,3,0.8813538023552304,3456,0.9690065935201668
initial,3457,3,0.9163627099342826,3457,0.9708728301672656
initial,3458,3,0.8198077803757664,3458,0.9146197036429518
initial,3459,3,0.9085296424303266,3459,0.8737545894108836
initial,3460,3,0.8444335952649142,3460,0.9521738261842602
initial,3461,3,0.8737973241866587,3461,0.9108587426578342
initial,3462,3,0.8415706260470612,3462,0.9671689695885182
initial,3463,3,0.9349059206594899,3463,0.9332169432103146
initial,3464,3,0.8634828928341944,3464,0.9571250961727945
initial,3465,3,0.9796383579259238,3465,0.7947276261547694
initial,3466,3,0.716469654297405,3466,0.7954725718049038
initial,3467,3,0.8642022878586165,3467,0.8504314303808649
initial,3468,3,0.8389948120707338,3468,0.8839554363124099
initial,3469,3,0.952031059455667,3469,0.9402421108441171
initial,3470,3,0.8348179540269014,3470,0.8590707523676246
initial,3471,3,0.83976699563551,3471,0.8963855238058487
initial,3472,3,0.8762610344253873,3472,0.9758881683862184
initial,3473,3,0.718685430206917,3473,0.8716112445698103
initial,3474,3,0.9593338943001821,3474,0.8522392250342419
initial,3475,3,0.8091323569721643,3475,0.9171037970860854
initial,3476,3,0.9077447930798388,3476,0.9188727736293187
initial,3477,3,0.8120728740376953,3477,0.8964237161270963
initial,3478,3,0.9214892821031422,3478,0.8486534217470394
initial,3479,3,0.8974835897711222,3479,0.963000570163611
initial,3480,3,0.8868172512143978,3480,0.9146452767204464
initial,3481,3,0.9179799756538054,3481,0.891339464588665
initial,3482,3,0.9331008071552854,3482,0.9255617056226055
initial,3483,3,0.8383952580836622,3483,0.9481690886635661
initial,3484,3,0.9657941206428204,3484,0.927783707274489
initial,3485,3,0.7662064162924298,3485,0.9150502637089902
initial,3486,3,0.8998047116785708,3486,0.9186120804669922
initial,3487,3,0.9756416889914261,3487,0.9704480798178718
initial,3488,3,0.8691590722613376,3488,0.9068108425537609
initial,3489,3,0.9250314045015352,3489,0.9148317661481622
initial,3490,3,0.9027763140177825,3490,0.9286088014108671
initial,3491,3,0.8280938881235567,3491,0.8446789853948444
initial,3492,3,0.8456865874336502,3492,0.949006119126394
initial,3493,3,0.7862414732922622,3493,0.9026049965335488
initial,3494,3,0.8812274691877199,3494,0.8668498737253985
initial,3495,3,0.9463102800187237,3495,0.9589086658041869
initial,3496,3,0.8906597692019862,3496,0.9871688695703986
initial,3497,3,0.9088801471289762,3497,0.9268432094174469
initial,3498,3,0.9565895862632279,3498,0.9711306660252903
initial,3499,3,0.855286808950938,3499,0.9439260622009393
initial,3500,3,0.9156747551637233,3500,0.8696735014649768
initial,3501,3,0.8668690019233958,3501,0.9018313221694075
initial,3502,3,0.8326201022404014,3502,0.8969003115869243
initial,3503,3,0.869941604766153,3503,0.9402378488126419
initial,3504,3,0.7348326222706179,3504,0.8466242418849792
initial,3505,3,0.8561688133634318,3505,0.9648659640859192
initial,3506,3,0.9230599201600445,3506,0.9399513498086784
initial,3507,3,0.8811554725140784,3507,0.9280510685800125
initial,3508,3,0.7769256037072014,3508,0.8931576165139533
initial,3509,3,0.734181849713076,3509,0.9451872969322679
initial,3510,3,0.8989882833999807,3510,0.9489125065086355
initial,3511,3,0.8425371050890096,3511,0.9243801242131093
initial,3512,3,0.7571047788557955,3512,0.9871044748774125
initial,3513,3,0.9472406339121132,3513,0.8604404592740693
initial,3514,3,0.6642345848390987,3514,0.935463725581406
initial,3515,3,0.9025381151075584,3515,0.9608382943077882
initial,3516,3,0.7989768596099507,3516,0.9389981077585628
initial,3517,3,0.8148843543684732,3517,0.869262568716068
initial,3518,3,0.8888327640740796,3518,0.951486916811926
initial,3519,3,0.8226415814488199,3519,0.937794085765576
initial,3520,3,0.971817804677992,3520,0.7554567387398978
initial,3521,3,0.6095013984079741,3521,0.9639130029714329
initial,3522,3,0.9100708167901664,3522,0.8140568633352161
initial,3523,3,0.9019770088561356,3523,0.8773562804271673
initial,3524,3,0.7409105648322444,3524,0.9617706293016451
initial,3525,3,0.7571282967717681,3525,0.922739410946716
initial,3526,3,0.8702496546094696,3526,0.9535758304356026
initial,3527,3,0.8775839861452899,3527,0.9352071405023061
initial,3528,3,0.7814147764919627,3528,0.8759238331623689
initial,3529,3,0.8196077622663617,3529,0.9119330002445607
initial,3530,3,0.8392834926761646,3530,0.9167845055760171
initial,3531,3,0.7665399178168248,3531,0.8166978982498169
initial,3532,3,0.7340487875253471,3532,0.8648805576188294
initial,3533,3,0.7373863944075029,3533,0.9115233211745698
initial,3534,3,0.9025303863469711,3534,0.9288342736368118
initial,3535,3,0.677381085596884,3535,0.8807818970006902
initial,3536,3,0.8301301837887902,3536,0.9668030542932685
initial,3537,3,0.9454472007820074,3537,0.9498395400290464
initial,3538,3,0.8063439025722231,3538,0.8626803192862056
initial,3539,3,0.914604747916294,3539,0.8975119654219397
initial,3540,3,0.8876147348338589,3540,0.9624566575107589
initial,3541,3,0.7889425264759831,3541,0.972531891211195
initial,3542,3,0.9616958162349454,3542,0.9555568831257955
initial,3543,3,0.7721311297648193,3543,0.7008350550335635
initial,3544,3,0.7229792565989022,3544,0.9173996576163769
initial,3545,3,0.9403989340255933,3545,0.9216072991140682
initial,3546,3,0.8757611336979201,3546,0.9084277895024149
initial,3547,3,0.834288221034466,3547,0.9342920824594878
initial,3548,3,0.927560652908227,3548,0.8644785770776358
initial,3549,3,0.7697307423643174,3549,0.8703878156739164
initial,3550,3,0.9587000567425443,3550,0.8747303647198323
initial,3551,3,0.8475833544255267,3551,0.9680124439466388
initial,3552,3,0.9379034696116795,3552,0.851888758136131
initial,3553,3,0.9178762412513017,3553,0.9238730947330224
initial,3554,3,0.954371764371366,3554,0.9594629856740725
initial,3555,3,0.904205570450499,3555,0.9529611258772984
initial,3556,3,0.8212547271113712,3556,0.859991172650433
initial,3557,3,0.7683308672653457,3557,0.8951002767720682
initial,3558,3,0.8258130063679501,3558,0.913482081012605
initial,3559,3,0.90685624118016,3559,0.8762140367864566
initial,3560,3,0.9289768719068252,3560,0.9493663693331319
initial,3561,3,0.9387199755191341,3561,0.8200921988670166
initial,3562,3,0.8547459994074391,3562,0.8967631272335668
initial,3563,3,0.8813295700047052,3563,0.8677768285278475
initial,3564,3,0.8802250942662402,3564,0.9349700285516431
initial,3565,3,0.9742089641553859,3565,0.9006673421749221
initial,3566,3,0.9113043198521891,3566,0.9508947903986766
initial,3567,3,0.8442458060835357,3567,0.8825116232823841
initial,3568,3,0.9332720534216465,3568,0.9379923702662167
initial,3569,3,0.9274221379506197,3569,0.8848875284903455
initial,3570,3,0.8973404419582087,3570,0.9651873898034342
initial,3571,3,0.8513283198011348,3571,0.9748451446592692
initial,3572,3,0.6821601146053706,3572,0.9389097648563653
initial,3573,3,0.9518447571263374,3573,0.8700915489624313
initial,3574,3,0.6934007929701411,3574,0.8671324719987651
initial,3575,3,0.8970994123814979,3575,0.8634924853697996
initial,3576,3,0.9370440363875067,3576,0.8584831207284271
initial,3577,3,0.934688069612069,3577,0.8991962687703271
initial,3578,3,0.9668099656109246,3578,0.7914336734375687
initial,3579,3,0.9393929633602417,3579,0.9010884385051099
initial,3580,3,0.8717081637129795,3580,0.9526901278206416
initial,3581,3,0.8885011747705645,3581,0.8490450919259549
initial,3582,3,0.9140809765230307,3582,0.9757458165469968
initial,3583,3,0.9333621248285283,3583,0.9065826575434099
initial,3584,3,0.6341882625750325,3584,0.9211489925825027
initial,3585,3,0.9009831559051009,3585,0.8279389760878728
initial,3586,3,0.9795943071293829,3586,0.8462883948389008
initial,3587,3,0.9375026348078723,3587,0.900951685592116
initial,3588,3,0.9283976033272547,3588,0.9319931661608958
initial,3589,3,0.9586116672535241,3589,0.8972290836592931
initial,3590,3,0.714166972836189,3590,0.8781038558453584
initial,3591,3,0.8727213215051601,3591,0.9722997254701838
initial,3592,3,0.9389629327779563,3592,0.9029024029767221
initial,3593,3,0.8054969224215456,3593,0.9657907613359424
initial,3594,3,0.8993162356082908,3594,0.8784927812785379
initial,3595,3,0.8382664788168743,3595,0.91257859942734
initial,3596,3,0.7700341639522883,3596,0.9232969524350245
initial,3597,3,0.8717081367067323,3597,0.9437953820354976
initial,3598,3,0.8755443600122634,3598,0.9735489228666782
initial,3599,3,0.8717707042400468,3599,0.8568473542978212
initial,3600,3,0.9045706979708896,3600,0.9189672042785184
initial,3601,3,0.8645129526363384,3601,0.8613354930686308
initial,3602,3,0.9074793803256094,3602,0.7932640691412096
initial,3603,3,0.7187803159086243,3603,0.8974278039985473
initial,3604,3,0.8040200329105326,3604,0.9325096916020033
initial,3605,3,0.7897691661610091,3605,0.9609622380815849
initial,3606,3,0.7755289743423803,3606,0.9186037781922847
initial,3607,3,0.8501116067832151,3607,0.788656368372705
initial,3608,3,0.8563864590769942,3608,0.8957871763537859
initial,3609,3,0.8132932012712965,3609,0.8134985545473228
initial,3610,3,0.8845024027413194,3610,0.8400791230877482
initial,3611,3,0.8987874448121824,3611,0.8092208922406903
initial,3612,3,0.8647604498713928,3612,0.8980107113464981
initial,3613,3,0.8756123429634918,3613,0.9654630544739655
initial,3614,3,0.9135919671100234,3614,0.8716286444517276
initial,3615,3,0.8258059248574523,3615,0.9250033869636993
initial,3616,3,0.8157658308704698,3616,0.9172246536088948
initial,3617,3,0.9568556895802983,3617,0.9681878634358543
initial,3618,3,0.581854823207008,3618,0.9818535572748883
initial,3619,3,0.6975475221375865,3619,0.9585536995244861
initial,3620,3,0.8897678726070567,3620,0.9410848628650859
initial,3621,3,0.9056074767178324,3621,0.9127061857747945
initial,3622,3,0.8953472190830731,3622,0.8566044245037363
initial,3623,3,0.8519839271250373,3623,0.8570976116139994
initial,3624,3,0.9176395800793447,3624,0.8913279064022843
initial,3625,3,0.9405297885393019,3625,0.8468587325943606
initial,3626,3,0.8596139997959946,3626,0.9146697915776685
initial,3627,3,0.8856010012277895,3627,0.941086151239412
initial,3628,3,0.9349781575161568,3628,0.9667585784553939
initial,3629,3,0.8667341165041964,3629,0.9466236913221695
initial,3630,3,0.7813639186820306,3630,0.8908519427556533
initial,3631,3,0.8671754096601951,3631,0.950459904948546
initial,3632,3,0.9850780777041264,3632,0.8934297095569717
initial,3633,3,0.8372410853720941,3633,0.9217431792867898
initial,3634,3,0.7901049804074778,3634,0.8609266438902751
initial,3635,3,0.7066620512507165,3635,0.9665230746001197
initial,3636,3,0.962551761938651,3636,0.9114519355345596
initial,3637,3,0.9676565950282534,3637,0.8850798437015893
initial,3638,3,0.9201389860754016,3638,0.9126490797440185
initial,3639,3,0.9667152525791834,3639,0.9302916564573763
initial,3640,3,0.8887122454125285,3640,0.9254298539516608
initial,3641,3,0.9617513698346072,3641,0.6624289364536763
initial,3642,3,0.9415835057022389,3642,0.8642208212511493
initial,3643,3,0.8729985302158177,3643,0.9367845597196174
initial,3644,3,0.8913185124023127,3644,0.9853343515463531
initial,3645,3,0.9742625547741155,3645,0.946813777789015
initial,3646,3,0.9155416166403929,3646,0.9466011280268796
initial,3647,3,0.8983816356893182,3647,0.9296112318883889
initial,3648,3,0.6503784922605271,3648,0.9595456748107427
initial,3649,3,0.8619563006327026,3649,0.9065857797108107
initial,3650,3,0.8278501609025031,3650,0.9746969808516547
initial,3651,3,0.9670761311658471,3651,0.9611856865690379
initial,3652,3,0.8492547686948723,3652,0.9089067148116622
initial,3653,3,0.8808970925323674,3653,0.8902469562698943
initial,3654,3,0.8975743444022287,3654,0.9260111633529057
initial,3655,3,0.698001599908021,3655,0.8781699629809465
initial,3656,3,0.8338048171938324,3656,0.8659479606725453
initial,3657,3,0.9205634699334949,3657,0.9366238484979763
initial,3658,3,0.8656537203222544,3658,0.8347620263961173
initial,3659,3,0.9401522261823761,3659,0.8626848849833578
initial,3660,3,0.978494658831937,3660,0.8880994679117779
initial,3661,3,0.9272620657650235,3661,0.9139109313698601
initial,3662,3,0.9283039716433972,3662,0.9615924269381126
initial,3663,3,0.8723092676443797,3663,0.9100782242043959
initial,3664,3,0.855126116600903,3664,0.8443191239307345
initial,3665,3,0.9019775335070956,3665,0.8267614097125708
initial,3666,3,0.9485348083984313,3666,0.9351259352836987
initial,3667,3,0.7772606342360009,3667,0.8666262063632773
initial,3668,3,0.975660938262691,3668,0.8800663505569934
initial,3669,3,0.9227294870372964,3669,0.9476290603646513
initial,3670,3,0.7890723891778524,3670,0.9436396842175832
initial,3671,3,0.9863388372537664,3671,0.9543514427146083
initial,3672,3,0.8997074053952743,3672,0.917580350363367
initial,3673,3,0.8833242336936518,3673,0.9887758756196142
initial,3674,3,0.9023734502077081,3674,0.9016514640905157
initial,3675,3,0.9342123591941511,3675,0.9173811114352864
initial,3676,3,0.8008737380606297,3676,0.9587903811478629
initial,3677,3,0.8206337131332655,3677,0.9736138000517275
initial,3678,3,0.6602059933736785,3678,0.9607348501336088
initial,3679,3,0.8927791221583661,3679,0.8738444596638102
initial,3680,3,0.8938047395380441,3680,0.8770276932818039
initial,3681,3,0.7624777376439363,3681,0.8969410306881108
initial,3682,3,0.941619529294806,3682,0.8533993764723486
initial,3683,3,0.8316525588784118,3683,0.9889326157557646
initial,3684,3,0.8335783498476328,3684,0.9871591847290707
initial,3685,3,0.8418702495008659,3685,0.9476148612930978
initial,3686,3,0.913241226327469,3686,0.9175780354423186
initial,3687,3,0.8706356191656044,3687,0.8919046783657333
initial,3688,3,0.9400138962826281,3688,0.9300940090192067
initial,3689,3,0.9193173512165382,3689,0.9255046566487442
initial,3690,3,0.8549072994172433,3690,0.9060842627774988
initial,3691,3,0.8843267730641987,3691,0.8666959255832339
initial,3692,3,0.9611607801581588,3692,0.8467347008477373
initial,3693,3,0.9658769515181992,3693,0.8601795448156379
initial,3694,3,0.7155549570431424,3694,0.9804613966218456
initial,3695,3,0.7899810619936658,3695,0.9427179684117738
initial,3696,3,0.9563988179182981,3696,0.8490564459251011
initial,3697,3,0.91875303640212,3697,0.9824302855108924
initial,3698,3,0.896905418624006,3698,0.9549175351007047
initial,3699,3,0.7130927974628537,3699,0.8333472924804028
initial,3700,3,0.8487330330935119,3700,0.8514571332368992
initial,3701,3,0.7944501638184063,3701,0.8694964954425835
initial,3702,3,0.9019821363230829,3702,0.9581569234892222
initial,3703,3,0.7654941497617598,3703,0.9552806205391464
initial,3704,3,0.7921550420282022,3704,0.9443228159218569
initial,3705,3,0.8106560641735328,3705,0.8904037844162987
initial,3706,3,0.9734134808439094,3706,0.877674047952568
initial,3707,3,0.9088629444751615,3707,0.8278332411285823
initial,3708,3,0.8418912439982202,3708,0.9322658738495088
initial,3709,3,0.9668260671116937,3709,0.9382090340569262
initial,3710,3,0.8565852156839913,3710,0.9197346273500127
initial,3711,3,0.6452372304771408,3711,0.9060801578718272
initial,3712,3,0.825212641266993,3712,0.8686548598867294
initial,3713,3,0.8410167997157942,3713,0.9157926342708875
initial,3714,3,0.9130919573859132,3714,0.9313468469163659
initial,3715,3,0.9025870264653038,3715,0.9288307888828353
initial,3716,3,0.8104324921331887,3716,0.8181187237416556
initial,3717,3,0.7004383619688079,3717,0.9215129418215269
initial,3718,3,0.7923728239516403,3718,0.9113621346712397
initial,3719,3,0.6074864138661856,3719,0.9434822773712774
initial,3720,3,0.8467447102365575,3720,0.879067944236541
initial,3721,3,0.8614561765135254,3721,0.8870945020794233
initial,3722,3,0.8423371790124677,3722,0.95728522062914
initial,3723,3,0.9220350658161567,3723,0.9604166488970798
initial,3724,3,0.6975803133126179,3724,0.9760643677350138
initial,3725,3,0.7226354923832456,3725,0.9628151122249953
initial,3726,3,0.8501054776416326,3726,0.9529762871947376
initial,3727,3,0.83630794376402,3727,0.8341991008573597
initial,3728,3,0.8558597003084142,3728,0.8940687374591774
initial,3729,3,0.9304449858718877,3729,0.9224953977126316
initial,3730,3,0.9619679104024075,3730,0.781099222295514
initial,3731,3,0.9792171307258812,3731,0.8824517074629848
initial,3732,3,0.9195712204138158,3732,0.9120991155987317
initial,3733,3,0.9374095182360852,3733,0.9355389463878695
initial,3734,3,0.8734234256900463,3734,0.8910998336634898
initial,3735,3,0.9162826031728784,3735,0.8043449846673894
initial,3736,3,0.7180283762041599,3736,0.9396789022976848
initial,3737,3,0.9081843124057757,3737,0.9450451416700327
initial,3738,3,0.9466666677769783,3738,0.9831118582720828
initial,3739,3,0.8324589179490278,3739,0.98020351239981
initial,3740,3,0.9814369778391787,3740,0.9516150715933103
initial,3741,3,0.8572696719442211,3741,0.9283088845405052
initial,3742,3,0.7573487766525804,3742,0.9685933106611103
initial,3743,3,0.8329329389980797,3743,0.8954680614467988
initial,3744,3,0.9466369085348398,3744,0.8614446297403879
initial,3745,3,0.7819589821408515,3745,0.9209467724513781
initial,3746,3,0.9520920280103367,3746,0.8876367686406512
initial,3747,3,0.9267811036640193,3747,0.8523602084318598
initial,3748,3,0.9626266268735901,3748,0.9774319809976544
initial,3749,3,0.7832359619966682,3749,0.9319836591619246
initial,3750,3,0.7182940926735837,3750,0.9195502875083381
initial,3751,3,0.9185434526196203,3751,0.8546729540258471
initial,3752,3,0.6906571848209975,3752,0.9312010473146124
initial,3753,3,0.9569162454800759,3753,0.9277952029816285
initial,3754,3,0.8573314366080942,3754,0.9129550264152022
initial,3755,3,0.8941330260761667,3755,0.9251855403649636
initial,3756,3,0.9031466030546182,3756,0.9619350911052481
initial,3757,3,0.9047616245949663,3757,0.9537650784091605
initial,3758,3,0.8861225761845096,3758,0.8977622307077253
initial,3759,3,0.6880341292484681,3759,0.9544038797409551
initial,3760,3,0.86110013144962,3760,0.9116175748882704
initial,3761,3,0.8130851182042507,3761,0.9350612124128581
initial,3762,3,0.8140100520483499,3762,0.924565000676357
initial,3763,3,0.8061214342125147,3763,0.9551136805839829
initial,3764,3,0.8369027611292443,3764,0.9275866928660348
initial,3765,3,0.7475246130764005,3765,0.7865840184868813
initial,3766,3,0.7943247475965909,3766,0.9035561668130678
initial,3767,3,0.7226391549151365,3767,0.9827658227907511
initial,3768,3,0.9505593654032045,3768,0.9702465775647046
initial,3769,3,0.9319795765100106,3769,0.9420068767781882
initial,3770,3,0.8537306707111935,3770,0.9654937531520423
initial,3771,3,0.7327248791688049,3771,0.9224205796993141
initial,3772,3,0.912735365714057,3772,0.8581495415847502
initial,3773,3,0.8813090203285757,3773,0.9367478715217359
initial,3774,3,0.8175897431949386,3774,0.7677927908219986
initial,3775,3,0.9208815546540766,3775,0.9723210276895271
initial,3776,3,0.9658813688235759,3776,0.9540622060474495
initial,3777,3,0.7219819659133154,3777,0.9004284414398576
initial,3778,3,0.8260276433774272,3778,0.879060642053412
initial,3779,3,0.7287890363636398,3779,0.8243626677219076
initial,3780,3,0.7055930036304668,3780,0.912582347407124
initial,3781,3,0.9512886410595576,3781,0.9273463918768865
initial,3782,3,0.8408023777449949,3782,0.9203510674580104
initial,3783,3,0.9157810771307092,3783,0.8592433151808486
initial,3784,3,0.7538351044589288,3784,0.9694097318979178
initial,3785,3,0.8549650869548941,3785,0.8286844390916763
initial,3786,3,0.9529529919316344,3786,0.9086244476342813
initial,3787,3,0.7008806698016843,3787,0.9134962050676361
initial,3788,3,0.8884072323738096,3788,0.8696861015966522
initial,3789,3,0.9390878045350244,3789,0.9429885086733056
initial,3790,3,0.8494136320507288,3790,0.921182618892451
initial,3791,3,0.897505473062296,3791,0.8507529440381354
initial,3792,3,0.634871812746745,3792,0.7791515228802915
initial,3793,3,0.9286018183283713,3793,0.9830768388289286
initial,3794,3,0.876829653549994,3794,0.7384481303433603
initial,3795,3,0.7978854612697397,3795,0.9013173062784305
initial,3796,3,0.9283637238094518,3796,0.967471155370507
initial,3797,3,0.76264586415908,3797,0.869997258984238
initial,3798,3,0.8267968584743328,3798,0.9732879560173384
initial,3799,3,0.9673334649382024,3799,0.9222381141262864
initial,3800,3,0.8585693538053907,3800,0.866081039122768
initial,3801,3,0.9220584859797012,3801,0.9719470670893386
initial,3802,3,0.7228683413789043,3802,0.8864804033844401
initial,3803,3,0.766722188491986,3803,0.897159743730023
initial,3804,3,0.8832827545138414,3804,0.872045211124385
initial,3805,3,0.8293934838900368,3805,0.9173773231880518
initial,3806,3,0.9117580806986352,3806,0.9699116641171157
initial,3807,3,0.8226379115513555,3807,0.8665441768492816
initial,3808,3,0.8925554577371675,3808,0.8942714960870467
initial,3809,3,0.6578265193322278,3809,0.9286792695978217
initial,3810,3,0.9824345400041996,3810,0.9625366819680665
initial,3811,3,0.8766769459506787,3811,0.908832356693154
initial,3812,3,0.8671020184656208,3812,0.9341152627785011
initial,3813,3,0.8500598378850585,3813,0.9216263552559437
initial,3814,3,0.8981006056816663,3814,0.892631508469941
initial,3815,3,0.8777620544913642,3815,0.9349502051202243
initial,3816,3,0.8677278812000003,3816,0.8100491378259265
initial,3817,3,0.7943881024888828,3817,0.8868976330662042
initial,3818,3,0.8453251370572681,3818,0.9642825515732618
initial,3819,3,0.9639860488265368,3819,0.8966397710595725
initial,3820,3,0.7472610176346801,3820,0.9621161343174292
initial,3821,3,0.8340631405392208,3821,0.8230619517110138
initial,3822,3,0.9589701110123305,3822,0.9315020122562617
initial,3823,3,0.9131909992194054,3823,0.9454401213507486
initial,3824,3,0.8380587633912924,3824,0.8806333591241204
initial,3825,3,0.8863978696122627,3825,0.9262853375370936
initial,3826,3,0.945429843986345,3826,0.9741411978300274
initial,3827,3,0.8845829859368379,3827,0.8648075076136775
initial,3828,3,0.9861517169178797,3828,0.9604065362673511
initial,3829,3,0.6275153667645578,3829,0.934961062196166
initial,3830,3,0.8557813112229031,3830,0.9177567821826529
initial,3831,3,0.9187041142325116,3831,0.8263124773126205
initial,3832,3,0.7846232521344845,3832,0.8840081653093776
initial,3833,3,0.9702733350490822,3833,0.8538430299814854
initial,3834,3,0.7384172520301616,3834,0.9267254438830811
initial,3835,3,0.9160061234319784,3835,0.9105071101441462
initial,3836,3,0.8397640725498863,3836,0.8739551289814227
initial,3837,3,0.7993339631257942,3837,0.9437893548753452
initial,3838,3,0.9644959715708458,3838,0.9620455188117769
initial,3839,3,0.9631411619719248,3839,0.9231402330386914
initial,3840,3,0.8510735679654742,3840,0.8966847551794634
initial,3841,3,0.8795458692287825,3841,0.8963875194286279
initial,3842,3,0.9465518388137133,3842,0.9593477162799016
initial,3843,3,0.9783992166453315,3843,0.8954433601321434
initial,3844,3,0.9410129149811488,3844,0.9500405393948025
initial,3845,3,0.9464915925147996,3845,0.9324458085504012
initial,3846,3,0.9777234727360735,3846,0.8865547041543177
initial,3847,3,0.8468993863887864,3847,0.9528475854825796
initial,3848,3,0.9614896768713649,3848,0.7857068152187503
initial,3849,3,0.8455228594303126,3849,0.9680347226439162
initial,3850,3,0.9524424502215733,3850,0.7639872814718873
initial,3851,3,0.9382192815020622,3851,0.9396318338609737
initial,3852,3,0.9836785712877445,3852,0.8943208003089385
initial,3853,3,0.8054601239262442,3853,0.8810743688080971
initial,3854,3,0.916087777331513,3854,0.9433909513281111
initial,3855,3,0.81629760765097,3855,0.9634909904528194
initial,3856,3,0.8882669275359143,3856,0.9015640459171748
initial,3857,3,0.84990014067347,3857,0.750673424845834
initial,3858,3,0.8130771599103479,3858,0.9802293247596188
initial,3859,3,0.785393777596806,3859,0.9473763476903501
initial,3860,3,0.9126226853449797,3860,0.8658185050640524
initial,3861,3,0.7751015219066866,3861,0.9190716548535103
initial,3862,3,0.8224398239727364,3862,0.8236918310507608
initial,3863,3,0.8117870590224116,3863,0.9261248150276727
initial,3864,3,0.9566190920116935,3864,0.9322831921394776
initial,3865,3,0.6979052754240651,3865,0.899002768423919
initial,3866,3,0.8369037312028582,3866,0.8944313827876231
initial,3867,3,0.9488145278493842,3867,0.9643105959700985
initial,3868,3,0.9161578788662995,3868,0.8920254209061385
initial,3869,3,0.9496272373333894,3869,0.946487898539062
initial,3870,3,0.8249215801644524,3870,0.9094478212895447
initial,3871,3,0.7127146956844781,3871,0.9645645386483596
initial,3872,3,0.9151679541914184,3872,0.9018552471626066
initial,3873,3,0.7938831817557761,3873,0.9618785649183161
initial,3874,3,0.7291144343621391,3874,0.8935395017467876
initial,3875,3,0.97107690941865,3875,0.9350952536267835
initial,3876,3,0.8643404228710643,3876,0.9167490756956096
initial,3877,3,0.9071991960620722,3877,0.846449616141565
initial,3878,3,0.9361976044313367,3878,0.9599149141790391
initial,3879,3,0.7776260614743442,3879,0.8804619757776442
initial,3880,3,0.8660177545119876,3880,0.9527955554908139
initial,3881,3,0.9077132191105135,3881,0.9182847786648685
initial,3882,3,0.895770455183541,3882,0.9793728527578809
initial,3883,3,0.9214179626384971,3883,0.9106506453115246
initial,3884,3,0.9774234938135843,3884,0.859571661986394
initial,3885,3,0.8644078186186923,3885,0.8881560462075992
initial,3886,3,0.9406983177741047,3886,0.9305278535079735
initial,3887,3,0.9845124875142719,3887,0.7919485323200756
initial,3888,3,0.7278230307903628,3888,0.7955161051353492
initial,3889,3,0.8809163102569713,3889,0.9016763261267025
initial,3890,3,0.9410397201820908,3890,0.9518101355750004
initial,3891,3,0.7151461241321606,3891,0.9471459903946224
initial,3892,3,0.9732726346787828,3892,0.9339842485757719
initial,3893,3,0.920425838333145,3893,0.9396711220051492
initial,3894,3,0.7394148726367021,3894,0.8694957896581252
initial,3895,3,0.9610859725581808,3895,0.8973208961253201
initial,3896,3,0.8832705942247654,3896,0.9443296231139541
initial,3897,3,0.9243254102818413,3897,0.9269405967140103
initial,3898,3,0.8570653668771088,3898,0.895733761260041
initial,3899,3,0.8870947064783025,3899,0.9043063856161235
initial,3900,3,0.8643470903446862,3900,0.8960293677717934
initial,3901,3,0.8998754421619726,3901,0.9807100269498792
initial,3902,3,0.8056298702715574,3902,0.9254617303257985
initial,3903,3,0.6674210999598176,3903,0.9701071407845396
initial,3904,3,0.9230772003843641,3904,0.9193762407938832
initial,3905,3,0.769805720454428,3905,0.7953089761694123
initial,3906,3,0.9142704439848484,3906,0.9190542961506736
initial,3907,3,0.7874244575284636,3907,0.9040805262106938
initial,3908,3,0.9675102126478097,3908,0.9318584387898682
initial,3909,3,0.9389445513558526,3909,0.9859197477009995
initial,3910,3,0.9873353993941122,3910,0.8280807119807241
initial,3911,3,0.9054280647381955,3911,0.903533677308989
initial,3912,3,0.9106132817604465,3912,0.8800907827470603
initial,3913,3,0.9730566623761884,3913,0.9068108324429345
initial,3914,3,0.9534576596656974,3914,0.945259760075748
initial,3915,3,0.7239977296984721,3915,0.9084154249816689
initial,3916,3,0.8756590961479458,3916,0.9233727776729399
initial,3917,3,0.9226216035401091,3917,0.8890009398766746
initial,3918,3,0.5947197202902893,3918,0.968002618943964
initial,3919,3,0.9329194463483803,3919,0.8162409446536891
initial,3920,3,0.785066348361442,3920,0.9446236037482174
initial,3921,3,0.7696922322312616,3921,0.858926344847291
initial,3922,3,0.8305060334644565,3922,0.9675749673560066
initial,3923,3,0.8679575336460875,3923,0.8378701768708221
initial,3924,3,0.7352016169338201,3924,0.8936991286208416
initial,3925,3,0.9733277070835324,3925,0.8132398974161407
initial,3926,3,0.9090924102685163,3926,0.7352929494554231
initial,3927,3,0.9551732182259034,3927,0.9620252211398276
initial,3928,3,0.9857568984547942,3928,0.9538365626938045
initial,3929,3,0.7780248110545214,3929,0.8566721650870556
initial,3930,3,0.9706623970239612,3930,0.7537127696141317
initial,3931,3,0.9466701220121037,3931,0.8543512182915096
initial,3932,3,0.8689860126743901,3932,0.8835472450927164
initial,3933,3,0.7915801997126712,3933,0.9782429917671929
initial,3934,3,0.9157158128591419,3934,0.9643900579544074
initial,3935,3,0.9464062413107366,3935,0.9704005459764147
initial,3936,3,0.8317738572697676,3936,0.9190744660300008
initial,3937,3,0.9870953087795832,3937,0.8955197136537283
initial,3938,3,0.7705996712258738,3938,0.8531156728812739
initial,3939,3,0.9606492855503663,3939,0.9163662661620431
initial,3940,3,0.9634680531000814,3940,0.9451033382477847
initial,3941,3,0.9068731435372606,3941,0.919925247182048
initial,3942,3,0.8153390458146006,3942,0.8822023326055762
initial,3943,3,0.9417342474571715,3943,0.9175675493288593
initial,3944,3,0.8136575818615637,3944,0.9421707589084249
initial,3945,3,0.8792295959820148,3945,0.959906931103895
initial,3946,3,0.90722339800135,3946,0.9495483815044132
initial,3947,3,0.5948365595882533,3947,0.947207597332012
initial,3948,3,0.8967815331344533,3948,0.9185713593242983
initial,3949,3,0.7982720990754062,3949,0.953353333930958
initial,3950,3,0.9173537087739339,3950,0.9567640050926
initial,3951,3,0.731878652406598,3951,0.9548706008419331
initial,3952,3,0.7388784068547607,3952,0.8973756920311183
initial,3953,3,0.8124773490743356,3953,0.8827580474273641
initial,3954,3,0.8918595055178737,3954,0.8370046220351742
initial,3955,3,0.8528830751748995,3955,0.755028037084496
initial,3956,3,0.9152246801915664,3956,0.9247541917508015
initial,3957,3,0.8743001008465723,3957,0.9378859660602548
initial,3958,3,0.7076295294019872,3958,0.9515899852977172
initial,3959,3,0.9285989833120156,3959,0.8239771604792218
initial,3960,3,0.9371847899823409,3960,0.8806886797624522
initial,3961,3,0.8894774249576471,3961,0.7321865203212735
initial,3962,3,0.9205814956574958,3962,0.846608986481956
initial,3963,3,0.9644870025952578,3963,0.9516827828972303
initial,3964,3,0.9699022295168133,3964,0.9504894696959973
initial,3965,3,0.7309022326950612,3965,0.8435828607269895
initial,3966,3,0.7086314248236997,3966,0.9083958442462671
initial,3967,3,0.9486088005787864,3967,0.9440676316094818
initial,3968,3,0.7700240346195146,3968,0.8818178625380906
initial,3969,3,0.9153127192077672,3969,0.9682869521298179
initial,3970,3,0.8864593870815816,3970,0.8582647833495423
initial,3971,3,0.8714727559720228,3971,0.9545777350711349
initial,3972,3,0.8742071707375492,3972,0.8082638897640539
initial,3973,3,0.9562500021814846,3973,0.8926748349155249
initial,3974,3,0.9531656867943539,3974,0.9298597761825141
initial,3975,3,0.9342069906908503,3975,0.960840361790907
initial,3976,3,0.9729059668762792,3976,0.9194832768639382
initial,3977,3,0.7536352123327252,3977,0.9592494144147756
initial,3978,3,0.8810825991293989,3978,0.9596953585386685
initial,3979,3,0.9155050626217336,3979,0.9581252953434879
initial,3980,3,0.827713457886585,3980,0.9182707022881935
initial,3981,3,0.8556064752650043,3981,0.974753358324827
initial,3982,3,0.9477709695686486,3982,0.822419808242956
initial,3983,3,0.6957927663307211,3983,0.9719942899540528
initial,3984,3,0.8285010113477058,3984,0.9594973916953189
initial,3985,3,0.9799454437198662,3985,0.9305697272102877
initial,3986,3,0.923818798456886,3986,0.9527923874941747
initial,3987,3,0.7416056215681744,3987,0.9216608220378493
initial,3988,3,0.9215523360712311,3988,0.9346647077105199
initial,3989,3,0.9324928509469941,3989,0.9646065770645078
initial,3990,3,0.6491818274284271,3990,0.9588174506876832
initial,3991,3,0.813491528587043,3991,0.9171969124154965
initial,3992,3,0.8985199699691981,3992,0.8376566396718774
initial,3993,3,0.7821270226805056,3993,0.8877219006067253
initial,3994,3,0.931550977932182,3994,0.8553932051436639
initial,3995,3,0.8951236558061912,3995,0.8122951489891033
initial,3996,3,0.8595273598949613,3996,0.8859957243373767
initial,3997,3,0.899970549342598,3997,0.9402158900792903
initial,3998,3,0.9278571815479453,3998,0.9235024162985078
initial,3999,3,0.900291663914087,3999,0.8780696351343659
initial,4000,3,0.8098454526075991,4000,0.9277868609746951
initial,4001,3,0.9851668913024827,4001,0.9596239209210673
initial,4002,3,0.8807587373195946,4002,0.9541724147984318
initial,4003,3,0.8495788161276381,4003,0.8972320640971947
initial,4004,3,0.7529253718512179,4004,0.9084552946648747
initial,4005,3,0.817442623562679,4005,0.9337402712634624
initial,4006,3,0.9086893501392829,4006,0.9587102200578385
initial,4007,3,0.956031118938645,4007,0.9115323219628206
initial,4008,3,0.7871501514778936,4008,0.894564379798745
initial,4009,3,0.6307006712831564,4009,0.8949729122465722
initial,4010,3,0.9772335493624933,4010,0.8547206034429422
initial,4011,3,0.6129772669657482,4011,0.9419443984789847
initial,4012,3,0.869456509549871,4012,0.959505812724463
initial,4013,3,0.9331271107344946,4013,0.9589821335069921
initial,4014,3,0.8343358336155167,4014,0.8848740546818059
initial,4015,3,0.8493948358685708,4015,0.9652729399117932
initial,4016,3,0.8848941514049777,4016,0.8558816930913481
initial,4017,3,0.891737146186963,4017,0.849950674835765
initial,4018,3,0.831632208082806,4018,0.9525031408619312
initial,4019,3,0.9876629753769128,4019,0.8341205485417855
initial,4020,3,0.9510153130129242,4020,0.9427190821247657
initial,4021,3,0.9384059476579192,4021,0.9786476514989002
initial,4022,3,0.722860437866861,4022,0.9453114837077006
initial,4023,3,0.9584021481920859,4023,0.8537929936222638
initial,4024,3,0.8306839794734839,4024,0.8700527371738694
initial,4025,3,0.7890409460279912,4025,0.9009957860072724
initial,4026,3,0.752780643527829,4026,0.9620383429900126
initial,4027,3,0.9266284934109663,4027,0.9551405586007703
initial,4028,3,0.8989951629250699,4028,0.9070068208215639
initial,4029,3,0.7959651369808378,4029,0.9572194107419172
initial,4030,3,0.7519550158551946,4030,0.8671702018838778
initial,4031,3,0.9640361287534538,4031,0.9672886388979958
initial,4032,3,0.8522440319178191,4032,0.9779846832855926
initial,4033,3,0.7572931179818722,4033,0.7843066089822013
initial,4034,3,0.9126652626169816,4034,0.9370529016902193
initial,4035,3,0.7658779248260228,4035,0.8544911110022811
initial,4036,3,0.879404193902336,4036,0.9015974400142485
initial,4037,3,0.8205035834560535,4037,0.921919034327187
initial,4038,3,0.9750617712692493,4038,0.9528205472309103
initial,4039,3,0.9443259328121891,4039,0.9517815049763044
initial,4040,3,0.9420324021764885,4040,0.9231556130466222
initial,4041,3,0.8615119303879593,4041,0.9475112578695816
initial,4042,3,0.792486474019855,4042,0.9617401804837822
initial,4043,3,0.7411583930205627,4043,0.9338092543766967
initial,4044,3,0.900281804706915,4044,0.8794928837778995
initial,4045,3,0.7398999347932775,4045,0.8012375747914388
initial,4046,3,0.8846383058956353,4046,0.8699450940762898
initial,4047,3,0.7128552125730376,4047,0.9684168563764388
initial,4048,3,0.7442224814881667,4048,0.8754270779606714
initial,4049,3,0.9169505913264563,4049,0.8029800904370736
initial,4050,3,0.8630582250658148,4050,0.8368322604124852
initial,4051,3,0.7690665691107113,4051,0.9034870557941159
initial,4052,3,0.9650104927389931,4052,0.9692279254247845
initial,4053,3,0.8450078140325598,4053,0.9458429405859783
initial,4054,3,0.9213442137946617,4054,0.9703930763624868
initial,4055,3,0.9415586440912993,4055,0.9700066976688115
initial,4056,3,0.9512119027312412,4056,0.9219249925721027
initial,4057,3,0.810983270756177,4057,0.9635492654727207
initial,4058,3,0.8493556284494067,4058,0.909916239791891
initial,4059,3,0.9147466702907084,4059,0.8379348637305457
initial,4060,3,0.8806793809405451,4060,0.871029918587063
initial,4061,3,0.9167055133551847,4061,0.899817690221321
initial,4062,3,0.9597208138233183,4062,0.8950928793350845
initial,4063,3,0.9508075539079963,4063,0.9080758766736391
initial,4064,3,0.8082601971464431,4064,0.9315569544664564
initial,4065,3,0.7659677298511096,4065,0.927711936291862
initial,4066,3,0.9136923885910802,4066,0.9358858673617847
initial,4067,3,0.7637616284597428,4067,0.9482271762164521
initial,4068,3,0.7745730060519419,4068,0.8643745451168587
initial,4069,3,0.6953374751027783,4069,0.9523970982544478
initial,4070,3,0.9145926046393011,4070,0.9398119364451732
initial,4071,3,0.8773733761141553,4071,0.935864430162064
initial,4072,3,0.9332341906469199,4072,0.8299228394033681
initial,4073,3,0.8645006861221574,4073,0.9349387276200862
initial,4074,3,0.8758843552211223,4074,0.8655522621798486
initial,4075,3,0.7966938551316174,4075,0.9285696247240582
initial,4076,3,0.9570403258046344,4076,0.9146056516854728
initial,4077,3,0.9500461700540932,4077,0.9842816723397563
initial,4078,3,0.8352649944417978,4078,0.9501379079360661
initial,4079,3,0.7560588956507064,4079,0.9044264817219034
initial,4080,3,0.697481823295391,4080,0.9323242827521362
initial,4081,3,0.8819096664428263,4081,0.9222274812110977
initial,4082,3,0.866889395491057,4082,0.9137409894435236
initial,4083,3,0.8881254814439465,4083,0.9641772714831343
initial,4084,3,0.9246622255958441,4084,0.9106351190304303
initial,4085,3,0.9039692142080848,4085,0.9526903570424866
initial,4086,3,0.8955360529639622,4086,0.8631601522184484
initial,4087,3,0.8224989179282327,4087,0.8219490899220949
initial,4088,3,0.8684902056298146,4088,0.818031868208059
initial,4089,3,0.9629978566433887,4089,0.8880519755730508
initial,4090,3,0.9279632059519465,4090,0.927843055739824
initial,4091,3,0.9551030801868465,4091,0.8926810801067475
initial,4092,3,0.7984737215915204,4092,0.9206841180157511
initial,4093,3,0.6643012572928741,4093,0.9654290331088684
initial,4094,3,0.9804250065456293,4094,0.8875763736807702
initial,4095,3,0.6726076972860323,4095,0.8087822342284061
initial,4096,3,0.9307103207650356,4096,0.9222250957514782
initial,4097,3,0.7734337691995998,4097,0.9663396955165775
initial,4098,3,0.7996248472743557,4098,0.9547915821791428
initial,4099,3,0.8668262702459664,4099,0.9255369544872958
initial,4100,3,0.8212719276240414,4100,0.9431511161090824
initial,4101,3,0.774924732189137,4101,0.9217140525366261
initial,4102,3,0.9272171339536243,4102,0.8637904665661467
initial,4103,3,0.7372768405428938,4103,0.9052488992715984
initial,4104,3,0.9839525672588365,4104,0.8398043485185113
initial,4105,3,0.825105122117801,4105,0.7937823428266166
initial,4106,3,0.9738300494244346,4106,0.877931233196436
initial,4107,3,0.6295284287252856,4107,0.9010003851801907
initial,4108,3,0.8693235046358034,4108,0.8094380555734475
initial,4109,3,0.8194931677008759,4109,0.9634617135531203
initial,4110,3,0.851150138838473,4110,0.877316320497065
initial,4111,3,0.7862516626858584,4111,0.8987950419926366
initial,4112,3,0.8112117914649015,4112,0.9448737619703064
initial,4113,3,0.744873117282802,4113,0.879556985474677
initial,4114,3,0.7789117497945064,4114,0.8831710326253726
initial,4115,3,0.9023747478548603,4115,0.9208608023659617
initial,4116,3,0.9611467189455221,4116,0.9384599083372014
initial,4117,3,0.9227486263046728,4117,0.8796739177903135
initial,4118,3,0.9468933891149209,4118,0.8905026775720698
initial,4119,3,0.957009645732001,4119,0.896886660175936
initial,4120,3,0.9768998055209821,4120,0.8968218261148599
initial,4121,3,0.7409242127850182,4121,0.9307889351628753
initial,4122,3,0.7117865042236127,4122,0.9675582387464856
initial,4123,3,0.7654286626724598,4123,0.9482847964690864
initial,4124,3,0.9660164374709177,4124,0.9723625425817606
initial,4125,3,0.761971238013597,4125,0.9037386579441199
initial,4126,3,0.9815904537924369,4126,0.9296739546787104
initial,4127,3,0.7106981813019846,4127,0.8548878156781083
initial,4128,3,0.9283990397174954,4128,0.9141582055159526
initial,4129,3,0.7751108067973982,4129,0.9227670552249934
initial,4130,3,0.9040737758332168,4130,0.9358502559154942
initial,4131,3,0.8976971172407097,4131,0.968626448825255
initial,4132,3,0.8748800463067992,4132,0.9466387368564355
initial,4133,3,0.6818627395575599,4133,0.8751043657257525
initial,4134,3,0.8659935959104842,4134,0.9295205863608547
initial,4135,3,0.7056204020818153,4135,0.9395895004917776
initial,4136,3,0.9300436586943165,4136,0.9346442554420773
initial,4137,3,0.9273669010338491,4137,0.8696995536483177
initial,4138,3,0.8579890208317625,4138,0.8541590009282362
initial,4139,3,0.9460078130930993,4139,0.8790361305355484
initial,4140,3,0.8229306009744224,4140,0.9488274594096124
initial,4141,3,0.9523962791132549,4141,0.7977687897817837
initial,4142,3,0.9494989046602438,4142,0.9256899807709554
initial,4143,3,0.828612109527191,4143,0.889269724349162
initial,4144,3,0.8799400867329354,4144,0.9615048509417052
initial,4145,3,0.8452138377183283,4145,0.8932501334156853
initial,4146,3,0.9845790551626394,4146,0.7888163683221046
initial,4147,3,0.7418421626427035,4147,0.8464290390107101
initial,4148,3,0.8616429356373303,4148,0.7486289101026271
initial,4149,3,0.807416746642863,4149,0.8651941682052606
initial,4150,3,0.8640695440609767,4150,0.8454705260681834
initial,4151,3,0.9677866864828576,4151,0.8927816919473521
initial,4152,3,0.9807009430253357,4152,0.9838036951211668
initial,4153,3,0.8623650144019473,4153,0.9108254480727851
initial,4154,3,0.7858187185603009,4154,0.9326029103528788
initial,4155,3,0.9375654946674993,4155,0.9033298931555854
initial,4156,3,0.7060889959663468,4156,0.8925033920246122
initial,4157,3,0.9292622120054443,4157,0.7825074286862994
initial,4158,3,0.7648959100187462,4158,0.8561831129601041
initial,4159,3,0.8834374682526183,4159,0.9070192853012122
initial,4160,3,0.6319928008125257,4160,0.9388196504654329
initial,4161,3,0.9192666592596817,4161,0.8283018014543311
initial,4162,3,0.7421688951908303,4162,0.9666759478216076
initial,4163,3,0.9191445904127549,4163,0.8841491922551079
initial,4164,3,0.8181626176080166,4164,0.7674713220501101
initial,4165,3,0.8355723379557999,4165,0.852385041766254
initial,4166,3,0.7474454692994359,4166,0.8585867618242251
initial,4167,3,0.8095767570131513,4167,0.946598731228011
initial,4168,3,0.977307270087905,4168,0.768163337151319
initial,4169,3,0.84012362797249,4169,0.8596844803907353
initial,4170,3,0.9628919277635266,4170,0.8765364553756195
initial,4171,3,0.9000356016442099,4171,0.9797198186689553
initial,4172,3,0.8202468697758514,4172,0.9399046781238825
initial,4173,3,0.9010476267369402,4173,0.8678826029272813
initial,4174,3,0.7914312026116199,4174,0.9190933028271701
initial,4175,3,0.869961634331438,4175,0.9042419597228155
initial,4176,3,0.8509917613252028,4176,0.8925607713890693
initial,4177,3,0.7515187568846573,4177,0.9370600304803438
initial,4178,3,0.8131168741056264,4178,0.9457467901873254
initial,4179,3,0.9727330081541821,4179,0.9551762114028866
initial,4180,3,0.9001583155404441,4180,0.9664904884531131
initial,4181,3,0.763068363370941,4181,0.9532924977077087
initial,4182,3,0.8768704620808931,4182,0.8802085217643234
initial,4183,3,0.9293647266342054,4183,0.9653780479386906
initial,4184,3,0.7591636203007962,4184,0.9416942343486606
initial,4185,3,0.8529918624988426,4185,0.8694810958598999
initial,4186,3,0.8964281213171164,4186,0.9189405169750345
initial,4187,3,0.8930612876421151,4187,0.8764827814165761
initial,4188,3,0.97800874138395,4188,0.8911092770065506
initial,4189,3,0.8136002057436384,4189,0.9061700199687968
initial,4190,3,0.8164906287848754,4190,0.8724492569333986
initial,4191,3,0.9276989730242184,4191,0.9040544139671438
initial,4192,3,0.6884762559037775,4192,0.9205986999567854
initial,4193,3,0.918285252802745,4193,0.8731498551444766
initial,4194,3,0.8994591876753146,4194,0.8869225709343245
initial,4195,3,0.9279470106107446,4195,0.9069093258039876
initial,4196,3,0.7298080309056906,4196,0.9331078087920793
initial,4197,3,0.8297295191172647,4197,0.9099700793903169
initial,4198,3,0.8543507965398627,4198,0.943837692686676
initial,4199,3,0.9634117109701961,4199,0.9034837182161795
initial,4200,3,0.856864139447403,4200,0.8383401526706127
final,0,0,0.5724797040872694,0,0.0
final,0,0,0.7047922534727192,0,0.0
final,0,0,0.5953649198083657,0,0.0
final,0,0,0.5939763618003664,0,0.0
final,0,0,0.5407990351346439,0,0.0
final,0,0,0.5134115223944862,0,0.0
final,0,0,0.505562156002029,0,0.0
final,0,0,0.6148988020545144,0,0.0
final,0,0,0.5762439523517426,0,0.0
final,0,0,0.5385696701823305,0,0.0
final,0,0,0.50857233955929,0,0.0
final,0,0,0.5959661902395716,0,0.0
final,0,0,0.7237728838620257,0,0.0
final,0,0,0.7963995383830994,0,0.0
final,0,0,0.8209538546483295,0,0.0
final,0,0,0.5640543637476925,0,0.0
final,0,0,0.7944949216608748,0,0.0
final,0,0,0.5211881592451697,0,0.0
final,0,0,0.5856402218152255,0,0.0
final,0,0,0.5098948320600702,0,0.0
final,0,0,0.6620653475335487,0,0.0
final,0,0,0.996603763342523,0,0.0
final,0,0,0.8916393312782009,0,0.0
final,0,0,0.5993867778931959,0,0.0
final,0,0,0.5030621730134663,0,0.0
final,0,0,0.5494147023708025,0,0.0
final,0,0,0.6545697859020517,0,0.0
final,0,0,0.506994895469408,0,0.0
final,0,0,0.5065987951410098,0,0.0
final,0,0,0.9273365609109263,0,0.0
final,0,0,0.5925470491002951,0,0.0
final,0,0,0.6023994304697837,0,0.0
final,0,0,0.5602519478766869,0,0.0
final,0,0,0.5796016657880989,0,0.0
final,0,0,0.5719545254533486,0,0.0
final,0,0,0.8975923410450268,0,0.0
final,0,0,0.7841136719599138,0,0.0
final,0,0,0.8165656259894013,0,0.0
final,0,0,0.5509661275125217,0,0.0
final,0,0,0.5026008118524753,0,0.0
final,0,0,0.5102914545992546,0,0.0
final,0,0,0.6476156492566111,0,0.0
final,0,0,0.5203826863925678,0,0.0
final,0,0,0.8566661621953258,0,0.0
final,0,0,0.6824643393010696,0,0.0
final,0,0,0.7122081898730441,0,0.0
final,0,0,0.6093643158698562,0,0.0
final,0,0,0.6473570168229634,0,0.0
final,0,0,0.5082020961910129,0,0.0
final,0,0,0.892693380675684,0,0.0
final,0,0,0.9573844516672043,0,0.0
final,0,0,0.604070975876713,0,0.0
final,0,0,0.8606923242396685,0,0.0
final,0,0,0.5566759134720153,0,0.0
final,0,0,0.683855735576606,0,0.0
final,0,0,0.5261480347789369,0,0.0
final,0,0,0.9829006800728937,0,0.0
final,0,0,0.8082625024422769,0,0.0
final,0,0,0.5556012098455396,0,0.0
final,0,0,0.7311866883613427,0,0.0
final,0,0,0.5273677132152287,0,0.0
final,0,0,0.5065300896280903,0,0.0
final,0,0,0.5788915409069324,0,0.0
final,0,0,0.87474755379755,0,0.0
final,0,0,0.5928854356664107,0,0.0
final,0,0,0.5132563801827619,0,0.0
final,0,0,0.5684770717126826,0,0.0
final,0,0,0.5550911813629312,0,0.0
final,0,0,0.5519875555374363,0,0.0
final,0,0,0.8557430852349123,0,0.0
final,0,0,0.5886685801405834,0,0.0
final,0,0,0.7590976167732238,0,0.0
final,0,0,0.5020441499664228,0,0.0
final,0,0,0.5649895766253539,0,0.0
final,0,0,0.8002482688605999,0,0.0
final,0,0,0.5457811492999194,0,0.0
final,0,0,0.8769813110959107,0,0.0
final,0,0,0.5783444644504687,0,0.0
final,0,0,0.6455821054886036,0,0.0
final,0,0,0.8745669007876534,0,0.0
final,0,0,0.533361559876402,0,0.0
final,0,0,0.5156629231573704,0,0.0
final,0,0,0.8342831280050036,0,0.0
final,0,0,0.6545603735638208,0,0.0
final,0,0,0.515294192009229,0,0.0
final,0,0,0.5679651384358162,0,0.0
final,0,0,0.5127921699624705,0,0.0
final,0,0,0.5112629035887778,0,0.0
final,0,0,0.5612205815185916,0,0.0
final,0,0,0.928575030813998,0,0.0
final,0,0,0.7405952695074212,0,0.0
final,0,0,0.9449734384948394,0,0.0
final,0,0,0.5059652259632911,0,0.0
final,0,0,0.5437903692469022,0,0.0
final,0,0,0.6789329591995271,0,0.0
final,0,0,0.8101459855848019,0,0.0
final,0,0,0.8139462324916775,0,0.0
final,0,0,0.8120108324171151,0,0.0
final,0,0,0.5598444409121672,0,0.0
final,0,0,0.754852057915048,0,0.0
final,0,0,0.5166124536088205,0,0.0
final,0,0,0.5539154452662898,0,0.0
final,0,0,0.981241121872499,0,0.0
final,0,0,0.6816638034492054,0,0.0
final,0,0,0.6738831259476568,0,0.0
final,0,0,0.5474012180815225,0,0.0
final,0,0,0.6036212873001017,0,0.0
final,0,0,0.8112682744445812,0,0.0
final,0,0,0.6056503095248771,0,0.0
final,0,0,0.5149811431558893,0,0.0
final,0,0,0.9362652455401851,0,0.0
final,0,0,0.5454657750576373,0,0.0
final,0,0,0.6648801875027285,0,0.0
final,0,0,0.5776183043675852,0,0.0
final,0,0,0.5457734630953984,0,0.0
final,0,0,0.5259248695522672,0,0.0
final,0,0,0.7937861985085688,0,0.0
final,0,0,0.6130230577815593,0,0.0
final,0,0,0.5739848191680142,0,0.0
final,0,0,0.5287498010949672,0,0.0
final,0,0,0.5214624006222277,0,0.0
final,0,0,0.5197692805171364,0,0.0
final,0,0,0.663624302286135,0,0.0
final,0,0,0.5701089312294296,0,0.0
final,0,0,0.5524829617682854,0,0.0
final,0,0,0.6725078097334056,0,0.0
final,0,0,0.8143726301809548,0,0.0
final,0,0,0.6978861374145809,0,0.0
final,0,0,0.5890851723694315,0,0.0
final,0,0,0.6523135101523232,0,0.0
final,0,0,0.7144604756607943,0,0.0
final,0,0,0.8246766174964089,0,0.0
final,0,0,0.5167407774986308,0,0.0
final,0,0,0.9864004337338816,0,0.0
final,0,0,0.9793873413638268,0,0.0
final,0,0,0.6423087462926417,0,0.0
final,0,0,0.5760620444080629,0,0.0
final,0,0,0.5713104032093717,0,0.0
final,0,0,0.9135667803581433,0,0.0
final,0,0,0.8641516837470135,0,0.0
final,0,0,0.5163359155651669,0,0.0
final,0,0,0.5826411517273293,0,0.0
final,0,0,0.6172865570792903,0,0.0
final,0,0,0.6526199531978478,0,0.0
final,0,0,0.5127727422949184,0,0.0
final,0,0,0.584996191434061,0,0.0
final,0,0,0.5234788018426829,0,0.0
final,0,0,0.6054956857277555,0,0.0
final,0,0,0.5244045197902651,0,0.0
final,0,0,0.7247509261198989,0,0.0
final,0,0,0.7177070351028935,0,0.0
final,0,0,0.5545305369577409,0,0.0
final,0,0,0.6240617374225066,0,0.0
final,0,0,0.5919062985491516,0,0.0
final,0,0,0.5817668714156665,0,0.0
final,0,0,0.5499841298168088,0,0.0
final,0,0,0.820825782409529,0,0.0
final,0,0,0.6521255061717637,0,0.0
final,0,0,0.6662447485691403,0,0.0
final,0,0,0.5048519996017142,0,0.0
final,0,0,0.9458565322127255,0,0.0
final,0,0,0.5633819823793224,0,0.0
final,0,0,0.5241678633410303,0,0.0
final,0,0,0.5488502024139779,0,0.0
final,0,0,0.5138781159937855,0,0.0
final,0,0,0.7518266836733146,0,0.0
final,0,0,0.5850023560842673,0,0.0
final,0,0,0.5229712742181288,0,0.0
final,0,0,0.5423441289711242,0,0.0
final,0,0,0.5025106162889518,0,0.0
final,0,0,0.5577349357865824,0,0.0
final,0,0,0.769846718964135,0,0.0
final,0,0,0.6317828694403956,0,0.0
final,0,0,0.6009941898475768,0,0.0
final,0,0,0.5208908075789939,0,0.0
final,0,0,0.5546353188824965,0,0.0
final,0,0,0.5038726172958675,0,0.0
final,0,0,0.5596805165185122,0,0.0
final,0,0,0.5063103185309332,0,0.0
final,0,0,0.8052808281942021,0,0.0
final,0,0,0.7213266331642907,0,0.0
final,0,0,0.5419691318771328,0,0.0
final,0,0,0.5334553781609072,0,0.0
final,0,0,0.5585385048943793,0,0.0
final,0,0,0.5117778172055766,0,0.0
final,0,0,0.9277062530608914,0,0.0
final,0,0,0.555022516268012,0,0.0
final,0,0,0.6966276501450901,0,0.0
final,0,0,0.5913273562020853,0,0.0
final,0,0,0.5430858755287197,0,0.0
final,0,0,0.5203667717161814,0,0.0
final,0,0,0.5116530037556185,0,0.0
final,0,0,0.6025861629524991,0,0.0
final,0,0,0.7391285433493036,0,0.0
final,0,0,0.6607547511832941,0,0.0
final,0,0,0.5121456366150461,0,0.0
final,0,0,0.601993657114868,0,0.0
final,0,0,0.5047309738759984,0,0.0
final,0,0,0.625494080050952,0,0.0
final,0,0,0.5417335839962161,0,0.0
final,0,0,0.7186582386727532,0,0.0
final,0,0,0.5107253295582749,0,0.0
final,0,0,0.9881232519710312,0,0.0
final,0,0,0.5059904400641463,0,0.0
final,0,0,0.6792337436060656,0,0.0
final,0,0,0.6723588925277609,0,0.0
final,0,0,0.9021929658316903,0,0.0
final,0,0,0.01,0,0.0
final,0,0,0.010922330097087379,0,0.0
final,0,0,0.011844660194174758,0,0.0
final,0,0,0.012766990291262137,0,0.0
final,0,0,0.013689320388349515,0,0.0
final,0,0,0.014611650485436892,0,0.0
final,0,0,0.015533980582524271,0,0.0
final,0,0,0.01645631067961165,0,0.0
final,0,0,0.01737864077669903,0,0.0
final,0,0,0.018300970873786408,0,0.0
final,0,0,0.019223300970873786,0,0.0
final,0,0,0.020145631067961165,0,0.0
final,0,0,0.021067961165048544,0,0.0
final,0,0,0.021990291262135923,0,0.0
final,0,0,0.0229126213592233,0,0.0
final,0,0,0.02383495145631068,0,0.0
final,0,0,0.02475728155339806,0,0.0
final,0,0,0.025679611650485434,0,0.0
final,0,0,0.026601941747572813,0,0.0
final,0,0,0.027524271844660192,0,0.0
final,0,0,0.02844660194174757,0,0.0
final,0,0,0.02936893203883495,0,0.0
final,0,0,0.03029126213592233,0,0.0
final,0,0,0.031213592233009707,0,0.0
final,0,0,0.032135922330097086,0,0.0
final,0,0,0.033058252427184465,0,0.0
final,0,0,0.03398058252427184,0,0.0
final,0,0,0.03490291262135922,0,0.0
final,0,0,0.0358252427184466,0,0.0
final,0,0,0.03674757281553398,0,0.0
final,0,0,0.03766990291262136,0,0.0
final,0,0,0.03859223300970874,0,0.0
final,0,0,0.039514563106796116,0,0.0
final,0,0,0.040436893203883495,0,0.0
final,0,0,0.041359223300970874,0,0.0
final,0,0,0.04228155339805825,0,0.0
final,0,0,0.04320388349514563,0,0.0
final,0,0,0.04412621359223301,0,0.0
final,0,0,0.04504854368932039,0,0.0
final,0,0,0.04597087378640777,0,0.0
final,0,0,0.046893203883495146,0,0.0
final,0,0,0.047815533980582525,0,0.0
final,0,0,0.048737864077669904,0,0.0
final,0,0,0.04966019417475728,0,0.0
final,0,0,0.05058252427184466,0,0.0
final,0,0,0.05150485436893204,0,0.0
final,0,0,0.05242718446601942,0,0.0
final,0,0,0.0533495145631068,0,0.0
final,0,0,0.05427184466019418,0,0.0
final,0,0,0.055194174757281556,0,0.0
final,0,0,0.056116504854368934,0,0.0
final,0,0,0.05703883495145631,0,0.0
final,0,0,0.05796116504854369,0,0.0
final,0,0,0.05888349514563107,0,0.0
final,0,0,0.05980582524271845,0,0.0
final,0,0,0.06072815533980583,0,0.0
final,0,0,0.06165048543689321,0,0.0
final,0,0,0.06257281553398059,0,0.0
final,0,0,0.06349514563106796,0,0.0
final,0,0,0.06441747572815534,0,0.0
final,0,0,0.06533980582524272,0,0.0
final,0,0,0.0662621359223301,0,0.0
final,0,0,0.06718446601941748,0,0.0
final,0,0,0.06810679611650486,0,0.0
final,0,0,0.06902912621359224,0,0.0
final,0,0,0.06995145631067962,0,0.0
final,0,0,0.070873786407767,0,0.0
final,0,0,0.07179611650485437,0,0.0
final,0,0,0.07271844660194174,0,0.0
final,0,0,0.07364077669902912,0,0.0
final,0,0,0.0745631067961165,0,0.0
final,0,0,0.07548543689320387,0,0.0
final,0,0,0.07640776699029125,0,0.0
final,0,0,0.07733009708737863,0,0.0
final,0,0,0.07825242718446601,0,0.0
final,0,0,0.07917475728155339,0,0.0
final,0,0,0.08009708737864077,0,0.0
final,0,0,0.08101941747572815,0,0.0
final,0,0,0.08194174757281553,0,0.0
final,0,0,0.0828640776699029,0,0.0
final,0,0,0.08378640776699028,0,0.0
final,0,0,0.08470873786407766,0,0.0
final,0,0,0.08563106796116504,0,0.0
final,0,0,0.08655339805825242,0,0.0
final,0,0,0.0874757281553398,0,0.0
final,0,0,0.08839805825242718,0,0.0
final,0,0,0.08932038834951456,0,0.0
final,0,0,0.09024271844660194,0,0.0
final,0,0,0.09116504854368931,0,0.0
final,0,0,0.0920873786407767,0,0.0
final,0,0,0.09300970873786407,0,0.0
final,0,0,0.09393203883495145,0,0.0
final,0,0,0.09485436893203883,0,0.0
final,0,0,0.09577669902912621,0,0.0
final,0,0,0.09669902912621359,0,0.0
final,0,0,0.09762135922330097,0,0.0
final,0,0,0.09854368932038834,0,0.0
final,0,0,0.09946601941747572,0,0.0
final,0,0,0.1003883495145631,0,0.0
final,0,0,0.10131067961165048,0,0.0
final,0,0,0.10223300970873786,0,0.0
final,0,0,0.10315533980582524,0,0.0
final,0,0,0.10407766990291262,0,0.0
final,0,0,0.105,0,0.0
final,0,0,0.10592233009708737,0,0.0
final,0,0,0.10684466019417475,0,0.0
final,0,0,0.10776699029126213,0,0.0
final,0,0,0.10868932038834951,0,0.0
final,0,0,0.10961165048543689,0,0.0
final,0,0,0.11053398058252427,0,0.0
final,0,0,0.11145631067961165,0,0.0
final,0,0,0.11237864077669903,0,0.0
final,0,0,0.1133009708737864,0,0.0
final,0,0,0.11422330097087378,0,0.0
final,0,0,0.11514563106796116,0,0.0
final,0,0,0.11606796116504854,0,0.0
final,0,0,0.11699029126213592,0,0.0
final,0,0,0.1179126213592233,0,0.0
final,0,0,0.11883495145631068,0,0.0
final,0,0,0.11975728155339806,0,0.0
final,0,0,0.12067961165048544,0,0.0
final,0,0,0.12160194174757281,0,0.0
final,0,0,0.12252427184466019,0,0.0
final,0,0,0.12344660194174757,0,0.0
final,0,0,0.12436893203883495,0,0.0
final,0,0,0.12529126213592234,0,0.0
final,0,0,0.1262135922330097,0,0.0
final,0,0,0.1271359223300971,0,0.0
final,0,0,0.12805825242718447,0,0.0
final,0,0,0.12898058252427186,0,0.0
final,0,0,0.12990291262135922,0,0.0
final,0,0,0.13082524271844662,0,0.0
final,0,0,0.13174757281553398,0,0.0
final,0,0,0.13266990291262137,0,0.0
final,0,0,0.13359223300970874,0,0.0
final,0,0,0.13451456310679613,0,0.0
final,0,0,0.1354368932038835,0,0.0
final,0,0,0.1363592233009709,0,0.0
final,0,0,0.13728155339805825,0,0.0
final,0,0,0.13820388349514565,0,0.0
final,0,0,0.139126213592233,0,0.0
final,0,0,0.1400485436893204,0,0.0
final,0,0,0.14097087378640777,0,0.0
final,0,0,0.14189320388349516,0,0.0
final,0,0,0.14281553398058253,0,0.0
final,0,0,0.14373786407766992,0,0.0
final,0,0,0.14466019417475728,0,0.0
final,0,0,0.14558252427184468,0,0.0
final,0,0,0.14650485436893204,0,0.0
final,0,0,0.14742718446601943,0,0.0
final,0,0,0.1483495145631068,0,0.0
final,0,0,0.1492718446601942,0,0.0
final,0,0,0.15019417475728156,0,0.0
final,0,0,0.15111650485436895,0,0.0
final,0,0,0.15203883495145631,0,0.0
final,0,0,0.1529611650485437,0,0.0
final,0,0,0.15388349514563107,0,0.0
final,0,0,0.15480582524271846,0,0.0
final,0,0,0.15572815533980583,0,0.0
final,0,0,0.15665048543689322,0,0.0
final,0,0,0.1575728155339806,0,0.0
final,0,0,0.15849514563106798,0,0.0
final,0,0,0.15941747572815534,0,0.0
final,0,0,0.16033980582524274,0,0.0
final,0,0,0.1612621359223301,0,0.0
final,0,0,0.1621844660194175,0,0.0
final,0,0,0.16310679611650486,0,0.0
final,0,0,0.16402912621359225,0,0.0
final,0,0,0.16495145631067962,0,0.0
final,0,0,0.165873786407767,0,0.0
final,0,0,0.16679611650485437,0,0.0
final,0,0,0.16771844660194177,0,0.0
final,0,0,0.16864077669902913,0,0.0
final,0,0,0.16956310679611653,0,0.0
final,0,0,0.1704854368932039,0,0.0
final,0,0,0.17140776699029128,0,0.0
final,0,0,0.17233009708737865,0,0.0
final,0,0,0.17325242718446604,0,0.0
final,0,0,0.1741747572815534,0,0.0
final,0,0,0.1750970873786408,0,0.0
final,0,0,0.17601941747572816,0,0.0
final,0,0,0.17694174757281556,0,0.0
final,0,0,0.17786407766990292,0,0.0
final,0,0,0.1787864077669903,0,0.0
final,0,0,0.17970873786407768,0,0.0
final,0,0,0.18063106796116507,0,0.0
final,0,0,0.18155339805825244,0,0.0
final,0,0,0.18247572815533983,0,0.0
final,0,0,0.1833980582524272,0,0.0
final,0,0,0.18432038834951459,0,0.0
final,0,0,0.18524271844660195,0,0.0
final,0,0,0.18616504854368934,0,0.0
final,0,0,0.1870873786407767,0,0.0
final,0,0,0.1880097087378641,0,0.0
final,0,0,0.18893203883495147,0,0.0
final,0,0,0.18985436893203886,0,0.0
final,0,0,0.19077669902912622,0,0.0
final,0,0,0.19169902912621362,0,0.0
final,0,0,0.19262135922330098,0,0.0
final,0,0,0.19354368932038837,0,0.0
final,0,0,0.19446601941747574,0,0.0
final,0,0,0.19538834951456313,0,0.0
final,0,0,0.1963106796116505,0,0.0
final,0,0,0.1972330097087379,0,0.0
final,0,0,0.19815533980582525,0,0.0
final,0,0,0.19907766990291265,0,0.0
final,0,0,0.2,0,0.0
final,1,0,0.6519959476365607,1,0.9798743266710171
final,2,0,0.8391660379329922,2,0.873492160797644
final,3,0,0.8354857053100179,3,0.8845977116738708
final,4,0,0.8615415316744762,4,0.8752740383726478
final,5,0,0.8250596571220635,5,0.9219557198809822
final,6,0,0.9562235555914431,6,0.8617571995345858
final,7,0,0.8450139789347297,7,0.9723127559994502
final,8,0,0.8107020563308021,8,0.9422735917112577
final,9,0,0.8121023737645328,9,0.9539327820954338
final,10,0,0.9395843474362413,10,0.8126029994030561
final,11,0,0.9116438312133757,11,0.9867116909325733
final,12,0,0.8828533864716827,12,0.9736049146608714
final,13,0,0.8428858631956084,13,0.8000613351567791
final,14,0,0.7531598483110657,14,0.9607946646901855
final,15,0,0.9338166676807956,15,0.9340558213609191
final,16,0,0.9664646944501187,16,0.9259095935124414
final,17,0,0.9476023512094163,17,0.8933162708051934
final,18,0,0.8827370387018418,18,0.8832767259540627
final,19,0,0.9620656347847534,19,0.9492795365904056
final,20,0,0.9226545576116172,20,0.9363466075670082
final,21,0,0.9054129678407895,21,0.9703117101759338
final,22,0,0.7112901121693154,22,0.9371691873545801
final,23,0,0.921555186485514,23,0.9526162860348935
final,24,0,0.9136862173218483,24,0.8890914664949303
final,25,0,0.7899580574616325,25,0.8998247902614334
final,26,0,0.8562090672520672,26,0.9354469371420382
final,27,0,0.8232040204014621,27,0.8854818020973384
final,28,0,0.961666792018819,28,0.8912922823602434
final,29,0,0.8874865554567999,29,0.9584198920269138
final,30,0,0.9528504087086871,30,0.9279299016347862
final,31,0,0.9236209418137724,31,0.9644402139570025
final,32,0,0.8956845292402166,32,0.9523231577497231
final,33,0,0.9089064934940803,33,0.9260841857336377
final,34,0,0.9462104256840328,34,0.9091754188549053
final,35,0,0.7419101393533792,35,0.9085362796832285
final,36,0,0.9248761636636836,36,0.9767341235334416
final,37,0,0.9359717486357237,37,0.9610385499904088
final,38,0,0.987601851094846,38,0.830807829517114
final,39,0,0.7204846055025378,39,0.941300471158949
final,40,0,0.7334948280698746,40,0.893531981916929
final,41,0,0.9131650725884246,41,0.9191744748080131
final,42,0,0.8300170339048326,42,0.8781237024995443
final,43,0,0.8231819897838986,43,0.9159260444935005
final,44,0,0.8166872747042044,44,0.9129561071578616
final,45,0,0.9405387570514913,45,0.9017033764997591
final,46,0,0.9085621393997018,46,0.9806295204876863
final,47,0,0.8638567255123732,47,0.9762346760468282
final,48,0,0.7430603558449895,48,0.9536862488140846
final,49,0,0.66915826302216,49,0.9703869016995738
final,50,0,0.8965854879516804,50,0.9752186847534793
final,51,0,0.6731983792434884,51,0.9010650707725649
final,52,0,0.8425579500475867,52,0.9188769216825172
final,53,0,0.7600129500186181,53,0.9217127053838821
final,54,0,0.9567323187332568,54,0.9573340763369228
final,55,0,0.7777358106541851,55,0.9187740677494698
final,56,0,0.947451886826309,56,0.9284924339528086
final,57,0,0.9830187366499246,57,0.8700454524210237
final,58,0,0.8392404779677214,58,0.9475455516160979
final,59,0,0.7704287893855741,59,0.8538325752865261
final,60,0,0.8662930765621918,60,0.95762967394183
final,61,0,0.9408750802675068,61,0.9066964220604938
final,62,0,0.9556586850659716,62,0.8709076385038397
final,63,0,0.7716378683057981,63,0.9440040846392173
final,64,0,0.6688822410587216,64,0.8888718921537666
final,65,0,0.8732979959099025,65,0.9158585281685023
final,66,0,0.7948565227397448,66,0.9512541429868504
final,67,0,0.911745864982533,67,0.97614735242487
final,68,0,0.679024952529218,68,0.9197261151629473
final,69,0,0.9150954762751299,69,0.8367512436516972
final,70,0,0.8900097328392389,70,0.9228764709315084
final,71,0,0.6351826902841045,71,0.8851450286795305
final,72,0,0.9797714462455624,72,0.8386458928396685
final,73,0,0.8564080450859861,73,0.8209543183602616
final,74,0,0.9633614315092778,74,0.8380720831124429
final,75,0,0.7842297485212675,75,0.9417035014727326
final,76,0,0.8412364622855517,76,0.9682764963386179
final,77,0,0.910022582283164,77,0.9584449344485582
final,78,0,0.8543439380664928,78,0.9228826788967114
final,79,0,0.7321636121719152,79,0.9755120406976614
final,80,0,0.9040489126013055,80,0.9685666772704349
final,81,0,0.9159547825542321,81,0.9087783471148285
final,82,0,0.8164008242384044,82,0.954224606330797
final,83,0,0.8841111960756678,83,0.9280240770879812
final,84,0,0.9177634936537299,84,0.844150044013118
final,85,0,0.920432053607398,85,0.9563080835757356
final,86,0,0.913371149825914,86,0.9561958107541488
final,87,0,0.6957252780310071,87,0.791579837332292
final,88,0,0.7802394631107679,88,0.8082058686163377
final,89,0,0.8941159049127638,89,0.8106596552336329
final,90,0,0.92560577038039,90,0.9275321275002739
final,91,0,0.69925227517046,91,0.9539599900811704
final,92,0,0.9065637499253703,92,0.8830180468299981
final,93,0,0.8726640894533475,93,0.9673104076520683
final,94,0,0.8181243695448205,94,0.9279511149255641
final,95,0,0.8390069750524691,95,0.6749247120111872
final,96,0,0.9576692760762864,96,0.8895438953407866
final,97,0,0.8762645319409709,97,0.8352360796726545
final,98,0,0.949989720512421,98,0.8799514235249855
final,99,0,0.7426038465137165,99,0.9431533613570309
final,100,0,0.9687736517956759,100,0.8485152980487108
final,101,0,0.9526289512436805,101,0.8148756149766455
final,102,0,0.9355447307269702,102,0.9451809271926047
final,103,0,0.9824369387422964,103,0.8934378788871021
final,104,0,0.8800102450371916,104,0.967705988439567
final,105,0,0.887007697918911,105,0.7032269915595628
final,106,0,0.9662644172957696,106,0.8768699173652519
final,107,0,0.8837072693617112,107,0.9597205740453079
final,108,0,0.856993429207221,108,0.9471854768598689
final,109,0,0.9100043714502359,109,0.8118036557057635
final,110,0,0.7321955259770475,110,0.9730887732698869
final,111,0,0.8680474894444299,111,0.8737850134910907
final,112,0,0.8941337489883909,112,0.9569762653146043
final,113,0,0.8317815683697736,113,0.9526449493187211
final,114,0,0.7299184777125716,114,0.9454980480462449
final,115,0,0.866217824543251,115,0.8432553720677003
final,116,0,0.8732163042390646,116,0.9440411139231164
final,117,0,0.5800882766909191,117,0.9054151247245094
final,118,0,0.9300983681444728,118,0.976052103360509
final,119,0,0.7740179507124568,119,0.8861342443267558
final,120,0,0.9078330202168392,120,0.94138902694339
final,121,0,0.8955333951463975,121,0.8382868315470867
final,122,0,0.8716343588099617,122,0.870941208469028
final,123,0,0.7822811024986476,123,0.9681432604495459
final,124,0,0.7417480955360067,124,0.8348756026810085
final,125,0,0.955252992050924,125,0.9668781639803444
final,126,0,0.9252763344262045,126,0.9650043768787255
final,127,0,0.8358009974542966,127,0.9458772089656031
final,128,0,0.9158769492624778,128,0.8825844137574362
final,129,0,0.7994062630422132,129,0.927970323641633
final,130,0,0.5909644739736972,130,0.8038245065565315
final,131,0,0.8354230040730972,131,0.9409258679006265
final,132,0,0.9156657995790862,132,0.9039758878483561
final,133,0,0.9082726848865278,133,0.8755867818572318
final,134,0,0.8677210838524871,134,0.9569056292577336
final,135,0,0.8190163477005653,135,0.9239917164834084
final,136,0,0.8989364645118326,136,0.8893593748077282
final,137,0,0.7161927711764416,137,0.877258691649456
final,138,0,0.8213669035425955,138,0.9572242772587256
final,139,0,0.9311185933121493,139,0.980248649441652
final,140,0,0.8519791724371207,140,0.9449688298103252
final,141,0,0.9622619236736019,141,0.9393703158909692
final,142,0,0.9135100941415281,142,0.9646808078191212
final,143,0,0.8836017178786615,143,0.8566672151551202
final,144,0,0.7647975193502137,144,0.9361399974673543
final,145,0,0.8342552654662996,145,0.9647211335100022
final,146,0,0.8267178028444131,146,0.8618268342047395
final,147,0,0.8753368150699165,147,0.9126169319100059
final,148,0,0.8190175137884935,148,0.9291495867552828
final,149,0,0.965507692179864,149,0.915989153871846
final,150,0,0.8980423899791709,150,0.9442386411165945
final,151,0,0.7293890680325189,151,0.8769283037961562
final,152,0,0.8874355332311579,152,0.9031103912332303
final,153,0,0.7674314842304306,153,0.8534888609897737
final,154,0,0.973521903661852,154,0.7750293047724377
final,155,0,0.9292089617199134,155,0.8919813278887536
final,156,0,0.7465359606309937,156,0.9206648448606811
final,157,0,0.7647327991749,157,0.8916958710616181
final,158,0,0.793635860261229,158,0.8236606986958361
final,159,0,0.9297405609015761,159,0.967791092272856
final,160,0,0.729423535440798,160,0.8173846071455022
final,161,0,0.8604386866783599,161,0.8559866704507224
final,162,0,0.6723531236367375,162,0.8636890617918555
final,163,0,0.9167303096798158,163,0.8936590192295165
final,164,0,0.799715950099515,164,0.9633691221350803
final,165,0,0.8301233338993573,165,0.8953003146160897
final,166,0,0.8966641510066634,166,0.8031832474028705
final,167,0,0.7350691768950304,167,0.8579111897218823
final,168,0,0.9542091925575567,168,0.9410156016311445
final,169,0,0.9259981317666909,169,0.951037531028447
final,170,0,0.7940118821646949,170,0.9389255800970582
final,171,0,0.8453947024735032,171,0.8701069632411775
final,172,0,0.9675735294864389,172,0.9287187782525461
final,173,0,0.8109335525724486,173,0.8241834130703429
final,174,0,0.8350717877137708,174,0.9418791986839958
final,175,0,0.8263984816931891,175,0.9539405006238872
final,176,0,0.9414933280236989,176,0.9862889104178909
final,177,0,0.919024737588156,177,0.9670402984344786
final,178,0,0.8327004097933446,178,0.7872643057159647
final,179,0,0.9433268310537481,179,0.9021286247818177
final,180,0,0.8201030481977234,180,0.9842611122710037
final,181,0,0.8795661475001215,181,0.8118546676621423
final,182,0,0.9286420251385538,182,0.8591675789129454
final,183,0,0.8652422782253938,183,0.7813010976922219
final,184,0,0.7665152466236341,184,0.8489183087913112
final,185,0,0.8396406406050664,185,0.8593150257420852
final,186,0,0.8912808792406057,186,0.9443102505588306
final,187,0,0.8266581656306045,187,0.9066620081944066
final,188,0,0.9464752779102659,188,0.8682117241576957
final,189,0,0.8442071517314873,189,0.8694379467907597
final,190,0,0.9406338206677316,190,0.9062780348873654
final,191,0,0.9856947258166282,191,0.8687696486836156
final,192,0,0.7424106049287138,192,0.757861115384246
final,193,0,0.8424747642507955,193,0.9036459800872985
final,194,0,0.9038552250424092,194,0.8513378399097702
final,195,0,0.7314616355066972,195,0.9753928442742488
final,196,0,0.9579748627131119,196,0.8681706666958942
final,197,0,0.7261803100587929,197,0.8944416777740872
final,198,0,0.6892085637571568,198,0.9082996880542522
final,199,0,0.8991300042698349,199,0.8724641495820784
final,200,0,0.9196466734515358,200,0.9629540774358321
final,201,0,0.7184833523181098,201,0.9400339277121303
final,202,0,0.7060645712707011,202,0.8370272457436254
final,203,0,0.7228259216992559,203,0.9865798311428895
final,204,0,0.6471396403357995,204,0.8423594766433109
final,205,0,0.9348131255992449,205,0.8915638216559648
final,206,0,0.6932147110325508,206,0.956628134641009
final,207,0,0.7307160834423994,207,0.9351511460254065
final,208,0,0.8100907774803708,208,0.8863841510631845
final,209,0,0.9889385765671574,209,0.82396481291518
final,210,0,0.8917784254311759,210,0.86900407455004
final,211,0,0.7618667835748776,211,0.9737772293021575
final,212,0,0.7716752453798956,212,0.885905935098487
final,213,0,0.7933341291352785,213,0.9650249129694712
final,214,0,0.7559890389403005,214,0.9221182928825782
final,215,0,0.8926118508968899,215,0.8874298500529235
final,216,0,0.9455269304632719,216,0.9682295449869021
final,217,0,0.9700039105722679,217,0.9687254158036767
final,218,0,0.8436770888778864,218,0.9750183811786853
final,219,0,0.9488218925252011,219,0.9069954660446722
final,220,0,0.9741130142323349,220,0.9155977281449225
final,221,0,0.9097749127506662,221,0.9745451418659592
final,222,0,0.909518309667682,222,0.9347436601465271
final,223,0,0.9186541859295505,223,0.7980809956674517
final,224,0,0.813653834422105,224,0.7835701334025367
final,225,0,0.8560558732019263,225,0.8850998949422807
final,226,0,0.8915168142614973,226,0.8599367017234556
final,227,0,0.891206475782381,227,0.8686417614315648
final,228,0,0.8694048337212301,228,0.930047241249943
final,229,0,0.9753557221715392,229,0.9826771667853329
final,230,0,0.9750594340152973,230,0.8774910085588441
final,231,0,0.9304087013507896,231,0.8943992052606509
final,232,0,0.7130667529587488,232,0.8822374490643186
final,233,0,0.8211260104003966,233,0.8970729537697926
final,234,0,0.7820121387747565,234,0.9124991093537029
final,235,0,0.9815365260497472,235,0.8394116442581392
final,236,0,0.8411983549522298,236,0.9122027171749642
final,237,0,0.9741580523627094,237,0.9313239036004823
final,238,0,0.7579565194487979,238,0.940293210014407
final,239,0,0.8691769264135032,239,0.9460288711367864
final,240,0,0.8952998125570333,240,0.9392254281934995
final,241,0,0.9022964022952603,241,0.9880382860640133
final,242,0,0.8503474316250472,242,0.8286044929834457
final,243,0,0.9416213131026205,243,0.9007429942963473
final,244,0,0.8132639825693188,244,0.763589889411149
final,245,0,0.9064972442163509,245,0.9005367110372211
final,246,0,0.9494781225556561,246,0.9488049504090652
final,247,0,0.979108889532204,247,0.8898955599083207
final,248,0,0.7328483823695253,248,0.7469209082449713
final,249,0,0.9253823268228628,249,0.8742116371398767
final,250,0,0.9377903611017242,250,0.8461384620256174
final,251,0,0.9490934597658677,251,0.9334254835592086
final,252,0,0.9006798237377655,252,0.9479408007462129
final,253,0,0.8217751619065574,253,0.8168422882592452
final,254,0,0.8003545567468267,254,0.9259132977685893
final,255,0,0.9046847016443489,255,0.9324467466178057
final,256,0,0.8822771323153473,256,0.7973440668621612
final,257,0,0.7058258869485765,257,0.9669241601078852
final,258,0,0.9557151606469694,258,0.9411455755978653
final,259,0,0.8986074819957932,259,0.9398921276584591
final,260,0,0.8515315615654908,260,0.9761606094266699
final,261,0,0.8997271085501906,261,0.9386488021512764
final,262,0,0.8767351646309315,262,0.8047937740385056
final,263,0,0.8183266382590587,263,0.9263024265752684
final,264,0,0.9736275905675642,264,0.9580524540965738
final,265,0,0.8453135323211045,265,0.8148737298611467
final,266,0,0.9397895404638416,266,0.9199510223640852
final,267,0,0.9764396346934994,267,0.8192901087026542
final,268,0,0.9395400360987644,268,0.8647603739852661
final,269,0,0.8218769891521287,269,0.925498747012299
final,270,0,0.9162957575335617,270,0.9585253525032515
final,271,0,0.8245473715387925,271,0.911194472140221
final,272,0,0.882994697813262,272,0.9490218265023711
final,273,0,0.722201554615078,273,0.9374042826919671
final,274,0,0.7998761749566725,274,0.8419969519180113
final,275,0,0.9281151526458842,275,0.9588234058475085
final,276,0,0.9037783611086216,276,0.9209659897153628
final,277,0,0.9149031266647691,277,0.9545976238249301
final,278,0,0.8568276384620621,278,0.9147816104642857
final,279,0,0.8011654194140841,279,0.9666477743272572
final,280,0,0.8633369544377949,280,0.8441341912133464
final,281,0,0.7197474823274457,281,0.9262348053030782
final,282,0,0.7501514149643236,282,0.9332241564495269
final,283,0,0.8234628786278442,283,0.9547947898523301
final,284,0,0.9627768557235634,284,0.9417229547045959
final,285,0,0.9800914223754771,285,0.912474401777061
final,286,0,0.7357521017691314,286,0.8853844999675078
final,287,0,0.8454906958130491,287,0.9085250307426431
final,288,0,0.9121300084603903,288,0.9340947841335893
final,289,0,0.965028425682077,289,0.9625162691380551
final,290,0,0.9467893625655909,290,0.9756038564171186
final,291,0,0.8845521040450839,291,0.9205831561525755
final,292,0,0.8518371236077658,292,0.941706642814444
final,293,0,0.8676267249880881,293,0.8618197512126697
final,294,0,0.8699608301445388,294,0.8988702811415015
final,295,0,0.9154198979945938,295,0.8947270057939548
final,296,0,0.9197367593958156,296,0.928455819480529
final,297,0,0.9405583494634264,297,0.9798332197393727
final,298,0,0.960114169315377,298,0.8681786804595386
final,299,0,0.9005570110806543,299,0.890299538515668
final,300,0,0.8379412629716472,300,0.9764240857169488
final,301,0,0.8440934622286131,301,0.9567018108299097
final,302,0,0.858835880499951,302,0.8694223372562098
final,303,0,0.9170040808389486,303,0.9221835204230842
final,304,0,0.7908673824609757,304,0.8836325449411202
final,305,0,0.8851367628764581,305,0.8458023490032683
final,306,0,0.9744662358866418,306,0.9488580142252734
final,307,0,0.833204401654777,307,0.8817013267707461
final,308,0,0.9863734811204967,308,0.8663815643850976
final,309,0,0.982606660567944,309,0.8019476298286731
final,310,0,0.8138769111382371,310,0.9171266329864831
final,311,0,0.8389213648150806,311,0.9556200988819816
final,312,0,0.8043566246559843,312,0.9639736316973994
final,313,0,0.881122734076633,313,0.8795434895165164
final,314,0,0.917992542120363,314,0.9861414836093992
final,315,0,0.9620377863869624,315,0.9100560503575702
final,316,0,0.8646053120145177,316,0.9519691582303962
final,317,0,0.8712388401250664,317,0.9049739513307518
final,318,0,0.8345456902223829,318,0.9211202556259437
final,319,0,0.8486993449411099,319,0.8830075079578312
final,320,0,0.7813043060249159,320,0.9700995046402325
final,321,0,0.905390662602999,321,0.8442477323361409
final,322,0,0.9063594656738791,322,0.9874705380083793
final,323,0,0.9027997802133416,323,0.8408696687854937
final,324,0,0.9529595932207175,324,0.9469320809377824
final,325,0,0.877338815526318,325,0.8924391250944766
final,326,0,0.8553538044554447,326,0.9306666552729788
final,327,0,0.8493673396192054,327,0.8113307431911176
final,328,0,0.7241632046129757,328,0.9109172132314578
final,329,0,0.9511606787781661,329,0.872607618549429
final,330,0,0.8777820104824521,330,0.8288234929747832
final,331,0,0.9844686545563175,331,0.9422418220081017
final,332,0,0.8310878090922871,332,0.8665745925452715
final,333,0,0.969529878004381,333,0.8832862774901151
final,334,0,0.7836234404724204,334,0.9437515275043218
final,335,0,0.8857526629125015,335,0.9359055600654784
final,336,0,0.9855209274341339,336,0.9181893575955429
final,337,0,0.7178342742143515,337,0.945643008235002
final,338,0,0.9345698763149,338,0.9693016864912057
final,339,0,0.8480489186137565,339,0.932798854613187
final,340,0,0.8035918195665375,340,0.9421910350971161
final,341,0,0.8688666438805275,341,0.9737923150406158
final,342,0,0.7317351965192157,342,0.9498757791436307
final,343,0,0.9666181587722769,343,0.9483137218293498
final,344,0,0.7893564486194189,344,0.9047493158315689
final,345,0,0.8224531251032967,345,0.8973857565538657
final,346,0,0.8667330978081308,346,0.9487196106410869
final,347,0,0.8655432684213074,347,0.8488079670559479
final,348,0,0.9219270480230466,348,0.8317781906585393
final,349,0,0.7189467587186611,349,0.9002890628143284
final,350,0,0.9300619630861581,350,0.8895117774851637
final,351,0,0.8426524405985063,351,0.9526967814403347
final,352,0,0.8762247341933118,352,0.9246870715270872
final,353,0,0.9097435475556996,353,0.9012327570299761
final,354,0,0.8656877663607356,354,0.8823641282629964
final,355,0,0.890042669066492,355,0.941483902043921
final,356,0,0.8606824747493782,356,0.9210861151232519
final,357,0,0.7859156814231008,357,0.8837297864281397
final,358,0,0.8880043041293996,358,0.9609389426158808
final,359,0,0.9110803580236557,359,0.8700933071665822
final,360,0,0.9012675498371794,360,0.9828598917520488
final,361,0,0.7924272192016091,361,0.9395471122894885
final,362,0,0.7905144923463914,362,0.9606286046023378
final,363,0,0.7900566533874566,363,0.9089201608538344
final,364,0,0.8059263094450084,364,0.9133366355567425
final,365,0,0.9814274702799093,365,0.9589720577233433
final,366,0,0.7128203007425796,366,0.9177736969331283
final,367,0,0.7141904198923524,367,0.9165724470654795
final,368,0,0.8168625229235668,368,0.8702176347262035
final,369,0,0.872025701940973,369,0.8560525244125858
final,370,0,0.9200238892326698,370,0.9547973314032769
final,371,0,0.9396058581045228,371,0.9287351058617315
final,372,0,0.8098493747219613,372,0.8518368567852501
final,373,0,0.9330958065169868,373,0.9185877051669316
final,374,0,0.9221524717022489,374,0.9203502747331912
final,375,0,0.9524874870661557,375,0.8489456176146621
final,376,0,0.7431685265707129,376,0.8711034014261172
final,377,0,0.9658056255750882,377,0.9605242380035139
final,378,0,0.8996829183399437,378,0.8522256451482904
final,379,0,0.8835178329702006,379,0.8794863438628509
final,380,0,0.8233650573979825,380,0.9847451120315923
final,381,0,0.9103634062187894,381,0.9032369019885115
final,382,0,0.872416534401037,382,0.6773390877652463
final,383,0,0.8476058853608162,383,0.9505613599923791
final,384,0,0.8139452064660493,384,0.9699575437721071
final,385,0,0.8220624278919131,385,0.8045862497909434
final,386,0,0.843273604728263,386,0.9331002487610767
final,387,0,0.8442144859284133,387,0.9718931476113988
final,388,0,0.6979268286756355,388,0.7946271699196908
final,389,0,0.8892101767820633,389,0.9391684600589985
final,390,0,0.88995228510962,390,0.9390265187205094
final,391,0,0.8532980397546432,391,0.8380570400367566
final,392,0,0.8667254436915814,392,0.9720443939135615
final,393,0,0.9023696818570206,393,0.9451693274403362
final,394,0,0.8637348496607086,394,0.9054342004577096
final,395,0,0.9677863786728484,395,0.8298885061872121
final,396,0,0.7988730372777006,396,0.9358202405897791
final,397,0,0.8232850252318558,397,0.9351998960375548
final,398,0,0.9318690368094503,398,0.8673136849106553
final,399,0,0.9022061363592635,399,0.9380064171108113
final,400,0,0.7532262289224633,400,0.8464915829725779
final,401,0,0.8613286092917152,401,0.8922255199531672
final,402,0,0.9351884104151935,402,0.8618545329578526
final,403,0,0.9233385118826412,403,0.9736050857659256
final,404,0,0.8606300112091221,404,0.8592588665517487
final,405,0,0.8745959279924358,405,0.9561184717550995
final,406,0,0.8506514984076281,406,0.9647079566772991
final,407,0,0.833391898856444,407,0.8704579095041245
final,408,0,0.7269352230216509,408,0.900295182957098
final,409,0,0.9455179755117792,409,0.9730593591651147
final,410,0,0.8874282475401697,410,0.9022757908709632
final,411,0,0.8315069284391676,411,0.8503813991487517
final,412,0,0.8935338807406633,412,0.8836168864720244
final,413,0,0.9474574922101482,413,0.926834453139832
final,414,0,0.7733033600431405,414,0.9214233114559711
final,415,0,0.8985919856426503,415,0.8919037019074617
final,416,0,0.8279654879702583,416,0.8499555983330818
final,417,0,0.7621784947740275,417,0.9106633545226839
final,418,0,0.9755382616831416,418,0.8208192490065849
final,419,0,0.7292448014390778,419,0.9438351873331083
final,420,0,0.8375799529772914,420,0.8413271437500249
final,421,0,0.8319883829183283,421,0.930345806267329
final,422,0,0.9763649061169788,422,0.9518672841714091
final,423,0,0.8614587412095517,423,0.8801157380806996
final,424,0,0.9534778324137854,424,0.8769756775788219
final,425,0,0.9070371466965466,425,0.807010142117745
final,426,0,0.8717594425381014,426,0.91475617106562
final,427,0,0.9000055040323479,427,0.9341485975399089
final,428,0,0.9504718798764025,428,0.793710594617602
final,429,0,0.7655972499226038,429,0.92246341080827
final,430,0,0.8819343814246047,430,0.949149084230976
final,431,0,0.7500444214972442,431,0.9414928082823607
final,432,0,0.8762444407116136,432,0.9080366712692918
final,433,0,0.9466897579757638,433,0.9686044943773378
final,434,0,0.881713095587672,434,0.9664228845280933
final,435,0,0.9329251438516907,435,0.9016997750322209
final,436,0,0.9400188863257146,436,0.9180101118317396
final,437,0,0.8613833015949476,437,0.8703520129960445
final,438,0,0.9889330274426805,438,0.7570977479955373
final,439,0,0.9277809815092046,439,0.9704762248168635
final,440,0,0.8567249471974135,440,0.9811938682769674
final,441,0,0.8449009488187094,441,0.9455271132992827
final,442,0,0.9081223247457486,442,0.9087727043611584
final,443,0,0.8687664533757292,443,0.9457953419191436
final,444,0,0.917775373813102,444,0.9864986062886014
final,445,0,0.9294473619103027,445,0.9536812907546459
final,446,0,0.9598868699387093,446,0.8465556089791362
final,447,0,0.9433318911742461,447,0.8655842620470964
final,448,0,0.7504133375130485,448,0.9241179029128158
final,449,0,0.930798322320205,449,0.876670032380235
final,450,0,0.8441440513766881,450,0.978712530189604
final,451,0,0.7802888988451913,451,0.9629484233581284
final,452,0,0.9328484067444711,452,0.9545099109766814
final,453,0,0.9510407529506413,453,0.9832973191856225
final,454,0,0.956313054235296,454,0.8094584504568323
final,455,0,0.8169193105771998,455,0.9098161952547785
final,456,0,0.7316813593541222,456,0.9051925155967164
final,457,0,0.9812143869047183,457,0.953898795265663
final,458,0,0.8797878967866957,458,0.8762705865197686
final,459,0,0.8264988126362955,459,0.9111086999111411
final,460,0,0.9866170814692206,460,0.887917236741633
final,461,0,0.8827580376921854,461,0.9278067796651743
final,462,0,0.8901235408437447,462,0.9447626383449088
final,463,0,0.8712065167985812,463,0.9441175127075762
final,464,0,0.7591767029635954,464,0.8736478719420103
final,465,0,0.9581571815013883,465,0.8647315245757408
final,466,0,0.9269294096178874,466,0.9002553093836851
final,467,0,0.8958342725709711,467,0.8538180217067561
final,468,0,0.6860611070213556,468,0.8442755028363701
final,469,0,0.8248590907548712,469,0.8756691497197109
final,470,0,0.895322301227728,470,0.9070819686373539
final,471,0,0.8733924669834487,471,0.9531727940256394
final,472,0,0.6202591286273518,472,0.8836621756372951
final,473,0,0.8892310207693384,473,0.9521094513305305
final,474,0,0.9541349483218777,474,0.9025776562799867
final,475,0,0.7365121796774444,475,0.8254893900990363
final,476,0,0.9200606726056506,476,0.9020250948355047
final,477,0,0.7708725083879411,477,0.9642727755306502
final,478,0,0.7474578827604953,478,0.9816423118577858
final,479,0,0.9512747461686524,479,0.8671334433347537
final,480,0,0.86641119310975,480,0.8648850270838553
final,481,0,0.8330986721947873,481,0.8899786047269579
final,482,0,0.7221633401921805,482,0.888846194615214
final,483,0,0.8707039650201045,483,0.835513631830404
final,484,0,0.9754976274712807,484,0.9360210525149226
final,485,0,0.9390701786034913,485,0.9519370491424324
final,486,0,0.9445904140092742,486,0.9274867165660297
final,487,0,0.8223538243590975,487,0.8793006375356993
final,488,0,0.9488957250421266,488,0.9392533371311264
final,489,0,0.926738868260278,489,0.9077522839808079
final,490,0,0.7042328714308005,490,0.9797487277229857
final,491,0,0.8131306330650836,491,0.9849266358412845
final,492,0,0.8135171518097702,492,0.8975685837322249
final,493,0,0.7906359591860255,493,0.8387336837882091
final,494,0,0.8801400948383864,494,0.9630954326202097
final,495,0,0.9316188562674352,495,0.8610726027493507
final,496,0,0.8187281765373794,496,0.9720984729939726
final,497,0,0.9790456582553693,497,0.8487267049415229
final,498,0,0.969560623722523,498,0.9266856335809264
final,499,0,0.842557797875908,499,0.8791208253483651
final,500,0,0.9061820377381974,500,0.8561422109049605
final,501,0,0.9520778530966294,501,0.9164771328508892
final,502,0,0.9677080712908026,502,0.8634329692429583
final,503,0,0.7423542822863707,503,0.8884130673364989
final,504,0,0.8969308670420277,504,0.9270966215412437
final,505,0,0.9209708115671214,505,0.8773996885394605
final,506,0,0.8330853808286534,506,0.9640203872797453
final,507,0,0.8990676658714128,507,0.867061579072419
final,508,0,0.8457854407430603,508,0.941593445681
final,509,0,0.9246471416000868,509,0.9703754055943377
final,510,0,0.8430385903299993,510,0.9523080392557586
final,511,0,0.9439403517292069,511,0.8859728717223433
final,512,0,0.7676142966042425,512,0.9355098315831003
final,513,0,0.8954873468227851,513,0.9048278162808904
final,514,0,0.6949456764911527,514,0.9157643679968277
final,515,0,0.7976033112107259,515,0.942266771202128
final,516,0,0.9078966505010307,516,0.9044597468979435
final,517,0,0.89679210210731,517,0.8943720840863576
final,518,0,0.808319573049172,518,0.9806982808041406
final,519,0,0.9574787806502324,519,0.9562760276834151
final,520,0,0.933902175754511,520,0.8583049214755913
final,521,0,0.8616510671790696,521,0.9865648077790472
final,522,0,0.9570502039415678,522,0.8631364340053245
final,523,0,0.976162311045734,523,0.9477535154467811
final,524,0,0.872435087636084,524,0.9546511700515496
final,525,0,0.7805798627296712,525,0.8434004871339891
final,526,0,0.9159390540015819,526,0.939700470147959
final,527,0,0.7394287039033374,527,0.8763536702792847
final,528,0,0.9530094872846078,528,0.9441895036722423
final,529,0,0.897242005504766,529,0.9470206016842971
final,530,0,0.7599768289322442,530,0.8908851980431693
final,531,0,0.8784546940390596,531,0.9239249304748778
final,532,0,0.9156145549964962,532,0.9608968363006498
final,533,0,0.9673370930107335,533,0.8368025177134975
final,534,0,0.7018308413224095,534,0.9325496103176567
final,535,0,0.9639752016272605,535,0.8857938183967113
final,536,0,0.7432476779467115,536,0.842315171443202
final,537,0,0.7825932763955743,537,0.818703744078859
final,538,0,0.8125345246323133,538,0.9475002030524047
final,539,0,0.9549419562893932,539,0.8184783714198782
final,540,0,0.701642227572038,540,0.9297628130438813
final,541,0,0.9505845233487733,541,0.9084654751719604
final,542,0,0.7811601157191375,542,0.7993717956703795
final,543,0,0.8842809169915399,543,0.9544857203294439
final,544,0,0.9072113328243914,544,0.925843484190543
final,545,0,0.7077282885145889,545,0.9437651794309613
final,546,0,0.9158715921777683,546,0.8326289291253263
final,547,0,0.9265814866257669,547,0.9540398215854287
final,548,0,0.8119931356285223,548,0.8521430584243183
final,549,0,0.8564903059609446,549,0.9336802700117919
final,550,0,0.9379393805217574,550,0.9431594290605767
final,551,0,0.723030694113171,551,0.9108274388271662
final,552,0,0.9508166235151578,552,0.9121219209110965
final,553,0,0.9709797372365132,553,0.9386804129086807
final,554,0,0.694594268177033,554,0.8682115295029708
final,555,0,0.8665826137815313,555,0.8664560438060137
final,556,0,0.9027943637084492,556,0.9212281529208617
final,557,0,0.9180824127993796,557,0.9152563942857953
final,558,0,0.7831759103476477,558,0.9203937343218965
final,559,0,0.9638394596663369,559,0.9256816904869511
final,560,0,0.9520263809406031,560,0.8737671241400045
final,561,0,0.9392460417633123,561,0.9667140369401546
final,562,0,0.9473072504259799,562,0.8602934033945402
final,563,0,0.8679171319824143,563,0.8966254058045975
final,564,0,0.9095395223648425,564,0.9231879955749558
final,565,0,0.7480136950497022,565,0.9557289430560494
final,566,0,0.9035662845864284,566,0.956415173889148
final,567,0,0.9088551311942283,567,0.870256310969918
final,568,0,0.9614288774612963,568,0.9879142003229922
final,569,0,0.7442951832665679,569,0.943676503016144
final,570,0,0.6661250927989982,570,0.8801620278550335
final,571,0,0.6785634766602877,571,0.8396743689642395
final,572,0,0.744128286865369,572,0.9513458434345659
final,573,0,0.7996290205576951,573,0.9048307189789057
final,574,0,0.9409640554431868,574,0.7742278495639704
final,575,0,0.8981953998050867,575,0.9499630354896218
final,576,0,0.9070551809337744,576,0.9605836922222482
final,577,0,0.9191872169396078,577,0.9448167674807539
final,578,0,0.7492450502432111,578,0.9640123582047906
final,579,0,0.8511015174628918,579,0.9134528350439883
final,580,0,0.7431647185333049,580,0.9288361528703002
final,581,0,0.8949754344570823,581,0.8959201983965891
final,582,0,0.9646654862161808,582,0.9193910412083253
final,583,0,0.7857279723507754,583,0.9208250872841044
final,584,0,0.9724571509024944,584,0.9438142498032163
final,585,0,0.9205588949286246,585,0.8806989079121526
final,586,0,0.7390728774784345,586,0.90145533881073
final,587,0,0.9577268623449849,587,0.8920219939251439
final,588,0,0.9846046798236867,588,0.9243012960225043
final,589,0,0.8807463247952649,589,0.9040628608723544
final,590,0,0.9098802708435607,590,0.9040941257825608
final,591,0,0.9669900536877813,591,0.7462901552996424
final,592,0,0.8961030403674748,592,0.9874993441328792
final,593,0,0.9058999715248095,593,0.8624447634856607
final,594,0,0.9504426304227797,594,0.889341142008603
final,595,0,0.8236929086449805,595,0.8637878054409335
final,596,0,0.769720581847517,596,0.7869625186597202
final,597,0,0.8038094680109791,597,0.8773662204036625
final,598,0,0.7022854462098407,598,0.9149035882163153
final,599,0,0.7821107983803348,599,0.9631369812250696
final,600,0,0.9321027053477502,600,0.9679107254332338
final,601,0,0.702080530331502,601,0.8628659246087349
final,602,0,0.7473786888646121,602,0.9455599529317127
final,603,0,0.839919781265724,603,0.9608571668797705
final,604,0,0.9128726719680083,604,0.930559156040294
final,605,0,0.9044041733971315,605,0.9282574048604963
final,606,0,0.9234553283785523,606,0.9066572731868268
final,607,0,0.6702842301176818,607,0.963019634544392
final,608,0,0.8672304715176243,608,0.8645016201175741
final,609,0,0.6297056008743938,609,0.957872998663275
final,610,0,0.8430910362171677,610,0.8967667540806681
final,611,0,0.8344761098844096,611,0.8480795640618828
final,612,0,0.9152457459155006,612,0.9156365109529112
final,613,0,0.8422273664626652,613,0.9543829918642908
final,614,0,0.8368179486170951,614,0.8696056960805696
final,615,0,0.8318965042712301,615,0.9663779125502859
final,616,0,0.8314378793943263,616,0.9217213188037727
final,617,0,0.9350259429741523,617,0.8853145882564881
final,618,0,0.8824737261299598,618,0.9391275067432575
final,619,0,0.9035037900025995,619,0.9282465595410055
final,620,0,0.9472305875289032,620,0.8914054678515351
final,621,0,0.7400691605818817,621,0.93497198894591
final,622,0,0.8507796940403172,622,0.9117908177585935
final,623,0,0.934063963083867,623,0.8722907557681612
final,624,0,0.8786306223477407,624,0.9037622924560433
final,625,0,0.9876114347959446,625,0.9405071523975084
final,626,0,0.8539373351219514,626,0.9032965346856159
final,627,0,0.8298575246637323,627,0.8791437396815045
final,628,0,0.8944203929895842,628,0.8538315267903577
final,629,0,0.8928521000948657,629,0.8233076677966429
final,630,0,0.7987630328389064,630,0.9320875056320063
final,631,0,0.7380454901795669,631,0.7901465406101372
final,632,0,0.885108858764038,632,0.9208606882222579
final,633,0,0.9794122924279953,633,0.9654579862835203
final,634,0,0.9434744237091708,634,0.9549056915364844
final,635,0,0.892752247403233,635,0.8444960259532328
final,636,0,0.86595330606408,636,0.9310510531163054
final,637,0,0.8688733156508512,637,0.92705478610096
final,638,0,0.940883415579768,638,0.9059171375229205
final,639,0,0.6287277460259464,639,0.94944291472559
final,640,0,0.7742742421089358,640,0.9086752309647785
final,641,0,0.7930887231609817,641,0.9729447371907185
final,642,0,0.7895801454596443,642,0.94731876856576
final,643,0,0.9344591472601146,643,0.9534419239492775
final,644,0,0.9672731323928847,644,0.751601562327734
final,645,0,0.8733215985980389,645,0.9736950568067588
final,646,0,0.9269032493190306,646,0.9243005722785413
final,647,0,0.9629571247752726,647,0.8845369207814002
final,648,0,0.8105882474548302,648,0.9592425019058015
final,649,0,0.6913316560238779,649,0.8969018713729366
final,650,0,0.9547918443328026,650,0.8675561174333201
final,651,0,0.8136308919521107,651,0.9374978035463195
final,652,0,0.9820616816131639,652,0.8124959119695527
final,653,0,0.779613676600482,653,0.8805390455490452
final,654,0,0.9421558340917595,654,0.9139591489340501
final,655,0,0.7847969904248763,655,0.9596180832143935
final,656,0,0.9286870354893627,656,0.9030630385753797
final,657,0,0.901920255254879,657,0.9836239919424143
final,658,0,0.632777784708089,658,0.9169560612319303
final,659,0,0.7116801552042372,659,0.8279427973278386
final,660,0,0.8738474499006962,660,0.9432402830278996
final,661,0,0.9401764603720213,661,0.8999328817465195
final,662,0,0.8345913486984589,662,0.7945698754826908
final,663,0,0.79245457113137,663,0.842629947242592
final,664,0,0.8254394754196124,664,0.899258117823266
final,665,0,0.8438690459578717,665,0.9123590110144817
final,666,0,0.799920456483178,666,0.9481838246505603
final,667,0,0.9596350026172114,667,0.9208376897005315
final,668,0,0.8343318427025921,668,0.9621040785034483
final,669,0,0.7802234370195515,669,0.8290829924734429
final,670,0,0.9387789300207898,670,0.8704746462630434
final,671,0,0.9309015264822877,671,0.8144982319017204
final,672,0,0.8108328170648662,672,0.8722009656880215
final,673,0,0.9032044185858735,673,0.8939913226851937
final,674,0,0.8562492743236163,674,0.8329162990034455
final,675,0,0.879960714120381,675,0.9189887365205702
final,676,0,0.869573553903866,676,0.9018016284137536
final,677,0,0.9741045785689346,677,0.917588889009151
final,678,0,0.7645554452897679,678,0.9526402619596754
final,679,0,0.8631749102001501,679,0.9252302015160923
final,680,0,0.7170513916766371,680,0.9254783176910691
final,681,0,0.8369866290260379,681,0.7960254732802076
final,682,0,0.8323434934446321,682,0.9230496356523703
final,683,0,0.9136158715459948,683,0.9242337134555668
final,684,0,0.8741812381131606,684,0.8768066302268803
final,685,0,0.70884899317311,685,0.901363000008558
final,686,0,0.9119283115627441,686,0.9437126723492709
final,687,0,0.9702414834494186,687,0.9035945367672062
final,688,0,0.9127367983946726,688,0.9618782514623289
final,689,0,0.9056381303572549,689,0.923419986856218
final,690,0,0.9381356424454589,690,0.938859108074589
final,691,0,0.940936337650667,691,0.8974327178028656
final,692,0,0.7365265142169266,692,0.9594177564909669
final,693,0,0.8407367615187846,693,0.9548275018294239
final,694,0,0.9045449750304335,694,0.9820512576922916
final,695,0,0.9276055293428542,695,0.8500506955758484
final,696,0,0.9440581260256848,696,0.8823158811320355
final,697,0,0.9881044025297538,697,0.7278325870593241
final,698,0,0.6066748161160638,698,0.9639840907412489
final,699,0,0.7031629525619489,699,0.9015749006149562
final,700,0,0.8380167316078825,700,0.9794341009809895
final,701,0,0.9755423507670887,701,0.9699563286095625
final,702,0,0.8448370933058074,702,0.8895159391612828
final,703,0,0.9525226610613444,703,0.9071210955442373
final,704,0,0.8918407736198726,704,0.8919554902514564
final,705,0,0.7973559061485935,705,0.902889552826061
final,706,0,0.7808532348891567,706,0.9645898562733004
final,707,0,0.8503178574298138,707,0.8874324106635048
final,708,0,0.8350103027060882,708,0.9570819972853898
final,709,0,0.9760809802636736,709,0.9706322454644722
final,710,0,0.9211874790911161,710,0.9532686497665301
final,711,0,0.8575068291642203,711,0.825937195734472
final,712,0,0.8791825016992627,712,0.957453810428728
final,713,0,0.9012570565996512,713,0.9195788253712807
final,714,0,0.7649677956007255,714,0.9508725923911139
final,715,0,0.7872449820170082,715,0.8497584360999701
final,716,0,0.8271704741825749,716,0.962413081109637
final,717,0,0.9611355170887377,717,0.9398869987074763
final,718,0,0.738041189530851,718,0.9397599194902617
final,719,0,0.6475770377679186,719,0.9058493489954171
final,720,0,0.7048497196391564,720,0.9563738867194427
final,721,0,0.9488853417865295,721,0.971360267471952
final,722,0,0.6220353547889157,722,0.9283918051702933
final,723,0,0.9335239226371032,723,0.883406866168993
final,724,0,0.9823585061756597,724,0.9515080225048
final,725,0,0.9438826997276328,725,0.9537456368447829
final,726,0,0.9486287383752403,726,0.7586416685430117
final,727,0,0.9535497302635165,727,0.9741818515621747
final,728,0,0.9235387762269867,728,0.9468820332403045
final,729,0,0.9629880432063485,729,0.9276689754649681
final,730,0,0.8977875980090129,730,0.8592045945919464
final,731,0,0.8123292054607455,731,0.8110192634739097
final,732,0,0.8967454989027794,732,0.9079141252725127
final,733,0,0.9004723987154342,733,0.9394852805891825
final,734,0,0.9546961323299621,734,0.9533550288449126
final,735,0,0.8777374764744136,735,0.9554509454884311
final,736,0,0.9710907944549478,736,0.9431815603965168
final,737,0,0.9629364005444567,737,0.97319176784557
final,738,0,0.8447619109828766,738,0.9277622481111063
final,739,0,0.8973495753357501,739,0.8588281857767588
final,740,0,0.8387032733109858,740,0.9630094053552449
final,741,0,0.7292328367246446,741,0.949409856868974
final,742,0,0.8609225741123947,742,0.9448519274581846
final,743,0,0.84677138528755,743,0.9656654356528418
final,744,0,0.9436494568322318,744,0.8869548256449555
final,745,0,0.8314448217709527,745,0.9313472908935886
final,746,0,0.8330440216427581,746,0.9540878849113887
final,747,0,0.8394550895495565,747,0.9634854039720107
final,748,0,0.9606299219597517,748,0.9477932512526901
final,749,0,0.7667783219761726,749,0.8183583459069697
final,750,0,0.9709929167588958,750,0.8975529838842834
final,751,0,0.7769071675412746,751,0.7950718513579802
final,752,0,0.9388798165817236,752,0.9442114835287153
final,753,0,0.7344289891310238,753,0.8537562309183181
final,754,0,0.9083360726550036,754,0.880538604922636
final,755,0,0.956698640063221,755,0.9180504151717402
final,756,0,0.9469133912682628,756,0.861761637288804
final,757,0,0.8492547549672818,757,0.8894360399661481
final,758,0,0.9164939361838627,758,0.9079898541484981
final,759,0,0.9103590414340178,759,0.9086283927409204
final,760,0,0.9573674431334207,760,0.9350403176279413
final,761,0,0.9843887702357955,761,0.8376381276736161
final,762,0,0.9245225776157733,762,0.9833733065235477
final,763,0,0.8543086816202062,763,0.8974515923909625
final,764,0,0.8939184593252932,764,0.7397786696175195
final,765,0,0.9278138253330888,765,0.8775890309919532
final,766,0,0.6671949003728428,766,0.8900117618325136
final,767,0,0.7976496167647216,767,0.943578890820433
final,768,0,0.7881438897661777,768,0.9221446914912699
final,769,0,0.8828638792524786,769,0.9356434365871039
final,770,0,0.8085805720436046,770,0.935822148246437
final,771,0,0.6315959440212086,771,0.7783501817931132
final,772,0,0.9216543607428713,772,0.9131505870340135
final,773,0,0.9451168498273204,773,0.9094813871979782
final,774,0,0.7428195174408347,774,0.8927448664865767
final,775,0,0.7628689309551557,775,0.949900766925016
final,776,0,0.915061427689422,776,0.8894583116753756
final,777,0,0.937202928034127,777,0.8728052119197908
final,778,0,0.7774518378684365,778,0.9485367106826896
final,779,0,0.9881573082243609,779,0.962538594149395
final,780,0,0.7973774876354478,780,0.9083806848804952
final,781,0,0.9351136344003168,781,0.8840886583759565
final,782,0,0.7909979229757256,782,0.9370933260863378
final,783,0,0.8643341077277404,783,0.9597974255402109
final,784,0,0.7034017095839471,784,0.9320746539552829
final,785,0,0.6944644499179485,785,0.8312611216355271
final,786,0,0.9469446786076323,786,0.9343777768625887
final,787,0,0.8367317891178221,787,0.9150498729998088
final,788,0,0.7158606341483362,788,0.8985399862371055
final,789,0,0.8762657849548643,789,0.9023211374996071
final,790,0,0.7089447603790656,790,0.8535617788056729
final,791,0,0.8973494197902581,791,0.9649129203862141
final,792,0,0.8553654051757182,792,0.839630440708433
final,793,0,0.768988743969383,793,0.962929157696877
final,794,0,0.893231879159722,794,0.9589259077044728
final,795,0,0.706745462016434,795,0.9090051905425507
final,796,0,0.7418024941756279,796,0.8347349209084142
final,797,0,0.892398516863262,797,0.8932453444052423
final,798,0,0.9800635495311567,798,0.8335553386658829
final,799,0,0.857919025516339,799,0.8474815099963147
final,800,0,0.9541179271320601,800,0.966441938465573
final,801,0,0.5401336266797673,801,0.8820086877873576
final,802,0,0.8939297911418058,802,0.9300534084264787
final,803,0,0.8327490796084644,803,0.8974184162532293
final,804,0,0.7681505906191951,804,0.8714236358775845
final,805,0,0.95621976300025,805,0.9263617112295286
final,806,0,0.7869549314193303,806,0.9311732280105185
final,807,0,0.9494176371834757,807,0.8722408147674892
final,808,0,0.9248486494970101,808,0.9350087244644566
final,809,0,0.8367772321723428,809,0.9794989828944165
final,810,0,0.8094030540492396,810,0.9476802857991645
final,811,0,0.8227332626398947,811,0.9224906598996137
final,812,0,0.823240117949533,812,0.9839339400855999
final,813,0,0.8945792831478943,813,0.9119888874967566
final,814,0,0.8188220942093696,814,0.8475793828453235
final,815,0,0.9246881722471578,815,0.8080763592262847
final,816,0,0.7818572788645466,816,0.925212636402986
final,817,0,0.8355746272431903,817,0.8303405468475082
final,818,0,0.9119546124907127,818,0.88105806664169
final,819,0,0.9155774813630491,819,0.854594168772514
final,820,0,0.9550499471728382,820,0.931221327424417
final,821,0,0.8334189280509674,821,0.9310290131199195
final,822,0,0.9333135227950244,822,0.9385766304019179
final,823,0,0.9486772370701562,823,0.9537060591922077
final,824,0,0.9534251511641666,824,0.8794244137504409
final,825,0,0.8778650421560992,825,0.9405582442125171
final,826,0,0.9329153429180869,826,0.8361687230320389
final,827,0,0.9454883267113756,827,0.9033894088970027
final,828,0,0.826085356177459,828,0.9025749299543997
final,829,0,0.6918690803695551,829,0.9044475968658295
final,830,0,0.4068651237504247,830,0.9338717536941774
final,831,0,0.207809500591199,831,0.8915566891244032
final,832,0,0.2844003506211476,832,0.9331503624286451
final,833,0,0.3481175664964619,833,0.9412029288233781
final,834,0,0.3514953439151906,834,0.9214807514282182
final,835,0,0.38665514971641435,835,0.9598868080114701
final,836,0,0.386367897908413,836,0.9747473487308242
final,837,0,0.4073288809976478,837,0.9554609946541535
final,838,0,0.38758833534056225,838,0.9630865972719507
final,839,0,0.26052021651730795,839,0.9330428537800026
final,840,0,0.3602233203259904,840,0.9359400023492296
final,841,0,0.3158661731895926,841,0.9540586063598002
final,842,0,0.41463714471784846,842,0.847090052659004
final,843,0,0.2904341673841988,843,0.9412979380488705
final,844,0,0.3896657205503146,844,0.9436695110333952
final,845,0,0.28411812754208404,845,0.9289519761816178
final,846,0,0.34159080051461554,846,0.932999954360635
final,847,0,0.26675693124940136,847,0.9218598400059357
final,848,0,0.32126347629033264,848,0.835161128409746
final,849,0,0.27640128573710826,849,0.9096264079376046
final,850,0,0.3996896257010842,850,0.9521648533195377
final,851,0,0.3877307369785164,851,0.9132767693713129
final,852,0,0.4271574337455299,852,0.9160868455426404
final,853,0,0.3396025729512454,853,0.9350717538811899
final,854,0,0.3670640470086207,854,0.8855482032978669
final,855,0,0.39077138189252364,855,0.8732757638791471
final,856,0,0.1716597698712113,856,0.9605408865938672
final,857,0,0.3545233700200138,857,0.8396717182129119
final,858,0,0.31990068860737136,858,0.91649255526363
final,859,0,0.3956133328020154,859,0.8509252809422445
final,860,0,0.2810588335914044,860,0.9840843712197813
final,861,0,0.34174859688421055,861,0.9781732002743231
final,862,0,0.4044276264382997,862,0.9195829356078359
final,863,0,0.2974735656615325,863,0.8726080867212762
final,864,0,0.39505870538006954,864,0.9652175877456448
final,865,0,0.2542889190914403,865,0.9669822630505202
final,866,0,0.32840834428903604,866,0.928929892307824
final,867,0,0.411242829091346,867,0.9725203531017151
final,868,0,0.3630458792534605,868,0.8874845196507521
final,869,0,0.40138431952496106,869,0.9485964095648897
final,870,0,0.3861497634430846,870,0.9189722351404099
final,871,0,0.3934985485170403,871,0.8861064064084856
final,872,0,0.40298239966772453,872,0.8717942762680512
final,873,0,0.40054413912511927,873,0.7905179255392696
final,874,0,0.35999992407542536,874,0.8551816769084474
final,875,0,0.3891412089397327,875,0.9445764304653081
final,876,0,0.21361326483299412,876,0.9644131577507044
final,877,0,0.25652672590716175,877,0.9602105564761582
final,878,0,0.32684141441587533,878,0.8874164159217572
final,879,0,0.3531214291400036,879,0.9589749336239699
final,880,0,0.2393228257059843,880,0.8224299431406965
final,881,0,0.22708252912495777,881,0.8939833537836008
final,934,1,0.9468141418205159,934,0.49
final,935,1,0.9294972512886941,935,0.49
final,936,1,0.8342630256127517,936,0.49
final,937,1,0.8915623586822874,937,0.49
final,938,1,0.888581639258663,938,0.49
final,939,1,0.8758244985442266,939,0.49
final,940,1,0.9049350210804773,940,0.49
final,941,1,0.9744868863888649,941,0.49
final,942,1,0.7874382656088117,942,0.49
final,943,1,0.8776535272974979,943,0.49
final,944,1,0.8432978939592854,944,0.49
final,945,1,0.8574896934512629,945,0.49
final,946,1,0.8276325957019401,946,0.9232921062024273
final,947,1,0.9737029683893508,947,0.9617294765422035
final,948,1,0.8656255686163049,948,0.9678261862921406
final,949,1,0.9713023598027573,949,0.930663137880396
final,950,1,0.93845745369373,950,0.9049529865629242
final,951,1,0.9526048383809163,951,0.8808105520046556
final,952,1,0.9774290188278156,952,0.9471149495073148
final,953,1,0.8636040040790925,953,0.9079901072896098
final,954,1,0.879322116664031,954,0.8507745193572155
final,955,1,0.8367045181009709,955,0.9067228339407996
final,956,1,0.8497194032726103,956,0.9057644578776504
final,957,1,0.969177601502367,957,0.945130713946464
final,958,1,0.7638660100253849,958,0.9230733785222971
final,959,1,0.8268962913327933,959,0.9212223542403635
final,960,1,0.6983468403761517,960,0.9249870237439737
final,961,1,0.7553589457101939,961,0.8604017159524593
final,962,1,0.9441759507036946,962,0.8771740850973249
final,963,1,0.9135511212743745,963,0.9125699583688158
final,964,1,0.8128199750270444,964,0.9382859137925497
final,965,1,0.9352488119324915,965,0.8630747920066304
final,966,1,0.9387553793552916,966,0.7644865135223025
final,967,1,0.9098544517407711,967,0.9269144704935595
final,968,1,0.8231116468607615,968,0.8917110578795729
final,969,1,0.9775678864718673,969,0.8540588064879763
final,970,1,0.7142265629093291,970,0.8992139360394951
final,971,1,0.8356471424553094,971,0.8743484871225387
final,972,1,0.816208859159434,972,0.89554222320511
final,973,1,0.7869761627328205,973,0.8059977505929415
final,974,1,0.8765582604238841,974,0.8942390851658744
final,975,1,0.9201385283045251,975,0.8578912873229916
final,976,1,0.9700018144294689,976,0.836217185583277
final,977,1,0.925330806806185,977,0.9080152814087599
final,978,1,0.8218522201524778,978,0.979589035524215
final,979,1,0.9418677591041649,979,0.7417877042995595
final,980,1,0.827190781994116,980,0.8002425335078641
final,981,1,0.9292031195219972,981,0.9179939768068806
final,982,1,0.9569495999222377,982,0.8898771262096341
final,983,1,0.8483700704086115,983,0.9651494048980805
final,984,1,0.9429132657312775,984,0.910060027249104
final,985,1,0.6883683284797852,985,0.9077855840600686
final,986,1,0.8122237083915878,986,0.9312365576282247
final,987,1,0.9593786052216045,987,0.8487687383953232
final,988,1,0.740291158130395,988,0.9189168446897382
final,989,1,0.8785588771265787,989,0.9277183233479064
final,990,1,0.8743761804248538,990,0.9196807214277191
final,991,1,0.9339149277753387,991,0.9160579811715097
final,992,1,0.9232121101520816,992,0.9171041158477478
final,993,1,0.7190280085721412,993,0.8932054286864077
final,994,1,0.7144789637670586,994,0.8710367528416013
final,995,1,0.7918094329936733,995,0.9213498068239167
final,996,1,0.875261522283622,996,0.9553191360829634
final,997,1,0.8429550606872434,997,0.9450816109968367
final,998,1,0.8679586741791476,998,0.9727006319734279
final,999,1,0.8310022656299846,999,0.8799062052797428
final,1000,1,0.8889553561828876,1000,0.9506080769006691
final,1001,1,0.911023535076817,1001,0.9466147214239176
final,1002,1,0.8797635913705151,1002,0.938389192158781
final,1003,1,0.6624096051370487,1003,0.8803737064879873
final,1004,1,0.8105349947084217,1004,0.8423631528841221
final,1005,1,0.9040609471093436,1005,0.8871810513699361
final,1006,1,0.9356519178865437,1006,0.9690674474700829
final,1007,1,0.9349959621464062,1007,0.9480260050394952
final,1008,1,0.7947579952894481,1008,0.9023520726313696
final,1009,1,0.949887361572196,1009,0.9725844840858795
final,1010,1,0.7033590010537544,1010,0.9731364764723816
final,1011,1,0.8029237656454302,1011,0.9591016864178479
final,1012,1,0.9505893428281899,1012,0.850022996466224
final,1013,1,0.9301726515246775,1013,0.8709208138825397
final,1014,1,0.7858816429204099,1014,0.9278316641457078
final,1015,1,0.8941116429000031,1015,0.9778558166587401
final,1016,1,0.7114161219918035,1016,0.9440255181851229
final,1017,1,0.8181114247294237,1017,0.9290892217950482
final,1018,1,0.8971791717188802,1018,0.9201716601050172
final,1019,1,0.8734575545979392,1019,0.9846909261701906
final,1020,1,0.9051974087138841,1020,0.810068658363269
final,1021,1,0.9838759056991666,1021,0.9662676976301956
final,1022,1,0.77596025752192,1022,0.9171904675801588
final,1023,1,0.7931198212583562,1023,0.9593309338875076
final,1024,1,0.8331737210434658,1024,0.8432504086461321
final,1025,1,0.8121127375437137,1025,0.9374092530355771
final,1026,1,0.9221658494689408,1026,0.8998572835901164
final,1027,1,0.6607848144514641,1027,0.8110544187693203
final,1028,1,0.7163120800083679,1028,0.9760145103799792
final,1029,1,0.9438615739084331,1029,0.9346748835343031
final,1030,1,0.7718299701224558,1030,0.8975423323962948
final,1031,1,0.8353315736665251,1031,0.9396715430213907
final,1032,1,0.9037936415749382,1032,0.8576020751519449
final,1033,1,0.9350664168544609,1033,0.9107106849193187
final,1034,1,0.9091458754905416,1034,0.9252115919720734
final,1035,1,0.9460141918690018,1035,0.870235501758159
final,1036,1,0.8392430085257114,1036,0.913011063996888
final,1037,1,0.6134655861334164,1037,0.8804849004237979
final,1038,1,0.7518981705907095,1038,0.9163104195692602
final,1039,1,0.8431852313944592,1039,0.843954041998662
final,1040,1,0.7929060778519663,1040,0.9636641753286482
final,1041,1,0.6167800624447983,1041,0.9470331714077768
final,1042,1,0.6600692992107605,1042,0.9485508604170092
final,1043,1,0.8151090361249232,1043,0.8925094993950191
final,1044,1,0.7899996687344808,1044,0.8924562547322072
final,1045,1,0.8966679577686408,1045,0.9533047521902147
final,1046,1,0.8461691211617476,1046,0.9010573232249528
final,1047,1,0.9067815838901039,1047,0.9755376985456934
final,1048,1,0.7788904345706952,1048,0.9088696020106148
final,1049,1,0.8075522976766536,1049,0.9811170383841479
final,1050,1,0.8122724421061713,1050,0.9168546213236233
final,1051,1,0.904341110933199,1051,0.9422251590454356
final,1052,1,0.9662025839007657,1052,0.8899292818065163
final,1053,1,0.8415225430990609,1053,0.8883563565231283
final,1054,1,0.7598409628853707,1054,0.9322516533871337
final,1055,1,0.8244729220549859,1055,0.8698945150645331
final,1056,1,0.868058594335101,1056,0.8905223876148152
final,1057,1,0.8779008305081297,1057,0.9622457679947787
final,1058,1,0.8459163933561094,1058,0.9833640715019263
final,1059,1,0.6404073335838141,1059,0.8674430569980518
final,1060,1,0.8801352158866247,1060,0.9554078792524803
final,1061,1,0.7097895026668656,1061,0.9356399338964028
final,1062,1,0.9400857202052665,1062,0.9750488807732842
final,1063,1,0.9171674225900108,1063,0.9140732578756079
final,1064,1,0.9335754889131588,1064,0.9721697565079658
final,1065,1,0.8012431517850839,1065,0.9116609594275534
final,1066,1,0.9403480710710993,1066,0.8530779725212876
final,1067,1,0.9474976515683853,1067,0.9111768666845899
final,1068,1,0.8336791589063317,1068,0.964370879557381
final,1069,1,0.6525739645373159,1069,0.9216970401882663
final,1070,1,0.6894651021843572,1070,0.9464372068089226
final,1071,1,0.8950083351581544,1071,0.9093796596619368
final,1072,1,0.9133983039768666,1072,0.8526476485474485
final,1073,1,0.7474077821695454,1073,0.9123557223422303
final,1074,1,0.8510107311498972,1074,0.9456036235085521
final,1075,1,0.9152291978134359,1075,0.8816416561517579
final,1076,1,0.9048455095938714,1076,0.7552137825854974
final,1077,1,0.7991056920518748,1077,0.958932426739346
final,1078,1,0.946414079973144,1078,0.9198518226966907
final,1079,1,0.9743078464343331,1079,0.8580122550128234
final,1080,1,0.8759746326229836,1080,0.7639502247441412
final,1081,1,0.8629357293315917,1081,0.8694046469157938
final,1082,1,0.9252106053867781,1082,0.9179424884189269
final,1083,1,0.6713026636221555,1083,0.9693322769846173
final,1084,1,0.7685485803156347,1084,0.9604137824558765
final,1085,1,0.8734865345143843,1085,0.8690709948335222
final,1086,1,0.8615373560757775,1086,0.9471502907407823
final,1087,1,0.7395760093109319,1087,0.8700593748999979
final,1088,1,0.8525232584800211,1088,0.8612272366148664
final,1089,1,0.8683427295280024,1089,0.9319945741144169
final,1090,1,0.7487070910030666,1090,0.8957564411551995
final,1091,1,0.9455212951777736,1091,0.9205143914914786
final,1092,1,0.8628043570954962,1092,0.8986703625705525
final,1093,1,0.8275093552285171,1093,0.9206638326154186
final,1094,1,0.9533209834642251,1094,0.9414992991735001
final,1095,1,0.9351441417741867,1095,0.938994722890248
final,1096,1,0.9004235849759967,1096,0.8935155343128309
final,1097,1,0.8467479583519879,1097,0.8785267695418897
final,1098,1,0.8123666591731925,1098,0.9033521157583609
final,1099,1,0.9796809710305519,1099,0.9409485288907182
final,1100,1,0.6426449151134721,1100,0.8430791052648504
final,1101,1,0.8727426392666904,1101,0.9758927842413814
final,1102,1,0.8532198075454616,1102,0.9215353125409635
final,1103,1,0.8007132978233304,1103,0.9535529928885771
final,1104,1,0.8063530434658805,1104,0.8990662634035058
final,1105,1,0.7780690057442243,1105,0.9021898247821536
final,1106,1,0.685077108166835,1106,0.8729133822620697
final,1107,1,0.6686079695571332,1107,0.9014572766269537
final,1108,1,0.928591620322895,1108,0.9867554028427703
final,1109,1,0.9092642635688319,1109,0.8099637733149818
final,1110,1,0.849166675251408,1110,0.8989662431077182
final,1111,1,0.8131944491062383,1111,0.9091801425871745
final,1112,1,0.943003211090719,1112,0.9052949579475109
final,1113,1,0.9090789205628439,1113,0.8679941371122484
final,1114,1,0.5834076345625904,1114,0.8878063616919785
final,1115,1,0.8339546471572792,1115,0.9297639910298894
final,1116,1,0.8638805413968029,1116,0.8819591804054095
final,1117,1,0.9657674331227333,1117,0.9802748135379515
final,1118,1,0.9652960770735333,1118,0.8609880610728367
final,1119,1,0.8894237961409575,1119,0.9301230775383132
final,1120,1,0.9093873509217181,1120,0.9831363603524073
final,1121,1,0.8282268295062478,1121,0.9028266569002987
final,1122,1,0.6820499522671947,1122,0.8224718975112015
final,1123,1,0.8019723187145917,1123,0.9004387810456569
final,1124,1,0.8488524109331756,1124,0.9766094353038625
final,1125,1,0.9298209868795504,1125,0.8778523137721699
final,1126,1,0.8649148075781841,1126,0.9677252538788352
final,1127,1,0.8729867351786484,1127,0.9399154358436022
final,1128,1,0.702030740024393,1128,0.8999949688902282
final,1129,1,0.9266246047601223,1129,0.8213335979713805
final,1130,1,0.9052644853884378,1130,0.9688126169030562
final,1131,1,0.9718330538278095,1131,0.9638170187658779
final,1132,1,0.8394949561802333,1132,0.9449624158981886
final,1133,1,0.9781118872445637,1133,0.9292323635960926
final,1134,1,0.808712129956664,1134,0.9259342696014683
final,1135,1,0.9800429099042114,1135,0.9230154362191638
final,1136,1,0.9440890684624319,1136,0.9038919908413289
final,1137,1,0.9197784671844644,1137,0.9384864992906337
final,1138,1,0.8103504891574869,1138,0.9040021172338581
final,1139,1,0.9131113789430754,1139,0.9073598599320817
final,1140,1,0.9095194200777602,1140,0.938764769730455
final,1141,1,0.7781158715769769,1141,0.861446822064015
final,1142,1,0.8700722097295461,1142,0.9458619391496145
final,1143,1,0.8752704985969922,1143,0.8684873378997802
final,1144,1,0.9265782385997363,1144,0.9533788798839407
final,1145,1,0.9139514753548856,1145,0.9354524975718672
final,1146,1,0.9067687222278733,1146,0.7840543249133827
final,1147,1,0.7985786529739429,1147,0.8764637743039838
final,1148,1,0.7948825368648298,1148,0.9027187031077566
final,1149,1,0.6859321757506063,1149,0.9710481681521113
final,1150,1,0.912156394679853,1150,0.8595467019207013
final,1151,1,0.7127143508261374,1151,0.9241527372370324
final,1152,1,0.9488089068026833,1152,0.7686803312501194
final,1153,1,0.732614151675758,1153,0.9629687201959363
final,1154,1,0.7806756352494022,1154,0.956439296621197
final,1155,1,0.9179070354734723,1155,0.9322516397072637
final,1156,1,0.9519038639571045,1156,0.9600129909873051
final,1157,1,0.9155607088752705,1157,0.9776464382984889
final,1158,1,0.7198930417730919,1158,0.92569593481496
final,1159,1,0.7340322248158417,1159,0.8818014555509248
final,1160,1,0.8634055860767385,1160,0.8545949003078941
final,1161,1,0.7371868006315612,1161,0.9860572180993072
final,1162,1,0.8668124092587077,1162,0.8227541242294462
final,1163,1,0.8279183720675207,1163,0.9637260741270299
final,1164,1,0.8915382435264929,1164,0.870842001114958
final,1165,1,0.7275536661280443,1165,0.9366476872779612
final,1166,1,0.9293053029864953,1166,0.8769521868002887
final,1167,1,0.700302926312252,1167,0.9155978487434315
final,1168,1,0.8933840126762653,1168,0.9774613799231165
final,1169,1,0.7453581158580447,1169,0.8460079519529498
final,1170,1,0.8123767560170901,1170,0.9861001961669527
final,1171,1,0.9489241023681929,1171,0.943424868503057
final,1172,1,0.7277280815354012,1172,0.952316634210979
final,1173,1,0.6944824634827924,1173,0.9611363389325237
final,1174,1,0.8612723435448315,1174,0.9568343002546824
final,1175,1,0.8328909020495784,1175,0.9221727352129052
final,1176,1,0.964325436977046,1176,0.7961553195715985
final,1177,1,0.7770656184882074,1177,0.9514889089805704
final,1178,1,0.9441248857090032,1178,0.870862238481453
final,1179,1,0.9074318542158842,1179,0.9371934755606586
final,1180,1,0.9727727298748536,1180,0.8292177435101603
final,1181,1,0.9685310160041263,1181,0.9623547688999737
final,1182,1,0.7094208314571787,1182,0.8943059311886378
final,1183,1,0.9753715727899945,1183,0.895598363191892
final,1184,1,0.8802707931022026,1184,0.9649801185303315
final,1185,1,0.7453442884950036,1185,0.7763563944528826
final,1186,1,0.8521349705493411,1186,0.9238440863240636
final,1187,1,0.7678194431028929,1187,0.8833789228119011
final,1188,1,0.838952132414859,1188,0.896214506061774
final,1189,1,0.8909822166649797,1189,0.8320421534597147
final,1190,1,0.7871138688031916,1190,0.9424150452822435
final,1191,1,0.6526923745540445,1191,0.9470059987949013
final,1192,1,0.9171448365077834,1192,0.94826623803638
final,1193,1,0.9183259404953821,1193,0.9355491275540784
final,1194,1,0.7984796709073622,1194,0.8140063043346228
final,1195,1,0.8414095208668704,1195,0.9478247422077044
final,1196,1,0.9159418416347143,1196,0.8147254548289147
final,1197,1,0.8739950236410117,1197,0.9293860279432589
final,1198,1,0.769287835394689,1198,0.9019479113516438
final,1199,1,0.9470762501992165,1199,0.9164307074115414
final,1200,1,0.8163097931849568,1200,0.8938765917850672
final,1201,1,0.8584857761398276,1201,0.94950055865532
final,1202,1,0.9402385607129622,1202,0.8894909061127015
final,1203,1,0.7319178874232316,1203,0.8677447040633379
final,1204,1,0.7828858617364753,1204,0.9191387422321413
final,1205,1,0.8039610487793671,1205,0.9538135991726291
final,1206,1,0.93323699262909,1206,0.8419223101791341
final,1207,1,0.9493645072020298,1207,0.9511725022344486
final,1208,1,0.8747543607985515,1208,0.9246402726268048
final,1209,1,0.9074810186752018,1209,0.8894311297099161
final,1210,1,0.8490798259597179,1210,0.9359469260893079
final,1211,1,0.9842234928588351,1211,0.9436917147500018
final,1212,1,0.934682261272352,1212,0.8457554753176044
final,1213,1,0.9549290459237452,1213,0.953533439598214
final,1214,1,0.8978418642933592,1214,0.7839449670380239
final,1215,1,0.9015103927167584,1215,0.965193252864478
final,1216,1,0.9825542835140959,1216,0.9141378467503012
final,1217,1,0.8759359975674226,1217,0.9639930466076114
final,1218,1,0.6901164325858933,1218,0.8579705000393174
final,1219,1,0.74385884838408,1219,0.9189417041127312
final,1220,1,0.834619789845131,1220,0.9243522536021251
final,1221,1,0.9295641728096531,1221,0.9509822276486808
final,1222,1,0.8494510752926355,1222,0.9010309981030917
final,1223,1,0.9609646704361414,1223,0.7866399038407796
final,1224,1,0.8628625517544335,1224,0.9682158289166949
final,1225,1,0.8874484729667274,1225,0.9181920959123916
final,1226,1,0.8043797107238251,1226,0.9028345376020983
final,1227,1,0.8543613914190437,1227,0.8710274773093751
final,1228,1,0.8530141170127421,1228,0.8587555197222392
final,1229,1,0.9767668241815617,1229,0.8979292829611492
final,1230,1,0.8483424832775917,1230,0.9661277525070575
final,1231,1,0.941070776966288,1231,0.8738166406152769
final,1232,1,0.7450406436394965,1232,0.8483524724638718
final,1233,1,0.8549634505313355,1233,0.8821881503846811
final,1234,1,0.8616562390947249,1234,0.9007161334379273
final,1235,1,0.8903310202692397,1235,0.8404790309041382
final,1236,1,0.8462543054657505,1236,0.820488177314233
final,1237,1,0.9308146500788982,1237,0.869074188653681
final,1238,1,0.9204399585881085,1238,0.9187110575242734
final,1239,1,0.8748276838355142,1239,0.9102677304900099
final,1240,1,0.8935324682993433,1240,0.9486810316365244
final,1241,1,0.8693169288160814,1241,0.8514569345975728
final,1242,1,0.9296006203526538,1242,0.9164909897121756
final,1243,1,0.8765852495243226,1243,0.9125482829901399
final,1244,1,0.8608684324045335,1244,0.9168772652159809
final,1245,1,0.8562198772503963,1245,0.8884550812172571
final,1246,1,0.854316643940822,1246,0.9626501056213128
final,1247,1,0.860005511813329,1247,0.9469128443991376
final,1248,1,0.9707310835272908,1248,0.9254702426330979
final,1249,1,0.854774498486411,1249,0.9292314336477755
final,1250,1,0.6924340862357286,1250,0.912437401261633
final,1251,1,0.9433668616086472,1251,0.912029101051916
final,1252,1,0.8803803226027314,1252,0.8992031661186739
final,1253,1,0.8591688516175162,1253,0.932647723191536
final,1254,1,0.8299064562612826,1254,0.8867818519409898
final,1255,1,0.9578280531957031,1255,0.8123246968109005
final,1256,1,0.9574838927367162,1256,0.9352568480427668
final,1257,1,0.962825014687297,1257,0.9439013283168252
final,1258,1,0.7537928807685915,1258,0.8707256141761928
final,1259,1,0.9561854912327492,1259,0.7355801116789971
final,1260,1,0.8276607366352462,1260,0.9260267023425015
final,1261,1,0.7694070706090672,1261,0.9345291851849262
final,1262,1,0.7779479972469052,1262,0.8929945189520376
final,1263,1,0.8286202816156247,1263,0.9510697028335819
final,1264,1,0.921311839056884,1264,0.9586823469558186
final,1265,1,0.9054694030372568,1265,0.9099922809012819
final,1266,1,0.7822020769043194,1266,0.8636980261888867
final,1267,1,0.852326237578933,1267,0.9108014933135351
final,1268,1,0.9699121603833089,1268,0.8351015702630985
final,1269,1,0.8758465567660202,1269,0.910264493187531
final,1270,1,0.9723809723462551,1270,0.9371414973833367
final,1271,1,0.8748648209124594,1271,0.8798661654677783
final,1272,1,0.9157375661889066,1272,0.885279861183338
final,1273,1,0.7069258530496525,1273,0.8671301813077104
final,1274,1,0.6307782605331291,1274,0.9322845030636355
final,1275,1,0.8269799157409723,1275,0.9529543933361633
final,1276,1,0.8582370535058141,1276,0.9093343629528685
final,1277,1,0.7683132287061285,1277,0.8900973972411294
final,1278,1,0.8178045468431747,1278,0.9280837954303109
final,1279,1,0.9253852372197313,1279,0.9698935753257176
final,1280,1,0.7892551153671312,1280,0.9069207600317122
final,1281,1,0.8066367423403962,1281,0.8936263348071901
final,1282,1,0.8832505000038857,1282,0.9180491261030206
final,1283,1,0.8583172169907103,1283,0.9692372163727673
final,1284,1,0.7317516331627867,1284,0.9224156749338139
final,1285,1,0.9345741815694585,1285,0.9124032166075439
final,1286,1,0.977415189048308,1286,0.9125118860575716
final,1287,1,0.8991984672894959,1287,0.8399511752080155
final,1288,1,0.8892004228474015,1288,0.967641375906199
final,1289,1,0.8937329159225628,1289,0.8890813743283552
final,1290,1,0.8061860007259167,1290,0.8903345033140287
final,1291,1,0.8097006689156163,1291,0.9295713351066551
final,1292,1,0.8730016870833935,1292,0.866013470941601
final,1293,1,0.910292737277212,1293,0.8642674096007223
final,1294,1,0.9430971067330887,1294,0.896702343964757
final,1295,1,0.8246756123795145,1295,0.9627604022802052
final,1296,1,0.7140687809349673,1296,0.8953250007776719
final,1297,1,0.9096114776299781,1297,0.8572521752205529
final,1298,1,0.7809140496920819,1298,0.9371279439657128
final,1299,1,0.8617968173912652,1299,0.9270994535194783
final,1300,1,0.8036833307273793,1300,0.9560295455614948
final,1301,1,0.700346473539476,1301,0.9193686978784064
final,1302,1,0.8045371691876809,1302,0.9198237544734864
final,1303,1,0.8953466804583791,1303,0.9238716321938901
final,1304,1,0.7914239817694821,1304,0.9769977237744204
final,1305,1,0.7904856281179372,1305,0.9504739892655005
final,1306,1,0.9142521098355202,1306,0.8668520114203323
final,1307,1,0.7973820723370337,1307,0.9405214302989922
final,1308,1,0.903377553775186,1308,0.9181087542853021
final,1309,1,0.8083069287514509,1309,0.957295732992548
final,1310,1,0.8581801125269527,1310,0.9048029305949188
final,1311,1,0.8753891323261986,1311,0.9506150031960003
final,1312,1,0.832701183777514,1312,0.9140052765410105
final,1313,1,0.9665366767554531,1313,0.9259078482403708
final,1314,1,0.8519927301601116,1314,0.9178884298432299
final,1315,1,0.7267630456076001,1315,0.8574802579553807
final,1316,1,0.9180489783842728,1316,0.86926558935378
final,1317,1,0.8270445281014401,1317,0.9330159940974692
final,1318,1,0.9143859298699495,1318,0.8184491389286104
final,1319,1,0.6936020867746293,1319,0.9175927683804733
final,1320,1,0.9607666335238163,1320,0.822312679209843
final,1321,1,0.8506464145507251,1321,0.9384498800455123
final,1322,1,0.9498963034368086,1322,0.7779557100749195
final,1323,1,0.8781124665003599,1323,0.9421847037849997
final,1324,1,0.8285728851182198,1324,0.929439332921498
final,1325,1,0.9088028870745248,1325,0.9269064350913996
final,1326,1,0.8615176512353544,1326,0.8702313192227975
final,1327,1,0.8301863350512209,1327,0.8981773088997109
final,1328,1,0.7418383704174346,1328,0.92741007082241
final,1329,1,0.956163171754769,1329,0.9806976458932444
final,1330,1,0.8743853895125149,1330,0.8128120501901401
final,1331,1,0.8641754272653662,1331,0.9338092706804026
final,1332,1,0.796659235830685,1332,0.9529658577066258
final,1333,1,0.8862484750992481,1333,0.9349480429330493
final,1334,1,0.8232289222222846,1334,0.8542921912340651
final,1335,1,0.9380273124036168,1335,0.926272217527436
final,1336,1,0.7702973529836015,1336,0.888463823756332
final,1337,1,0.7319669916966319,1337,0.9340176184673823
final,1338,1,0.7095190086044872,1338,0.9600807984736348
final,1339,1,0.8729777309554566,1339,0.8036457368599625
final,1340,1,0.747664974060492,1340,0.9503753851996416
final,1341,1,0.8508472498218197,1341,0.8984981640509457
final,1342,1,0.7609122274818996,1342,0.9408516926937138
final,1343,1,0.6417563113079326,1343,0.8261064270196239
final,1344,1,0.9289776355870251,1344,0.8923590573044238
final,1345,1,0.790120307570023,1345,0.8754953940776433
final,1346,1,0.9378707139956073,1346,0.8811266814553407
final,1347,1,0.6637573340475509,1347,0.8844799782385862
final,1348,1,0.9020564873331763,1348,0.9342167654297227
final,1349,1,0.7763550119694325,1349,0.9146377049271444
final,1350,1,0.7877664819929444,1350,0.8805280385573582
final,1351,1,0.8789181739005155,1351,0.9054669303651871
final,1352,1,0.7195388128832212,1352,0.8722946369817262
final,1353,1,0.8482222924988991,1353,0.9294893312260465
final,1354,1,0.8206234964386969,1354,0.934435743362316
final,1355,1,0.9140512643354622,1355,0.9568185093093813
final,1356,1,0.9108954511134436,1356,0.9805119933621258
final,1357,1,0.6689674694952704,1357,0.9713749041164019
final,1358,1,0.7436603923949708,1358,0.8069251933757022
final,1359,1,0.7961697380440342,1359,0.9037002497367701
final,1360,1,0.9506507239824915,1360,0.9508700272793732
final,1361,1,0.8356503754853215,1361,0.8961619753448079
final,1362,1,0.9216057389456994,1362,0.9271514240536767
final,1363,1,0.8325568015990031,1363,0.9554388739692832
final,1364,1,0.8249129833935669,1364,0.9273645742761305
final,1365,1,0.7715783769045065,1365,0.954701093347925
final,1366,1,0.9273445562413429,1366,0.768847164647272
final,1367,1,0.8599921021044459,1367,0.9338945967883836
final,1368,1,0.7483177596328991,1368,0.983742538951847
final,1369,1,0.9546585407518202,1369,0.8400612595172825
final,1370,1,0.9618650134952633,1370,0.914945262826312
final,1371,1,0.9561015767613059,1371,0.9551474200455599
final,1372,1,0.8791678146794957,1372,0.7711696416014908
final,1373,1,0.8253171778598969,1373,0.9367000434610833
final,1374,1,0.9671458450799237,1374,0.9310033938180197
final,1375,1,0.6881125000404255,1375,0.8234272715152868
final,1376,1,0.7769763694004661,1376,0.9449394056578666
final,1377,1,0.9355058524537583,1377,0.9187327030475643
final,1378,1,0.9409291896359346,1378,0.8909933066073956
final,1379,1,0.8494517275121185,1379,0.9479312324820809
final,1380,1,0.7948779884977084,1380,0.9000162920010527
final,1381,1,0.8397172469657468,1381,0.9478631324489124
final,1382,1,0.82628005266862,1382,0.8931615749681543
final,1383,1,0.9147489448296413,1383,0.8967078941796022
final,1384,1,0.904830417198335,1384,0.9096981390978851
final,1385,1,0.9693297358959985,1385,0.895747875416549
final,1386,1,0.9286316346940771,1386,0.8388059798587721
final,1387,1,0.8980603177444098,1387,0.9647233664689585
final,1388,1,0.8631934275433942,1388,0.9247334008028884
final,1389,1,0.7350444241344676,1389,0.9309372559648704
final,1390,1,0.9801998014545339,1390,0.8798607981716395
final,1391,1,0.9435434326268329,1391,0.8393598160955387
final,1392,1,0.7314267049440129,1392,0.8183435944176569
final,1393,1,0.9021821575022977,1393,0.9479993418968622
final,1394,1,0.7742100357629516,1394,0.9739232174035187
final,1395,1,0.9488255321142489,1395,0.8566413247759344
final,1396,1,0.7958599503476866,1396,0.9662487022224768
final,1397,1,0.8524945220264033,1397,0.8480462990663062
final,1398,1,0.8688247328322023,1398,0.9852110784725454
final,1399,1,0.9602287865891969,1399,0.9530647196213495
final,1400,1,0.948037023470937,1400,0.8424407320139495
final,1401,1,0.9484006435708634,1401,0.9596943463736997
final,1402,1,0.7734372700894625,1402,0.8582560943725113
final,1403,1,0.9063701932431967,1403,0.8998478459933084
final,1404,1,0.7389450738692824,1404,0.7136938443558442
final,1405,1,0.7307897028202743,1405,0.9616062492486286
final,1406,1,0.7001790873896387,1406,0.9009181392878933
final,1407,1,0.9168768952772745,1407,0.8849515026112124
final,1408,1,0.9660396855679824,1408,0.9514463234388668
final,1409,1,0.9217357351614359,1409,0.9487234837858765
final,1410,1,0.9025986851489186,1410,0.9125792242668176
final,1411,1,0.7928201510429627,1411,0.9071269440897831
final,1412,1,0.9259969201995831,1412,0.9671676090974649
final,1413,1,0.9320354526887071,1413,0.9153076541342098
final,1414,1,0.7616502348124101,1414,0.8961445258489664
final,1415,1,0.9097567410402425,1415,0.9540733182820011
final,1416,1,0.6677934656977649,1416,0.8911111029270872
final,1417,1,0.7638024271342942,1417,0.9187507425071403
final,1418,1,0.961622495866243,1418,0.9463932914155082
final,1419,1,0.8180179408967585,1419,0.9287318594424484
final,1420,1,0.7329774198271749,1420,0.930411042568419
final,1421,1,0.8407459765640367,1421,0.9239761108407023
final,1422,1,0.8250249628056678,1422,0.865012802635484
final,1423,1,0.80313218200662,1423,0.8932394612090808
final,1424,1,0.9286792211747746,1424,0.9280490029692257
final,1425,1,0.9569812714369255,1425,0.8248767825067191
final,1426,1,0.8627818231254253,1426,0.866450607612983
final,1427,1,0.8109651116918413,1427,0.9436269413967383
final,1428,1,0.8154578120993743,1428,0.9164728691080515
final,1429,1,0.773993479928702,1429,0.9832096784137885
final,1430,1,0.8255144082641006,1430,0.9290773318349228
final,1431,1,0.7468255393805092,1431,0.8984514852391039
final,1432,1,0.8730206563477019,1432,0.8876857687639066
final,1433,1,0.9753900654578271,1433,0.9554065707371263
final,1434,1,0.8328256201511139,1434,0.9267602580172805
final,1435,1,0.8490032577276361,1435,0.9440786793683031
final,1436,1,0.9225216605055446,1436,0.8725299861384577
final,1437,1,0.7496701778919171,1437,0.9637052034555216
final,1438,1,0.9574628575126789,1438,0.8833520812313682
final,1439,1,0.7068298769609208,1439,0.9553566561748941
final,1440,1,0.6910018279287744,1440,0.9178888078408622
final,1441,1,0.935917114075522,1441,0.9643671622708317
final,1442,1,0.816524028967087,1442,0.9692960243985729
final,1443,1,0.9448965847271554,1443,0.9187073060587954
final,1444,1,0.8964581127599311,1444,0.8727370196708337
final,1445,1,0.8945994802157,1445,0.894117718861497
final,1446,1,0.9480909571023699,1446,0.9707518860646235
final,1447,1,0.9113835082946324,1447,0.8921762282621791
final,1448,1,0.8309126505578397,1448,0.9140029551922713
final,1449,1,0.9123812873900913,1449,0.9266511943014906
final,1450,1,0.8437991226358104,1450,0.9135639758142107
final,1451,1,0.9686035138870404,1451,0.8894138868318961
final,1452,1,0.8210315810752624,1452,0.9271798116717221
final,1453,1,0.8996490723491328,1453,0.9077745107405342
final,1454,1,0.9691403159359553,1454,0.9238970931069888
final,1455,1,0.7191472854865575,1455,0.936893402725025
final,1456,1,0.8835450250856178,1456,0.8791245099257989
final,1457,1,0.8624867848091052,1457,0.9649925573252494
final,1458,1,0.9588397679197097,1458,0.8890057088348817
final,1459,1,0.9699291088679514,1459,0.947481195234983
final,1460,1,0.8652260401340478,1460,0.8456853162821496
final,1461,1,0.8049057997354676,1461,0.8620988821065425
final,1462,1,0.7990272654695787,1462,0.829223346907074
final,1463,1,0.8978513565384205,1463,0.8867256589018692
final,1464,1,0.7763379473548171,1464,0.8267695847350289
final,1465,1,0.6827951381622088,1465,0.8902710203850059
final,1466,1,0.8004359247625199,1466,0.958896363091613
final,1467,1,0.841933016468138,1467,0.927393547018601
final,1468,1,0.9028737896062499,1468,0.8949525066347624
final,1469,1,0.9719254389563545,1469,0.9122858361253416
final,1470,1,0.7382805164840083,1470,0.9235616549697498
final,1471,1,0.8192528717468711,1471,0.880732258824878
final,1472,1,0.8599986155491133,1472,0.9045701951290135
final,1473,1,0.8231309736318875,1473,0.9434000188687575
final,1474,1,0.7209500116967416,1474,0.8254400419578213
final,1475,1,0.8407370017132405,1475,0.8912131755579795
final,1476,1,0.7328842626516676,1476,0.9306954774154044
final,1477,1,0.7492263283012659,1477,0.9430830314203795
final,1478,1,0.8141581564590092,1478,0.9833137629403328
final,1479,1,0.9807023118722855,1479,0.9632054722030226
final,1480,1,0.9273584960392243,1480,0.9545151120658788
final,1481,1,0.8577418693427747,1481,0.8773850164465935
final,1482,1,0.8573944407155656,1482,0.9639583501802446
final,1483,1,0.9728574900009341,1483,0.9771994097522999
final,1484,1,0.8718382785750596,1484,0.9846319403145241
final,1485,1,0.8341422905432507,1485,0.9242829633905643
final,1486,1,0.8695668486971395,1486,0.9853920175634114
final,1487,1,0.930512352374107,1487,0.8898552004078765
final,1488,1,0.955003348192951,1488,0.9536423569683656
final,1489,1,0.8326603278823768,1489,0.9859036431631938
final,1490,1,0.8838375475785676,1490,0.8950799023162936
final,1491,1,0.7455415508380348,1491,0.9016168414766489
final,1492,1,0.944641944787871,1492,0.9622950595365378
final,1493,1,0.8742532177037793,1493,0.9018713762509154
final,1494,1,0.8194729061080992,1494,0.8950560126072247
final,1495,1,0.9581196892990056,1495,0.8963456620875115
final,1496,1,0.9873989101067756,1496,0.8843291245559088
final,1497,1,0.9322061397675683,1497,0.8168855740566434
final,1498,1,0.9612932738133646,1498,0.9585007532660315
final,1499,1,0.8988921766320843,1499,0.8905979520746001
final,1500,1,0.892610994757296,1500,0.9674421887197795
final,1501,1,0.8490933853209048,1501,0.9369197979112027
final,1502,1,0.9002215389773248,1502,0.9607634100017104
final,1503,1,0.9804847277601949,1503,0.9481214897252828
final,1504,1,0.7885915027877913,1504,0.9405573841611932
final,1505,1,0.8281834493881659,1505,0.9273082901423195
final,1506,1,0.8318945711631315,1506,0.891082102934876
final,1507,1,0.8494084200617412,1507,0.9631296083795697
final,1508,1,0.8008323699554538,1508,0.9699046983672962
final,1509,1,0.9083789548988206,1509,0.8386602772999471
final,1510,1,0.9317372171902515,1510,0.7983109787612478
final,1511,1,0.8029483210401945,1511,0.9437373957251226
final,1512,1,0.8683622880241062,1512,0.9594888369413228
final,1513,1,0.7454980425908853,1513,0.9497497325884874
final,1514,1,0.8510895719605813,1514,0.9032173061986773
final,1515,1,0.6902886983173773,1515,0.9594342075549116
final,1516,1,0.9801702649237629,1516,0.8804489080479658
final,1517,1,0.8775064980631887,1517,0.8829511125410516
final,1518,1,0.7565166185853193,1518,0.7949502192662465
final,1519,1,0.7955624219240303,1519,0.9487659930250407
final,1520,1,0.8774118821976382,1520,0.9301182008621427
final,1521,1,0.7999631291147489,1521,0.9484523398447686
final,1522,1,0.9551635174465258,1522,0.9476742973206465
final,1523,1,0.8848216525277587,1523,0.9291617214462493
final,1524,1,0.8079903960630018,1524,0.9301411512466589
final,1525,1,0.9354064296320348,1525,0.9239533771226821
final,1526,1,0.9573833024132153,1526,0.928825855815399
final,1527,1,0.9177419684148528,1527,0.8030326051463132
final,1528,1,0.9145870881810108,1528,0.8927110324622134
final,1529,1,0.8565967902672221,1529,0.9817022458547828
final,1530,1,0.8606427181253187,1530,0.9813236220988282
final,1531,1,0.7711936200810384,1531,0.973255482136818
final,1532,1,0.9396457236081266,1532,0.9249630170421298
final,1533,1,0.9652279521589502,1533,0.8924675661407655
final,1534,1,0.8541215751199287,1534,0.961196715946166
final,1535,1,0.9441621702012891,1535,0.8155856165087696
final,1536,1,0.8960944564269311,1536,0.9439375190410054
final,1537,1,0.6991626302976154,1537,0.928968385997323
final,1538,1,0.8231919457154575,1538,0.9463359168253823
final,1539,1,0.9363686109405949,1539,0.9665375868171989
final,1540,1,0.9685062801170802,1540,0.8812798138395829
final,1541,1,0.9410512599528916,1541,0.9263599972094418
final,1542,1,0.956156712676175,1542,0.8645752034447411
final,1543,1,0.9847817253137493,1543,0.8289804717224349
final,1544,1,0.7712167986394652,1544,0.8664344763267866
final,1545,1,0.8697077778973228,1545,0.9374545887864651
final,1546,1,0.8993158822130795,1546,0.9606352661498225
final,1547,1,0.9061815431431548,1547,0.957958333678546
final,1548,1,0.879301339660316,1548,0.9379523895654696
final,1549,1,0.8071584911683074,1549,0.9440607491347857
final,1550,1,0.9429017275597831,1550,0.9357521228583467
final,1551,1,0.948658215327713,1551,0.8557001576067877
final,1552,1,0.6614496970209162,1552,0.946383073140109
final,1553,1,0.9056657517037741,1553,0.9527945900858872
final,1554,1,0.8843847931123259,1554,0.9362731123815343
final,1555,1,0.8513934094294116,1555,0.9472020809264105
final,1556,1,0.8384095718783579,1556,0.8869078115945244
final,1557,1,0.9251858804152607,1557,0.9071089457641157
final,1558,1,0.8010553167026836,1558,0.9540947361029783
final,1559,1,0.777692193584586,1559,0.9123101626580774
final,1560,1,0.7587678379002644,1560,0.9670279939309261
final,1561,1,0.9084163274530215,1561,0.9726797528874882
final,1562,1,0.9025236425354264,1562,0.9301844131462382
final,1563,1,0.8272390629895392,1563,0.9411461663281526
final,1564,1,0.9337327648311443,1564,0.8772952593015846
final,1565,1,0.9603974179341798,1565,0.9516589162548552
final,1566,1,0.931830148567869,1566,0.8847899811669239
final,1567,1,0.8117229238946515,1567,0.8800468160167949
final,1568,1,0.938881037360487,1568,0.8754408114142629
final,1569,1,0.7163460128462362,1569,0.9222925777752711
final,1570,1,0.7834423176147914,1570,0.9695844417580688
final,1571,1,0.8834927251307667,1571,0.9153713184044208
final,1572,1,0.962087250045786,1572,0.8745154403278387
final,1573,1,0.8581983718239196,1573,0.7799521336056139
final,1574,1,0.6951724305152966,1574,0.875848681097944
final,1575,1,0.8230403276094969,1575,0.9551724060480027
final,1576,1,0.7805072130089072,1576,0.9012291281771031
final,1577,1,0.9629530067531317,1577,0.9022271159172766
final,1578,1,0.8631506970291858,1578,0.9477135184651451
final,1579,1,0.8818156053155222,1579,0.9388380349137369
final,1580,1,0.8476817646698843,1580,0.9174409154338615
final,1581,1,0.9685855011648961,1581,0.9013494763731454
final,1582,1,0.9402603226652393,1582,0.9297628724402414
final,1583,1,0.8540381395911802,1583,0.9238852842658882
final,1584,1,0.8556201187129856,1584,0.9562054272370788
final,1585,1,0.9640865128497222,1585,0.9538987660310931
final,1586,1,0.91488768341735,1586,0.9481194322691144
final,1587,1,0.9680557240898768,1587,0.9378903437433317
final,1588,1,0.8076987786133389,1588,0.9435325674280994
final,1589,1,0.9284843975216168,1589,0.8682461091937193
final,1590,1,0.898328214429844,1590,0.7798545717855778
final,1591,1,0.9257094101833219,1591,0.8851315523234828
final,1592,1,0.8390025776415244,1592,0.9706135691292009
final,1593,1,0.7861785383978586,1593,0.9517336935433749
final,1594,1,0.7711284035020318,1594,0.9359031971432537
final,1595,1,0.8816302369561679,1595,0.9368179408162475
final,1596,1,0.895602912539708,1596,0.8876573609977623
final,1597,1,0.9543813012864877,1597,0.9545280311774271
final,1598,1,0.8709641953626115,1598,0.9125661441524058
final,1599,1,0.9636907902150782,1599,0.8595287965527718
final,1600,1,0.8887253157427948,1600,0.8089165244358307
final,1601,1,0.8966144184026081,1601,0.8778668281748729
final,1602,1,0.9469938814269596,1602,0.9204268732920518
final,1603,1,0.7710747217217483,1603,0.978767258762512
final,1604,1,0.7804166820724638,1604,0.9431260869306337
final,1605,1,0.9727617812602813,1605,0.9350650807900283
final,1606,1,0.8751913895866649,1606,0.9747988673011179
final,1607,1,0.8889825518050398,1607,0.9472328737301452
final,1608,1,0.8935244100124198,1608,0.970854753379787
final,1609,1,0.8976565289428731,1609,0.9433863569176161
final,1610,1,0.8350059100600831,1610,0.9297774294308361
final,1611,1,0.8354966124011567,1611,0.9009934643787746
final,1612,1,0.7507473357582809,1612,0.7958420454255076
final,1613,1,0.9063183692352048,1613,0.8690012530576147
final,1614,1,0.9712284628954784,1614,0.8462026268631512
final,1615,1,0.9565075996324908,1615,0.9508939074868128
final,1616,1,0.7068087616733078,1616,0.9464704707793763
final,1617,1,0.8571113483969754,1617,0.8777467259913349
final,1618,1,0.9047770392736367,1618,0.9067516449907045
final,1619,1,0.9343831003099167,1619,0.8868558133862291
final,1620,1,0.8282884470929563,1620,0.9107538904454298
final,1621,1,0.8763145536103556,1621,0.8256756295643142
final,1622,1,0.9139867195243239,1622,0.9476619555175961
final,1623,1,0.8758020212056636,1623,0.8883221352149551
final,1624,1,0.9435043489377166,1624,0.9062578490900032
final,1625,1,0.9598219381413384,1625,0.9683219308208206
final,1626,1,0.9716735085335773,1626,0.9501447408704156
final,1627,1,0.7621186694906306,1627,0.872851158540824
final,1628,1,0.8753982789712353,1628,0.9593154814899015
final,1629,1,0.7307909221923314,1629,0.8917492729344898
final,1630,1,0.8527895283741365,1630,0.9820581456127897
final,1631,1,0.7635514746322698,1631,0.9711793510596467
final,1632,1,0.9712627344542565,1632,0.9452465869596436
final,1633,1,0.8504110719823315,1633,0.9507509883971503
final,1634,1,0.8840202167118565,1634,0.957715159272045
final,1635,1,0.9609063895029855,1635,0.9191948314381027
final,1636,1,0.8562957667337717,1636,0.8339025973017895
final,1637,1,0.9587128598940506,1637,0.8788563315338308
final,1638,1,0.8315019855110468,1638,0.9168655881425632
final,1639,1,0.8100647540415977,1639,0.9649206245472719
final,1640,1,0.8984969624228394,1640,0.9031587488390309
final,1641,1,0.6371995534895489,1641,0.8089222334307891
final,1642,1,0.8086575223084668,1642,0.9175363286591927
final,1643,1,0.9298444047352963,1643,0.8615714758381063
final,1644,1,0.691592834467553,1644,0.9368005486435308
final,1645,1,0.8757442139514091,1645,0.9115463191067781
final,1646,1,0.9258157404296601,1646,0.902784666861894
final,1647,1,0.9138628360752479,1647,0.9614153235171505
final,1648,1,0.8915027055062434,1648,0.9208507472013872
final,1649,1,0.8931249920428463,1649,0.8503727046272409
final,1650,1,0.930680327433812,1650,0.9563839543354777
final,1651,1,0.766858482881287,1651,0.8988743384430227
final,1652,1,0.9117217880394061,1652,0.9453782245308096
final,1653,1,0.7276121954674803,1653,0.9193340108600802
final,1654,1,0.8792831198181024,1654,0.9029735945380042
final,1655,1,0.9518401944496235,1655,0.8001431938772988
final,1656,1,0.8663854605964632,1656,0.9483883411559748
final,1657,1,0.7501129981180428,1657,0.9469906282072706
final,1658,1,0.7566616898803958,1658,0.9135787778244293
final,1659,1,0.9685302286604409,1659,0.922383076510841
final,1660,1,0.7075956409208993,1660,0.8432131590947982
final,1661,1,0.8895250348843549,1661,0.8790499609086773
final,1662,1,0.9257219228681726,1662,0.80323127848751
final,1663,1,0.8967017057181641,1663,0.8691931413668081
final,1664,1,0.8210179798398352,1664,0.9557826466760047
final,1665,1,0.7983184529995093,1665,0.9684373717462558
final,1666,1,0.8541372190433221,1666,0.9578110541900065
final,1667,1,0.8525572752239897,1667,0.8372532174195588
final,1668,1,0.8700896501505053,1668,0.8833588892714564
final,1669,1,0.9405800472221053,1669,0.918745551701126
final,1670,1,0.866160416956379,1670,0.9684061526420928
final,1671,1,0.9017360309559426,1671,0.9464030491000005
final,1672,1,0.7611529111258729,1672,0.9638289265459417
final,1673,1,0.796283835304225,1673,0.9273459472086685
final,1674,1,0.7018334468434297,1674,0.9821463593319119
final,1675,1,0.882236971978799,1675,0.8910184045467944
final,1676,1,0.9396573307706463,1676,0.8020298134827398
final,1677,1,0.9676893373280199,1677,0.8409830481116826
final,1678,1,0.745535813778706,1678,0.9321599480930214
final,1679,1,0.7945003295247584,1679,0.9214225964705762
final,1680,1,0.887365220434408,1680,0.9784078100100344
final,1681,1,0.7421603348927079,1681,0.90587552543746
final,1682,1,0.810893440734763,1682,0.9033684131245985
final,1683,1,0.8882282718666388,1683,0.9125951349436605
final,1684,1,0.7720265291323023,1684,0.9180970934530376
final,1685,1,0.6461458500359247,1685,0.9165998734752498
final,1686,1,0.9003670567419937,1686,0.8415926100614485
final,1687,1,0.9695427094494495,1687,0.9191773564852421
final,1688,1,0.9069158156432391,1688,0.903555694679776
final,1689,1,0.8332809609802685,1689,0.9054698522789981
final,1690,1,0.8868089873481994,1690,0.9036123555374372
final,1691,1,0.9658423292478926,1691,0.8353085588067495
final,1692,1,0.6393771743321205,1692,0.9225282992752947
final,1693,1,0.8323286792587601,1693,0.9272770646598472
final,1694,1,0.84644494811334,1694,0.8569530910100693
final,1695,1,0.6387711073618947,1695,0.92994171095482
final,1696,1,0.8188150115083865,1696,0.9113207967836736
final,1697,1,0.8333600592313342,1697,0.9416514980634001
final,1698,1,0.8211638132216805,1698,0.8967033768378573
final,1699,1,0.6866950954639484,1699,0.9488051831262118
final,1700,1,0.7176150642095391,1700,0.9705471925864031
final,1701,1,0.8643659029312546,1701,0.9250320436845005
final,1702,1,0.7937222924537337,1702,0.6459156749775044
final,1703,1,0.8093747012120541,1703,0.9883474939711523
final,1704,1,0.8570491430619203,1704,0.932258682392416
final,1705,1,0.9058090770495073,1705,0.8423023076093474
final,1706,1,0.8477331188892554,1706,0.9859486549329637
final,1707,1,0.9525875394975052,1707,0.8027204793485441
final,1708,1,0.9021370489340832,1708,0.9791991010187464
final,1709,1,0.8876284771884912,1709,0.9382908183535745
final,1710,1,0.7710541539009512,1710,0.8711421614251276
final,1711,1,0.6673843946425411,1711,0.9247833450784055
final,1712,1,0.827068819252518,1712,0.9348077393410041
final,1713,1,0.9161748575683224,1713,0.8603896417995038
final,1714,1,0.9131807661410359,1714,0.7853096098939296
final,1715,1,0.8414465092447627,1715,0.9030774611944852
final,1716,1,0.9149861454576468,1716,0.789728898911007
final,1717,1,0.7360721130247082,1717,0.8146296551823047
final,1718,1,0.8785499521601671,1718,0.9493452080099862
final,1719,1,0.7863864256351235,1719,0.9133186401060039
final,1720,1,0.88505321970843,1720,0.9187076397798939
final,1721,1,0.7597582535124031,1721,0.9552646971237051
final,1722,1,0.8924878811102015,1722,0.9643774625798085
final,1723,1,0.7952573546977771,1723,0.9695758962647949
final,1724,1,0.8857023804822899,1724,0.8962807422644881
final,1725,1,0.7567411717969021,1725,0.9216958254372624
final,1726,1,0.8823492120440233,1726,0.9367027927921125
final,1727,1,0.9612900581846229,1727,0.9288119583647356
final,1728,1,0.8894449030701079,1728,0.9357739260723359
final,1729,1,0.7173495821793157,1729,0.8674257620041069
final,1730,1,0.9174082097180205,1730,0.8049148684399862
final,1731,1,0.8370794837911341,1731,0.975263869539408
final,1732,1,0.8546394054638977,1732,0.9519232643527588
final,1733,1,0.776922278008989,1733,0.9254071662418447
final,1734,1,0.844325005762431,1734,0.8591952489920867
final,1735,1,0.9071997586764438,1735,0.9781626672302266
final,1736,1,0.8561668888463487,1736,0.8920556581606098
final,1737,1,0.8971946904209311,1737,0.9660128171261632
final,1738,1,0.8151784210885806,1738,0.6913699066993525
final,1739,1,0.9410649578361447,1739,0.9590447238800124
final,1740,1,0.9587847125953044,1740,0.8846913222276911
final,1741,1,0.9024423970037025,1741,0.9098732687314037
final,1742,1,0.9599376504513626,1742,0.9143926595288479
final,1743,1,0.6503766201957094,1743,0.9601933622844072
final,1744,1,0.7550212945257075,1744,0.9361388663962737
final,1745,1,0.6512171968190947,1745,0.810196900780616
final,1746,1,0.779542652522754,1746,0.8124337174740044
final,1747,1,0.8406101078050783,1747,0.8643610453519033
final,1748,1,0.9175536588163404,1748,0.838209161983865
final,1749,1,0.7224649236651413,1749,0.8779046516925517
final,1750,1,0.7991793072731463,1750,0.8963799204989908
final,1751,1,0.896830161958768,1751,0.8866498575386457
final,1752,1,0.6129702057636022,1752,0.8901112579585996
final,1753,1,0.8236244074953605,1753,0.9247592662949689
final,1754,1,0.9228983176164199,1754,0.9352824102264032
final,1755,1,0.974102449557041,1755,0.866641896866823
final,1756,1,0.9777240744299109,1756,0.9358908931280256
final,1757,1,0.8279665074780138,1757,0.9434255778949066
final,1758,1,0.7332808378735447,1758,0.9824311291914347
final,1759,1,0.9088486873226551,1759,0.9426936887023185
final,1760,1,0.9449592751610119,1760,0.782829391295996
final,1761,1,0.9479702652077289,1761,0.8943279771151693
final,1762,1,0.8707144532780082,1762,0.9090721695300183
final,1763,1,0.9153514012011807,1763,0.6968374833027581
final,1764,1,0.8012595307815519,1764,0.9588838789984674
final,1765,1,0.8072527683031765,1765,0.8900069829730728
final,1766,1,0.9378981540421868,1766,0.910858260880322
final,1767,1,0.8661948658851348,1767,0.8975363494759367
final,1768,1,0.8947851087032164,1768,0.9659556490141227
final,1769,1,0.8744017031482072,1769,0.9683452477161311
final,1770,1,0.8870870525312258,1770,0.9530651604212915
final,1771,1,0.7089826123633423,1771,0.9387507542303496
final,1772,1,0.9732150258643912,1772,0.8767402551347723
final,1773,1,0.814081298480653,1773,0.938408553676993
final,1774,1,0.6940053155882302,1774,0.8655045335584257
final,1775,1,0.7019805674862436,1775,0.9435221013261461
final,1776,1,0.7930613458235134,1776,0.9219080252582696
final,1777,1,0.9120067096884648,1777,0.9730445884861714
final,1778,1,0.9129830621631243,1778,0.9775760547197065
final,1779,1,0.9275244056910983,1779,0.9374880561068479
final,1780,1,0.9735554141342813,1780,0.950200850169786
final,1781,1,0.7881008356636807,1781,0.8753932902588786
final,1782,1,0.8200493874193353,1782,0.9581644390236362
final,1783,1,0.8674138643425017,1783,0.935600529992787
final,1784,1,0.5956398968771133,1784,0.9007081978324936
final,1785,1,0.8739615740661325,1785,0.8533721118342608
final,1786,1,0.8440211694107209,1786,0.9187852594469719
final,1787,1,0.9412032124840011,1787,0.9087118102360576
final,1788,1,0.963738184310474,1788,0.8046114075796871
final,1789,1,0.6672905963164796,1789,0.869190078243022
final,1790,1,0.8728411534484335,1790,0.8655255601577903
final,1791,1,0.9458023793502508,1791,0.8518018382381333
final,1792,1,0.9384722302045645,1792,0.8593948948383692
final,1793,1,0.6936032505645953,1793,0.9039802174765776
final,1794,1,0.897858217370022,1794,0.9532205254668493
final,1795,1,0.9313984383354783,1795,0.927541115279644
final,1796,1,0.882073911151301,1796,0.9237046701422206
final,1797,1,0.8364501290004548,1797,0.9283692376116176
final,1798,1,0.8271997102680481,1798,0.9303237765581223
final,1799,1,0.9051952863598294,1799,0.9308722608027564
final,1800,1,0.9124880621287275,1800,0.9103488682104555
final,1801,1,0.896260547840835,1801,0.763784403302491
final,1802,1,0.8848512247653368,1802,0.9440630231638594
final,1803,1,0.9517530128287461,1803,0.9194519077989651
final,1804,1,0.8508275587729935,1804,0.8428223223078279
final,1805,1,0.9337969437832521,1805,0.9647334819865436
final,1806,1,0.7331892550078493,1806,0.9635284692567148
final,1807,1,0.9089715924319337,1807,0.907596030865785
final,1808,1,0.7257377303197801,1808,0.9382398000028689
final,1809,1,0.6953927771733842,1809,0.907950994125443
final,1810,1,0.9313052666103785,1810,0.9483869158321343
final,1811,1,0.8511879625894204,1811,0.8457044509137361
final,1812,1,0.7730518666379296,1812,0.7542951029063976
final,1813,1,0.8773922455690075,1813,0.8993096234198263
final,1814,1,0.9297955801787257,1814,0.9163649123240618
final,1815,1,0.9151825985242444,1815,0.8790108543945234
final,1816,1,0.9382637203944961,1816,0.956878209471073
final,1817,1,0.7824646184424342,1817,0.9674088771750926
final,1818,1,0.7919341784622789,1818,0.9023316211268773
final,1819,1,0.8899347293096069,1819,0.9844004838367579
final,1820,1,0.9050556769970715,1820,0.8628553670491605
final,1821,1,0.9796425250489165,1821,0.9115873870876555
final,1822,1,0.8926810286774582,1822,0.8820080403328555
final,1823,1,0.9791717743718928,1823,0.9477109128044021
final,1824,1,0.7150928192514389,1824,0.8633447560824388
final,1825,1,0.785588273332041,1825,0.9499996668243567
final,1826,1,0.7481551683631631,1826,0.8897417739289015
final,1827,1,0.7914898894571472,1827,0.87787506719682
final,1828,1,0.8596648203707797,1828,0.9073302128603666
final,1829,1,0.6882486249548472,1829,0.9310685039351945
final,1830,1,0.7974568833147861,1830,0.8875667749881275
final,1831,1,0.9082431139987293,1831,0.8014212292745932
final,1832,1,0.9073263139968271,1832,0.8118177346718067
final,1833,1,0.6876197380855041,1833,0.8808169829805952
final,1834,1,0.7055401238639644,1834,0.9273086846605935
final,1835,1,0.8279987407953657,1835,0.8033811256802508
final,1836,1,0.9434689671579837,1836,0.7924023448730462
final,1837,1,0.7914643487364039,1837,0.8814630599704292
final,1838,1,0.8916226850207438,1838,0.8845603028793042
final,1839,1,0.7637095147367232,1839,0.974285092454398
final,1840,1,0.8418317373596875,1840,0.8590635950747301
final,1841,1,0.8818662152945055,1841,0.8831570232855723
final,1842,1,0.8514267266375298,1842,0.8524150253985184
final,1843,1,0.7449895979717637,1843,0.945580075804211
final,1844,1,0.895838879992967,1844,0.9795315614747921
final,1845,1,0.8234601386834173,1845,0.9342858613064314
final,1846,1,0.721090650450133,1846,0.8960094036626887
final,1847,1,0.8547073890001471,1847,0.970253844253923
final,1848,1,0.9001212253603372,1848,0.8190655117971506
final,1849,1,0.9313507714817413,1849,0.9202989805502149
final,1850,1,0.7870870509117143,1850,0.9098419639850781
final,1851,1,0.6732831379567792,1851,0.9390349888914671
final,1852,1,0.8638582345639887,1852,0.936746945900059
final,1853,1,0.9531207584654416,1853,0.9373332971551112
final,1854,1,0.8281929216928849,1854,0.9131857552008038
final,1855,1,0.841158935403447,1855,0.8863677307684728
final,1856,1,0.8602965004944593,1856,0.943141393396145
final,1857,1,0.7598063607958478,1857,0.9136287176971911
final,1858,1,0.7425424388557837,1858,0.9240145112669138
final,1859,1,0.6415140654715877,1859,0.8512782563203891
final,1860,1,0.6433024829889765,1860,0.9041938507530236
final,1861,1,0.8453672852877587,1861,0.9567485942544447
final,1862,1,0.7720851780433324,1862,0.9119895730282184
final,1863,1,0.9667232152741618,1863,0.9048299778071828
final,1864,1,0.9809420341249608,1864,0.8582376857701186
final,1865,1,0.8517489040815884,1865,0.9322423664350412
final,1866,1,0.8220196631138453,1866,0.9244317528886348
final,1867,1,0.8315652542774268,1867,0.9216332989795539
final,1868,1,0.867981231514614,1868,0.9576056032339102
final,1869,1,0.776200356565804,1869,0.8262743686481769
final,1870,1,0.6547326758560192,1870,0.9613045941149592
final,1871,1,0.7594475421325135,1871,0.9264780598660447
final,1872,1,0.8197254112563686,1872,0.9339464827933719
final,1873,1,0.7164365163433986,1873,0.9291021976573282
final,1874,1,0.6893970127793039,1874,0.9170476864086932
final,1875,1,0.975647002225029,1875,0.9186184511141362
final,1876,1,0.741807757589848,1876,0.8648455425980367
final,1877,1,0.913237362940045,1877,0.9632679016747397
final,1878,1,0.7499508685065589,1878,0.9649742147943374
final,1879,1,0.9265036489958637,1879,0.9605606414013104
final,1880,1,0.8043602448107612,1880,0.890446533202412
final,1881,1,0.8200079221733557,1881,0.9815530520351377
final,1882,1,0.879512149236825,1882,0.9146887817456503
final,1883,1,0.8875160523789154,1883,0.9310120659859209
final,1884,1,0.8776588565347045,1884,0.8273772786245686
final,1885,1,0.8891337611394963,1885,0.9485454578517882
final,1886,1,0.9200479505024821,1886,0.9754624025477199
final,1887,1,0.8150972342550344,1887,0.9338537616458799
final,1888,1,0.9172769729734086,1888,0.9851690344080024
final,1889,1,0.8549962170917611,1889,0.9043864192256468
final,1890,1,0.79827394724641,1890,0.9604735136979249
final,1891,1,0.854389929595373,1891,0.9206396332318649
final,1892,1,0.8913103219766131,1892,0.8616704892565394
final,1893,1,0.7889345134348136,1893,0.9166850241688622
final,1894,1,0.8031252732122622,1894,0.8422012202291382
final,1895,1,0.9069081634505826,1895,0.9407045680119688
final,1896,1,0.8639441025686649,1896,0.8835392415319512
final,1897,1,0.9245135089273464,1897,0.9208555204162183
final,1898,1,0.8215031576835516,1898,0.9595357108322996
final,1899,1,0.9002951887006859,1899,0.8454828172327513
final,1900,1,0.7382202673916859,1900,0.9127069991310233
final,1901,1,0.7089671015228803,1901,0.7805425368341392
final,1902,1,0.8004771510465709,1902,0.8978002091306323
final,1903,1,0.8914973960139414,1903,0.9056300894574711
final,1904,1,0.8850921326954814,1904,0.8112379917933875
final,1905,1,0.7257863983109306,1905,0.9267330707064456
final,1906,1,0.8946561087007967,1906,0.9585741563943242
final,1907,1,0.8219124397385327,1907,0.9410751965932472
final,1908,1,0.7977993142927025,1908,0.8697641439724101
final,1909,1,0.75056282560867,1909,0.9446976666450031
final,1910,1,0.8006312812489274,1910,0.9633264612508667
final,1911,1,0.9473795910911331,1911,0.9462651268871956
final,1912,1,0.9201079087898751,1912,0.9650184191606129
final,1913,1,0.6674996078768237,1913,0.8946643153617053
final,1914,1,0.9114566777166131,1914,0.9053733956233879
final,1915,1,0.9680365521287579,1915,0.8359210890352156
final,1916,1,0.6338195122495137,1916,0.9127254782752677
final,1917,1,0.8705456390968058,1917,0.8610009325444011
final,1918,1,0.7439726364120725,1918,0.946765366229662
final,1919,1,0.743917944477537,1919,0.8343637816728168
final,1920,1,0.7318664565937185,1920,0.8913946640193442
final,1921,1,0.9646563517522959,1921,0.8369589418083287
final,1922,1,0.8389083885332835,1922,0.8269669114485646
final,1923,1,0.9825153535864892,1923,0.9490902690276206
final,1924,1,0.9271103334891915,1924,0.9580615184663077
final,1925,1,0.7292989651953125,1925,0.8713053528270314
final,1926,1,0.7061741911499717,1926,0.9116427354146216
final,1927,1,0.6059941509547382,1927,0.892999511321708
final,1928,1,0.839534555965515,1928,0.9194221279593247
final,1929,1,0.9356360862813077,1929,0.9537499331141637
final,1930,1,0.7380391064482711,1930,0.8957424867198964
final,1931,1,0.5995814819211458,1931,0.8720391320589982
final,1932,1,0.8358459558732181,1932,0.9203154205796533
final,1933,1,0.9089305271646348,1933,0.8234282117384142
final,1934,1,0.8694221633501481,1934,0.9109500110526794
final,1935,1,0.8241129512859662,1935,0.8448943715967334
final,1936,1,0.802242543299398,1936,0.957757195834043
final,1937,1,0.9040930581901097,1937,0.8411125863094888
final,1938,1,0.6772619121610264,1938,0.9044107771357652
final,1939,1,0.8498311533138079,1939,0.9147225050873405
final,1940,1,0.9154623036559142,1940,0.9596685477234599
final,1941,1,0.9509045357420537,1941,0.9246690753708264
final,1942,1,0.9021388059613511,1942,0.8937851861370998
final,1943,1,0.7765910112694308,1943,0.8606988057861125
final,1944,1,0.6619708562321192,1944,0.9286612521736684
final,1945,1,0.8316948636923164,1945,0.8404915322453372
final,1946,1,0.8173106562541901,1946,0.9354666130704387
final,1947,1,0.908724189261275,1947,0.9551361009483936
final,1948,1,0.974736673388705,1948,0.9045028846246105
final,1949,1,0.9523042308274308,1949,0.9357130545190258
final,1950,1,0.8227270457682899,1950,0.7949347304320119
final,1951,1,0.8420110195964912,1951,0.9443353034502571
final,1952,1,0.8945850886791751,1952,0.910321478214281
final,1953,1,0.9014169232734832,1953,0.9488719586017824
final,1954,1,0.9279425595043787,1954,0.9757401967586528
final,1955,1,0.7621797377281416,1955,0.968241548612971
final,1956,1,0.7650852099465215,1956,0.9670496763909264
final,1957,1,0.9425395797117903,1957,0.9129479472382447
final,1958,1,0.8401180855463771,1958,0.813117929239334
final,1959,1,0.98403180892416,1959,0.9327473314263837
final,1960,1,0.6964240353095084,1960,0.8677349923808937
final,1961,1,0.7507054146068882,1961,0.9223604070427802
final,1962,1,0.8510219547062206,1962,0.9513968780638655
final,1963,1,0.8762774245613061,1963,0.8779846117640441
final,1964,1,0.9120166611189653,1964,0.8082195919008202
final,1965,1,0.8854531506950645,1965,0.8461263764221627
final,1966,1,0.9406030315707876,1966,0.9521137872327184
final,1967,1,0.7873381260092149,1967,0.8486020033066987
final,1968,1,0.9567299644146714,1968,0.9125535834907615
final,1969,1,0.7633070009529254,1969,0.9774862360487483
final,1970,1,0.8845689280351627,1970,0.9220001462551515
final,1971,1,0.86435119920993,1971,0.9028295999799519
final,1972,1,0.9183600641604255,1972,0.9218901256240026
final,1973,1,0.951075369817696,1973,0.8889943999795518
final,1974,1,0.9163956314919208,1974,0.8983721437265209
final,1975,1,0.8408435631246158,1975,0.9142316644046047
final,1976,1,0.9155528731612721,1976,0.8160952375625314
final,1977,1,0.9866667403222178,1977,0.8664636031283344
final,1978,1,0.9403782050743772,1978,0.9717814475377397
final,1979,1,0.9595079245189051,1979,0.8512695845734152
final,1980,1,0.9268438186932169,1980,0.8999446236043842
final,1981,1,0.8928403137146683,1981,0.9802412556242068
final,1982,1,0.9228667760060014,1982,0.8934005404159449
final,1983,1,0.9396962710066612,1983,0.9568338716192916
final,1984,1,0.9626255781290383,1984,0.8356417436892376
final,1985,1,0.8734541253052961,1985,0.9441931188699406
final,1986,1,0.9598879977655164,1986,0.9504031011267523
final,1987,1,0.8434066067224492,1987,0.850294443713792
final,1988,1,0.7542191836181666,1988,0.9301984081451644
final,1989,1,0.969938468286541,1989,0.9111258984686617
final,1990,1,0.9592696472833733,1990,0.9252653649682405
final,1991,1,0.7293286664059994,1991,0.8603444553643397
final,1992,1,0.867872802083892,1992,0.8563334929210983
final,1993,1,0.8563375512944608,1993,0.9074357124954434
final,1994,1,0.9277821997537093,1994,0.9225911578486135
final,1995,1,0.9301880938421019,1995,0.9524448984330771
final,1996,1,0.804094478718925,1996,0.9735073486526693
final,1997,1,0.870779218171059,1997,0.9516387484374409
final,1998,1,0.9824921666307573,1998,0.8180304212149256
final,1999,1,0.9310767570659109,1999,0.9273288750589228
final,2000,1,0.7967317561061442,2000,0.9443392023624774
final,2001,1,0.8076025382634191,2001,0.873176411825156
final,2002,1,0.7756925269437727,2002,0.9151510834443579
final,2003,1,0.9204191807166788,2003,0.9758842853176244
final,2004,1,0.9534568433981916,2004,0.945218443464952
final,2005,1,0.8877919916349609,2005,0.9764416908082711
final,2006,1,0.7037676799198417,2006,0.8771260777060622
final,2007,1,0.8406156921182166,2007,0.8084231237823625
final,2008,1,0.7592066794672152,2008,0.9439382660839186
final,2009,1,0.6922195244231317,2009,0.980710338954345
final,2010,1,0.9363659866430218,2010,0.8110320769637857
final,2011,1,0.9670448940575112,2011,0.9588204979660289
final,2012,1,0.949053561912545,2012,0.935799416926914
final,2013,1,0.7620217263268956,2013,0.9437617101515434
final,2014,1,0.8982706365174364,2014,0.9195553006316386
final,2015,1,0.903249576747107,2015,0.9374295702188089
final,2016,1,0.9513670471981479,2016,0.936677262640903
final,2017,1,0.8991777578604401,2017,0.8752059085013191
final,2018,1,0.7593260775385688,2018,0.9303011353479786
final,2019,1,0.8863485391393091,2019,0.9685827095023996
final,2020,1,0.9081063592996825,2020,0.9436884762962849
final,2021,1,0.9118466418991819,2021,0.9603467272454618
final,2022,1,0.8189999868191401,2022,0.9377244661430313
final,2023,1,0.8663733798970389,2023,0.8899652248918312
final,2024,1,0.8918264481735998,2024,0.9215017728005471
final,2025,1,0.9783491622281055,2025,0.900146155371154
final,2026,1,0.7221797001245184,2026,0.8692794278735796
final,2027,1,0.902054745958128,2027,0.9154446770614806
final,2028,1,0.9435381896224012,2028,0.8786493669369442
final,2029,1,0.9357533120301805,2029,0.966565288510322
final,2030,1,0.8961609680437217,2030,0.9466815903852153
final,2031,1,0.8513582828623485,2031,0.8067119271368224
final,2032,1,0.9806239678137247,2032,0.8283519448857342
final,2033,1,0.7495568355884319,2033,0.9409412066026887
final,2034,1,0.8887664033375239,2034,0.9143295484742402
final,2035,1,0.8256766880881181,2035,0.7683008155364497
final,2036,1,0.899771994285643,2036,0.840704970903291
final,2037,1,0.7772309079237394,2037,0.9334231254663243
final,2038,1,0.7669584321150762,2038,0.8686812967864255
final,2039,1,0.9307007153822859,2039,0.9053624468126473
final,2040,1,0.9440848943767326,2040,0.9213884966333807
final,2041,1,0.8417901639515075,2041,0.9681756472262297
final,2042,1,0.9028814215862164,2042,0.8959092064069222
final,2043,1,0.8821583854534852,2043,0.8817545415246124
final,2044,1,0.7418228676946782,2044,0.9671017034327769
final,2045,1,0.936281413991259,2045,0.8812834575819035
final,2046,1,0.7823537558830322,2046,0.8393141988490801
final,2047,1,0.9542763462519395,2047,0.8451983448790465
final,2048,1,0.8898721979104943,2048,0.943180833284816
final,2049,1,0.7054965839435263,2049,0.919267312001298
final,2050,1,0.7657369614255184,2050,0.7886972191682089
final,2051,1,0.9539960769734309,2051,0.8901870783728015
final,2052,1,0.791899339714154,2052,0.8646532625058186
final,2053,1,0.8536355994652055,2053,0.931940182063999
final,2054,1,0.9665056447678939,2054,0.9079011001304464
final,2055,1,0.7620804877972502,2055,0.8980749206167313
final,2056,1,0.9283916356725909,2056,0.9193172467123216
final,2057,1,0.9212122959525916,2057,0.9629981981726321
final,2058,1,0.8195377749130999,2058,0.9744693241873839
final,2059,1,0.9210673751443709,2059,0.913985217628122
final,2060,1,0.8682536151557607,2060,0.9261503497627213
final,2061,1,0.8131452796120404,2061,0.8907120999366239
final,2062,1,0.784798187432995,2062,0.9845784874992013
final,2063,1,0.8674069991988472,2063,0.8944557189952856
final,2064,1,0.863643108161768,2064,0.9035611716729754
final,2065,1,0.8360355919356341,2065,0.8685354020916974
final,2066,1,0.5974423051602403,2066,0.9845356493196847
final,2067,1,0.8860131066020587,2067,0.8989593076211768
final,2068,1,0.7084829210750666,2068,0.8808812010165668
final,2069,1,0.9635514656590178,2069,0.8780128393935822
final,2070,1,0.9027723458602331,2070,0.9084029488682602
final,2071,1,0.9305362838231475,2071,0.9682192095117694
final,2072,1,0.9501525171303488,2072,0.935834105005823
final,2073,1,0.9597355118915388,2073,0.9658620830907862
final,2074,1,0.9612068091005379,2074,0.8930025988707573
final,2075,1,0.9121165851937542,2075,0.9373738872485284
final,2076,1,0.8395029084475121,2076,0.9541246882196202
final,2077,1,0.6035363711677706,2077,0.8615338734540379
final,2078,1,0.8149022140633345,2078,0.9538002200543458
final,2079,1,0.8909330183220391,2079,0.9170094279882668
final,2080,1,0.8983663923000285,2080,0.9449002303197142
final,2081,1,0.6619201761438095,2081,0.9655960729824757
final,2082,1,0.8144638340537751,2082,0.9334124956768134
final,2083,1,0.8422918601811942,2083,0.9617100452194978
final,2084,1,0.8822457592014433,2084,0.9440987524551004
final,2085,1,0.7639091420519926,2085,0.9329833267863357
final,2086,1,0.9421071961795591,2086,0.9109938335350384
final,2087,1,0.8483225236063132,2087,0.9520749375226114
final,2088,1,0.7094136636133865,2088,0.7546003079101873
final,2089,1,0.9506368271457956,2089,0.9021185993751526
final,2090,1,0.8280747002294003,2090,0.8642347527511101
final,2091,1,0.8707890102961318,2091,0.8744219507509922
final,2092,1,0.9388744652356544,2092,0.9368767973813764
final,2093,1,0.9097189929602656,2093,0.9650436895515595
final,2094,1,0.593803550078134,2094,0.9027517133178268
final,2095,1,0.9658914169840445,2095,0.8187383160436827
final,2096,1,0.8310353540015651,2096,0.9645415134850859
final,2097,1,0.6420995824447642,2097,0.9479870024095602
final,2098,1,0.821785048473594,2098,0.8642649168868974
final,2099,1,0.725281504682716,2099,0.9430826147266624
final,2100,1,0.8547487661618957,2100,0.9064098349434442
final,2101,1,0.9531431023449226,2101,0.866411597813145
final,2102,1,0.9434230922391105,2102,0.9476399885735739
final,2103,1,0.916518280939977,2103,0.8924788495635465
final,2104,1,0.8761137795173171,2104,0.9666647703359128
final,2105,1,0.8747443307888375,2105,0.9370136278773784
final,2106,1,0.9291876050385157,2106,0.8350870213173498
final,2107,1,0.9780133888606888,2107,0.9092801702530635
final,2108,1,0.905685650430091,2108,0.9566879569263819
final,2109,1,0.8355690673648464,2109,0.9504608277694653
final,2110,1,0.9351783513400465,2110,0.8280394880993938
final,2111,1,0.9362774428327966,2111,0.966408928172402
final,2112,1,0.9074445522692645,2112,0.8799405597518782
final,2113,1,0.8818883310794685,2113,0.9384772973956926
final,2114,1,0.837795411145691,2114,0.9243027667595298
final,2115,1,0.8645176491721613,2115,0.8116568901170809
final,2116,1,0.8450791849576579,2116,0.8628806620548264
final,2117,1,0.8392938185157176,2117,0.9195394200390423
final,2118,1,0.8862580339516157,2118,0.8582068486701316
final,2119,1,0.9032926855877986,2119,0.85104470786178
final,2120,1,0.8859677732773725,2120,0.7776288781341891
final,2121,1,0.8974604783414533,2121,0.8717760853151517
final,2122,1,0.9278261152530279,2122,0.8784692353386702
final,2123,1,0.7242513835975177,2123,0.9354595300247066
final,2124,1,0.7841908491764195,2124,0.9769711000438586
final,2125,1,0.8236295706478234,2125,0.8703144649711991
final,2126,1,0.9260444963889252,2126,0.9448673712462494
final,2127,1,0.949730437231599,2127,0.86527629748491
final,2128,1,0.9224560995486619,2128,0.9048360867492502
final,2129,1,0.6849275484149058,2129,0.8276403796866018
final,2130,1,0.8740221173598008,2130,0.9089322143698588
final,2131,1,0.8328795776911874,2131,0.8246362652709541
final,2132,1,0.9483077651354224,2132,0.9756612056453348
final,2133,1,0.9761196002385335,2133,0.9485551809872823
final,2134,1,0.9313214484881267,2134,0.8884903015618525
final,2135,1,0.9128111240875889,2135,0.924931507236546
final,2136,1,0.9700787793884467,2136,0.8975375984847623
final,2137,1,0.9234847086233462,2137,0.974449551114929
final,2138,1,0.8114762158774814,2138,0.8906964255031575
final,2139,1,0.7579183779856612,2139,0.8311123393581854
final,2140,1,0.9227480688657773,2140,0.9131535070667403
final,2141,1,0.8530091516257305,2141,0.8927735165467718
final,2142,1,0.9205852490757553,2142,0.9717176517932413
final,2143,1,0.7885635060236513,2143,0.8936332396660656
final,2144,1,0.6172652630817426,2144,0.9423568356000587
final,2145,1,0.9209441287840501,2145,0.9541471700595434
final,2146,1,0.9829527481687689,2146,0.9378669625373903
final,2147,1,0.7837773865724145,2147,0.9696411130511536
final,2148,1,0.8368855486231228,2148,0.9791827132577374
final,2149,1,0.8338275362653302,2149,0.8611873114899842
final,2150,1,0.8449572425523397,2150,0.8872831179418277
final,2151,1,0.9549810216700108,2151,0.9535889991280041
final,2152,1,0.8689424477155185,2152,0.989033260873649
final,2153,1,0.6290499143715036,2153,0.902661017394492
final,2154,1,0.7813690006496579,2154,0.9093894821371585
final,2155,1,0.8503171872999886,2155,0.9379266858065154
final,2156,1,0.9092938906559063,2156,0.9609261610364805
final,2157,1,0.7097780623996468,2157,0.9417920414986445
final,2158,1,0.7451983732832679,2158,0.8488236848431829
final,2159,1,0.8701245704170157,2159,0.9291795797978132
final,2160,1,0.8636989051074693,2160,0.8427396734383357
final,2161,1,0.7896756860498881,2161,0.9666151341123351
final,2162,1,0.9336337233488664,2162,0.885298207305907
final,2163,1,0.9534656276103924,2163,0.9462569822803664
final,2164,1,0.7863514737769719,2164,0.9269316213100591
final,2165,1,0.771138793725122,2165,0.9413316699610892
final,2166,1,0.7636459074589366,2166,0.9537732739712269
final,2167,1,0.8303853713922709,2167,0.9265468006393478
final,2168,1,0.8005937727947561,2168,0.9499869511624639
final,2169,1,0.9597294873487379,2169,0.8848953864371778
final,2170,1,0.6923370927803879,2170,0.9201947251498473
final,2171,1,0.8092288248375039,2171,0.92907535259829
final,2172,1,0.9423160869684196,2172,0.9507935472860536
final,2173,1,0.9084448691154847,2173,0.9150745872229532
final,2174,1,0.9695550357267586,2174,0.8800961377966681
final,2175,1,0.8913259589107027,2175,0.9706524987187679
final,2176,1,0.7255489366720401,2176,0.9058076884451332
final,2177,1,0.6852550566091038,2177,0.8672737458652853
final,2178,1,0.8618879705519082,2178,0.9135839668582216
final,2179,1,0.8244239827030224,2179,0.9472524012032877
final,2180,1,0.7351802553109416,2180,0.9285704025762157
final,2181,1,0.838006716194799,2181,0.8703227112976795
final,2182,1,0.8289302577026727,2182,0.9419786725329947
final,2183,1,0.7394607394091854,2183,0.9355695839014883
final,2184,1,0.885137140097084,2184,0.8557849620350785
final,2185,1,0.5828820911536513,2185,0.9150233384112142
final,2186,1,0.7628064410996662,2186,0.9769431201991674
final,2187,1,0.9164616091069193,2187,0.9749512965021623
final,2188,1,0.661407781637641,2188,0.8162166947931506
final,2189,1,0.969404622573035,2189,0.8749565250462971
final,2190,1,0.7198716997935026,2190,0.9442862759422714
final,2191,1,0.9209171273633008,2191,0.9466897747556458
final,2192,1,0.9483065918679632,2192,0.9244296404517887
final,2193,1,0.7528786955827909,2193,0.9532996951976951
final,2194,1,0.7315120715018993,2194,0.963274369027246
final,2195,1,0.9635946611740923,2195,0.9542908475112799
final,2196,1,0.8929202599492789,2196,0.9196282536593678
final,2197,1,0.8980620331837,2197,0.9387512748963701
final,2198,1,0.8327208941425612,2198,0.8794075229629272
final,2199,1,0.8228432165808335,2199,0.8768057316735314
final,2200,1,0.7521232125921239,2200,0.8800245041343181
final,2201,1,0.7416249083865293,2201,0.8841175414728726
final,2202,1,0.9571847061016363,2202,0.8670709253113482
final,2203,1,0.798218073356343,2203,0.934076929946489
final,2204,1,0.9636551354904639,2204,0.9384567581698369
final,2205,1,0.964468473799288,2205,0.8992949784068329
final,2206,1,0.9479008403634077,2206,0.9518420714073936
final,2207,1,0.9007340073145349,2207,0.9653287763201632
final,2208,1,0.8676720360246993,2208,0.9729322349647949
final,2209,1,0.8901490771785389,2209,0.9351785209042309
final,2210,1,0.9306689821638403,2210,0.9241508864902821
final,2211,1,0.9351059600267124,2211,0.911608651105618
final,2212,1,0.9452506607492779,2212,0.8506176652464577
final,2213,1,0.9316924157500936,2213,0.8798322007944366
final,2214,1,0.8815155495890281,2214,0.9511753840714685
final,2215,1,0.8537590102022176,2215,0.9374624763636787
final,2216,1,0.8346444643461892,2216,0.9033241867459529
final,2217,1,0.9565594650648945,2217,0.7746190547904899
final,2218,1,0.8986980172770216,2218,0.9356606152561335
final,2219,1,0.9592621281074374,2219,0.9712962173030224
final,2220,1,0.8182320430524799,2220,0.8835473976199286
final,2221,1,0.7708480954086491,2221,0.8602896667418328
final,2222,1,0.9614039313694455,2222,0.8668228433971337
final,2223,1,0.6495363188636994,2223,0.9137821743028758
final,2224,1,0.938632307526597,2224,0.9392497595088707
final,2225,1,0.8572250019197207,2225,0.9009985518894705
final,2226,1,0.7105789463979006,2226,0.9004334617971419
final,2227,1,0.8557972127181313,2227,0.9310527153021837
final,2228,1,0.9122194144691291,2228,0.9615342357690533
final,2229,1,0.8310717685439732,2229,0.927078646436818
final,2230,1,0.8864818873858329,2230,0.9495304012661743
final,2231,1,0.8969719050776681,2231,0.8736457621349303
final,2232,1,0.8217200494934961,2232,0.813817456290487
final,2233,1,0.8361835740814967,2233,0.8960988839045174
final,2234,1,0.7926859791233809,2234,0.9378410720602317
final,2235,1,0.9574133215669699,2235,0.9366638329791284
final,2236,1,0.9009781538084376,2236,0.947044328908822
final,2237,1,0.753974043715496,2237,0.9092314914072199
final,2238,1,0.7267162978822534,2238,0.9213188775954384
final,2239,1,0.7846296741884109,2239,0.9701267864080988
final,2240,1,0.9122489386133352,2240,0.9267226406431959
final,2241,1,0.9271093134860735,2241,0.8353003198360656
final,2242,1,0.8514576475610061,2242,0.9532163528763508
final,2243,1,0.8547061225292851,2243,0.867304478224629
final,2244,1,0.8712183194449723,2244,0.9115887150497527
final,2245,1,0.6852779149124573,2245,0.94791949596999
final,2246,1,0.9191617668860914,2246,0.8128869953696516
final,2247,1,0.7459439530285914,2247,0.9749490416397175
final,2248,1,0.9701393365662916,2248,0.9396384154959514
final,2249,1,0.9397101323298681,2249,0.9760596745806336
final,2250,1,0.9612811052612058,2250,0.8706770827373211
final,2251,1,0.8653810900143577,2251,0.9417245700577987
final,2252,1,0.6758465028843181,2252,0.952840340635943
final,2253,1,0.8144567644183971,2253,0.9291013073202887
final,2254,1,0.8578624211689143,2254,0.96434635185101
final,2255,1,0.909869191681321,2255,0.8750694750159858
final,2256,1,0.9035674762926682,2256,0.9115013278328064
final,2257,1,0.6908907395357214,2257,0.9851337144833587
final,2258,1,0.6986193848656922,2258,0.880421334841367
final,2259,1,0.8663096476122594,2259,0.9624421411934345
final,2260,1,0.8141487437026063,2260,0.8483664934883051
final,2261,1,0.9272045956721569,2261,0.7999455259679147
final,2262,1,0.9622594808036733,2262,0.8904798317396037
final,2263,1,0.8540315743495057,2263,0.8928672611639182
final,2264,1,0.8636728418011488,2264,0.9444142274247043
final,2265,1,0.8697581904451341,2265,0.9576843107484716
final,2266,1,0.8087154425657065,2266,0.9188659479988934
final,2267,1,0.9497951697065166,2267,0.9061312285713539
final,2268,1,0.9425081857099953,2268,0.7797810339247577
final,2269,1,0.9826959408355396,2269,0.8585174899736883
final,2270,1,0.8081681778853596,2270,0.9296530166693918
final,2271,1,0.7717344998742746,2271,0.9053687865687373
final,2272,1,0.8475159911572865,2272,0.9759021074596497
final,2273,1,0.8016389156746853,2273,0.8768807320842947
final,2274,1,0.8878058572013322,2274,0.8773200124016391
final,2275,1,0.9578496035595033,2275,0.890390245399713
final,2276,1,0.9611083847678068,2276,0.9396628759547077
final,2277,1,0.7614215256898176,2277,0.9768194664826297
final,2278,1,0.9278882054029478,2278,0.9350264476914011
final,2279,1,0.8556987028945315,2279,0.9355343480831692
final,2280,1,0.8432256284666064,2280,0.9030084056866938
final,2281,1,0.7881303862642741,2281,0.8614898167344001
final,2282,1,0.8015519619156817,2282,0.8559875206075777
final,2283,1,0.7486190874848234,2283,0.9753723215885775
final,2284,1,0.8316607346359652,2284,0.8285723881870344
final,2285,1,0.7271892091993513,2285,0.9588936657626426
final,2286,1,0.6441169740140339,2286,0.9101671272642313
final,2287,1,0.7840229023898384,2287,0.9573412856664356
final,2288,1,0.8028250294798529,2288,0.9463944375981032
final,2289,1,0.8735879022409967,2289,0.9457724027524463
final,2290,1,0.8884915990915099,2290,0.9569950341140652
final,2291,1,0.83743665286625,2291,0.924867258382347
final,2292,1,0.9405156509219241,2292,0.9170547993305935
final,2293,1,0.9665979133837919,2293,0.8716774726169545
final,2294,1,0.9808602429783899,2294,0.9321125641443385
final,2295,1,0.7515091315158731,2295,0.9313252149340091
final,2296,1,0.913401791254324,2296,0.8500003610143713
final,2297,1,0.8756063163757187,2297,0.8507550976388176
final,2298,1,0.8218732055163102,2298,0.8737653947710049
final,2299,1,0.9306592223981258,2299,0.9525780255743922
final,2300,1,0.9643378104126368,2300,0.9194332233516027
final,2301,1,0.8424242890554829,2301,0.8201059097324171
final,2302,1,0.863843115893477,2302,0.955156172489212
final,2303,1,0.9068786051583706,2303,0.8935512706522925
final,2304,1,0.8328934786318007,2304,0.8924147996327576
final,2305,1,0.9611824307701436,2305,0.8776108891078542
final,2306,1,0.9568406125275559,2306,0.947410057090426
final,2307,1,0.8343555430852025,2307,0.9672763209958597
final,2308,1,0.7925613344114308,2308,0.930095678178404
final,2309,1,0.6945626751204022,2309,0.8913288946267162
final,2310,1,0.8544966934566343,2310,0.8292610493700674
final,2311,1,0.8896683463873476,2311,0.9512300347754883
final,2312,1,0.9495766704469801,2312,0.852595338969435
final,2313,1,0.8230384796311627,2313,0.8886250863154797
final,2314,1,0.8567614281473116,2314,0.9597743040141937
final,2315,1,0.8836607404768498,2315,0.806900173120144
final,2316,1,0.9623815527330566,2316,0.8583074194056304
final,2317,1,0.7773908040210304,2317,0.9327170850139661
final,2318,1,0.7559324990998875,2318,0.9641558935394401
final,2319,1,0.9278441134133443,2319,0.9362035780359698
final,2320,1,0.8433146604852229,2320,0.8724119906181621
final,2321,1,0.881368715400278,2321,0.9782421175713079
final,2322,1,0.9654501483512257,2322,0.8230529973007228
final,2323,1,0.9381989716715279,2323,0.93638407671215
final,2324,1,0.7277563061930563,2324,0.9639031656534213
final,2325,1,0.9808178185605156,2325,0.9451554627713533
final,2326,1,0.8798575737691667,2326,0.8219163728768087
final,2327,1,0.8835250213030794,2327,0.7957730931958817
final,2328,1,0.9422526118680332,2328,0.9530545533992072
final,2329,1,0.8047062169529644,2329,0.7913577209312741
final,2330,1,0.8044555735846972,2330,0.9548605261182028
final,2331,1,0.7531498886457932,2331,0.8584145482044445
final,2332,1,0.966544595471901,2332,0.7780255789577872
final,2333,1,0.906901226701941,2333,0.9432072211090969
final,2334,1,0.9501585607301283,2334,0.8954420345683607
final,2335,1,0.7522233648827976,2335,0.9463799921464334
final,2336,1,0.8911251558299982,2336,0.9295110988387327
final,2337,1,0.9785834778406963,2337,0.7231320929118032
final,2338,1,0.8432433336711778,2338,0.9522350398436148
final,2339,1,0.8041390465110967,2339,0.911099035602668
final,2340,1,0.7429475668004112,2340,0.961523339344273
final,2341,1,0.9035520167686282,2341,0.8697659248892667
final,2342,1,0.8745419521490665,2342,0.8149984059866957
final,2343,1,0.7465202326772018,2343,0.9614545797298739
final,2344,1,0.6379692185458219,2344,0.9193972616413186
final,2345,1,0.8194559704171185,2345,0.8722742595883564
final,2346,1,0.7799243263627031,2346,0.9296968220713289
final,2347,1,0.8037972505590268,2347,0.8484012404974084
final,2348,1,0.9763730306826727,2348,0.9578804697681675
final,2349,1,0.9502392264088833,2349,0.9762200840526842
final,2350,1,0.9804369163245386,2350,0.8701301518009035
final,2351,1,0.9483575273156828,2351,0.9558103508041481
final,2352,1,0.8598649360656405,2352,0.9284818030832465
final,2353,1,0.7490468707241171,2353,0.985414675508949
final,2354,1,0.9159940389470378,2354,0.8658365519416853
final,2355,1,0.9484277490604228,2355,0.9373396915309891
final,2356,1,0.8909770888396951,2356,0.9524605901417085
final,2357,1,0.9451828625002076,2357,0.9476923282391028
final,2358,1,0.9171142475196791,2358,0.8605739490516853
final,2359,1,0.8212750513427238,2359,0.7977909231187823
final,2360,1,0.757864605290375,2360,0.9638940849124897
final,2361,1,0.902961467640345,2361,0.8443580166814129
final,2362,1,0.9702715418763439,2362,0.9231544597932533
final,2363,1,0.8508382206548919,2363,0.8618593606458642
final,2364,1,0.9509098980839342,2364,0.8831629696089571
final,2365,1,0.7907938363219149,2365,0.9041684241214527
final,2366,1,0.9706796087235285,2366,0.9759953595136781
final,2367,1,0.9818487016378036,2367,0.8726699346306219
final,2368,1,0.9810589939351411,2368,0.967878155666281
final,2369,1,0.8146283456418548,2369,0.8609342048698627
final,2370,1,0.8029117887992279,2370,0.8515171355145542
final,2371,1,0.8142079452735353,2371,0.9816644068347327
final,2372,1,0.8577182712837741,2372,0.9025915011824905
final,2373,1,0.9741608073411503,2373,0.9550783624888406
final,2374,1,0.7729633325178293,2374,0.9716769170325749
final,2375,1,0.6960715340092211,2375,0.8314710386840426
final,2376,1,0.8400698226530661,2376,0.8596329127084885
final,2377,1,0.8838199084290413,2377,0.875208570916819
final,2378,1,0.8692066191094647,2378,0.9172865531613837
final,2379,1,0.8675937810729017,2379,0.8350533777659258
final,2380,1,0.9149588744643146,2380,0.9170724498549727
final,2381,1,0.6448028550070652,2381,0.8911121310280705
final,2382,1,0.9189008500478751,2382,0.8070139280163036
final,2383,1,0.8926475149933207,2383,0.8830118775828176
final,2384,1,0.7741770612094893,2384,0.8630117670851042
final,2385,1,0.9754578559874938,2385,0.9601422584314512
final,2386,1,0.7396430017311306,2386,0.8918773620305438
final,2387,1,0.848451788175346,2387,0.951128760550662
final,2388,1,0.9313740089835498,2388,0.9800214019366131
final,2389,1,0.7744535486695072,2389,0.8805849131280485
final,2390,1,0.9257567523882491,2390,0.9222404003932677
final,2391,1,0.9853783084739516,2391,0.9098405833625071
final,2392,1,0.7947293245593421,2392,0.9642995174961586
final,2393,1,0.9576350130207196,2393,0.8433776835075667
final,2394,1,0.881038309954401,2394,0.8890714904040928
final,2395,1,0.9581533203938248,2395,0.8901212352823009
final,2396,1,0.9181366051904835,2396,0.7617489377408315
final,2397,1,0.8185821994948816,2397,0.871964249575734
final,2398,1,0.8299475668983731,2398,0.8861186900530262
final,2399,1,0.865383249932705,2399,0.9586885896812554
final,2400,1,0.8598871075639146,2400,0.7853844449098498
final,2401,1,0.8457839154764837,2401,0.8587932873682984
final,2402,1,0.9559880183621909,2402,0.8842924044141176
final,2403,1,0.9099990064322188,2403,0.8551299444019356
final,2404,1,0.9499016863944939,2404,0.8754563611548558
final,2405,1,0.9602026770105554,2405,0.9644441829328283
final,2406,1,0.9115857033746146,2406,0.9673047101898984
final,2407,1,0.8228552946952168,2407,0.9324367114006746
final,2408,1,0.9107413073554866,2408,0.9175927136606173
final,2409,1,0.9141972953800979,2409,0.9258660372662371
final,2410,1,0.7522999514503697,2410,0.7152171230789524
final,2411,1,0.785389273356632,2411,0.7128406680716024
final,2412,1,0.7074492180851361,2412,0.8551969226479216
final,2413,1,0.9714901697178168,2413,0.9199545130484956
final,2414,1,0.9165770583806985,2414,0.8960005848397274
final,2415,1,0.9758578903533051,2415,0.9893274078784005
final,2416,1,0.7965542438338484,2416,0.8949477156833393
final,2417,1,0.853977433348393,2417,0.8954833044093377
final,2418,1,0.6636287608084812,2418,0.8976302745074256
final,2419,1,0.8574766398477441,2419,0.8560873098495339
final,2420,1,0.8648725847022227,2420,0.9213995052293336
final,2421,1,0.7226603054164703,2421,0.9685288825898329
final,2422,1,0.8894063433412478,2422,0.8964671577759753
final,2423,1,0.7349779040153883,2423,0.9583956472267092
final,2424,1,0.8355659877089339,2424,0.8848898142333561
final,2425,1,0.8512184425469538,2425,0.8666286658386733
final,2426,1,0.8258338419871516,2426,0.9317690479227868
final,2427,1,0.6331284309961901,2427,0.9478712480308127
final,2428,1,0.9073709067095249,2428,0.9727075638284263
final,2429,1,0.980509826203577,2429,0.9113307514719334
final,2430,1,0.8541895572298779,2430,0.7920382607480432
final,2431,1,0.8621356366379525,2431,0.8856811619099315
final,2432,1,0.8848174044661274,2432,0.955175412723982
final,2433,1,0.9506554947941003,2433,0.8452752654445996
final,2434,1,0.9166960321956285,2434,0.9043321689840604
final,2435,1,0.6949311745561197,2435,0.8876061719360193
final,2436,1,0.952889394643061,2436,0.9144911865318455
final,2437,1,0.7544139405584493,2437,0.8594066125872568
final,2438,1,0.8481596519714578,2438,0.9532132424320938
final,2439,1,0.8394187060691991,2439,0.9743419265398388
final,2440,1,0.8888917164839547,2440,0.9779315984666712
final,2441,1,0.9408777713687059,2441,0.9565872334984973
final,2442,1,0.8356133408485393,2442,0.8398651547596756
final,2443,1,0.6734356413074382,2443,0.9486033662984215
final,2444,1,0.8692406889738321,2444,0.9121779415009855
final,2445,1,0.8458079971946129,2445,0.9260263054623301
final,2446,1,0.7254121118570154,2446,0.9306066679161877
final,2447,1,0.8062097429090851,2447,0.8189309416830834
final,2448,1,0.7543175879093682,2448,0.8767651358609436
final,2449,1,0.8546892395964609,2449,0.8778182911671679
final,2450,1,0.9301463660049025,2450,0.8145001694771457
final,2451,1,0.7847089767491826,2451,0.8706456436344969
final,2452,1,0.8481870064588102,2452,0.8529588089876428
final,2453,1,0.6802937083815532,2453,0.8929589115753707
final,2454,1,0.7750355091597385,2454,0.9404254527955622
final,2455,1,0.8031986780911793,2455,0.9553857336718881
final,2456,1,0.874050695850319,2456,0.910608092426498
final,2457,1,0.8782628360022997,2457,0.9446106281763251
final,2458,1,0.9856859175921651,2458,0.9634501958163895
final,2459,1,0.8313165584501481,2459,0.9716491634922454
final,2460,1,0.9330882820983208,2460,0.9315372997099556
final,2461,1,0.9152884845726913,2461,0.9582660830015621
final,2462,1,0.9490475341715805,2462,0.8712885181150536
final,2463,1,0.8950982016352516,2463,0.885815116541571
final,2464,1,0.8820408533385902,2464,0.934596908486165
final,2465,1,0.9099073016606479,2465,0.9540366778180769
final,2466,1,0.8146309798611807,2466,0.9602653329543378
final,2467,1,0.899915175796797,2467,0.921820856041023
final,2468,1,0.9498633786797108,2468,0.9332208336139187
final,2469,1,0.9099198166633828,2469,0.8420599882127111
final,2470,1,0.8091906584666391,2470,0.9391021489082794
final,2471,1,0.9473290306921602,2471,0.9000531260993534
final,2472,1,0.8208506382656906,2472,0.7940351753645091
final,2473,1,0.7245144953376955,2473,0.9677407206885378
final,2474,1,0.7571402402109684,2474,0.953381187463826
final,2475,1,0.8469601868070018,2475,0.9227491268184382
final,2476,1,0.8691886896281922,2476,0.9634378004827217
final,2477,1,0.9212087352378064,2477,0.97543144050075
final,2478,1,0.9066598609193866,2478,0.9065189641343915
final,2479,1,0.9343204577358124,2479,0.7823524654110403
final,2480,1,0.8479651688686716,2480,0.897172538270232
final,2481,1,0.8305797526703703,2481,0.9070852029963135
final,2482,1,0.9126790394510705,2482,0.89309004494142
final,2483,1,0.9408384016626206,2483,0.9671014983141565
final,2484,1,0.7590611322349182,2484,0.8800665272531448
final,2485,1,0.9734301907079391,2485,0.8989677030123052
final,2486,1,0.886965741683559,2486,0.9520116621483443
final,2487,1,0.9291101135371429,2487,0.9260060644171347
final,2488,1,0.7382127948156921,2488,0.8338885818958948
final,2489,1,0.9245423624069651,2489,0.968012216260878
final,2490,1,0.7096924037202478,2490,0.8492682871555932
final,2491,1,0.8369577517343151,2491,0.9562365708934886
final,2492,1,0.8870221544333763,2492,0.9193285931067751
final,2493,1,0.7275175611801503,2493,0.7845873797254737
final,2494,1,0.9151738455750528,2494,0.9178300819484642
final,2495,1,0.8146081738338347,2495,0.7838137219989116
final,2496,1,0.6683656236334676,2496,0.9425612410020485
final,2497,1,0.7470489729473783,2497,0.8461790363688908
final,2498,1,0.7483710188957473,2498,0.9488122058264796
final,2499,1,0.9329831581366297,2499,0.9820518056935886
final,2500,1,0.9236245323621373,2500,0.9074553790137754
final,2501,1,0.9177127481618126,2501,0.9511434832897347
final,2502,1,0.8532703676615587,2502,0.8790819741229274
final,2503,1,0.8867568318666345,2503,0.843744898686531
final,2504,1,0.7819724284472664,2504,0.9637466856896586
final,2505,1,0.8599452055699273,2505,0.845947712269455
final,2506,1,0.9333213035300891,2506,0.9250112401410432
final,2507,1,0.9167872161827162,2507,0.920713524443503
final,2508,1,0.949893463191214,2508,0.8540877023977604
final,2509,1,0.7653708669827786,2509,0.9491184180847763
final,2510,1,0.8166686049252152,2510,0.9113055455190437
final,2511,1,0.6307964306147452,2511,0.9362283017766205
final,2512,1,0.8443952543402298,2512,0.8446078621271657
final,2513,1,0.9332692481513852,2513,0.925480209065352
final,2514,1,0.9786490282437765,2514,0.9072476913274394
final,2515,1,0.8688566455631186,2515,0.9177008724821112
final,2516,1,0.8215275219608017,2516,0.8444786914770652
final,2517,1,0.9627504261590187,2517,0.9588529765445128
final,2518,1,0.7701610769796893,2518,0.9010390959461843
final,2519,1,0.9194212290957153,2519,0.8177980419834623
final,2520,1,0.9197971554418896,2520,0.8895184066072923
final,2521,1,0.929454246792474,2521,0.9249115528721914
final,2522,1,0.6583632667194969,2522,0.9145256850848722
final,2523,1,0.844394253672925,2523,0.9154586394604272
final,2524,1,0.9714682163538675,2524,0.9461595459141707
final,2525,1,0.7429294341526164,2525,0.7962072473159991
final,2526,1,0.9428157452207169,2526,0.9034262864915295
final,2527,1,0.8141231903586713,2527,0.9613383447142692
final,2528,1,0.7403116057207615,2528,0.8406816702275195
final,2529,1,0.9493872705554316,2529,0.935626889686412
final,2530,1,0.8173914555222679,2530,0.9214233203291504
final,2531,1,0.9432439939620647,2531,0.8679409188347813
final,2532,1,0.7976380232418023,2532,0.9037376763293188
final,2533,1,0.8310496331327422,2533,0.9277000924180937
final,2534,1,0.9182488115996427,2534,0.959938156386777
final,2535,1,0.853683583841772,2535,0.9689816730751252
final,2536,1,0.9363990671361546,2536,0.8887548094153181
final,2537,1,0.8497552619763028,2537,0.8984327559306943
final,2538,1,0.6436439938822027,2538,0.85473484368687
final,2539,1,0.7792718390686411,2539,0.9174732337112905
final,2540,1,0.907709698965937,2540,0.8626728146108448
final,2541,1,0.797314366736731,2541,0.8611989623568729
final,2542,1,0.8431321748610915,2542,0.8939020691797981
final,2543,1,0.7399739602916255,2543,0.8581851580842637
final,2544,1,0.7574399211675311,2544,0.918369108153871
final,2545,1,0.7641717074333815,2545,0.8488757743629494
final,2546,1,0.8975283737245519,2546,0.9767262964765433
final,2547,1,0.8665461466607824,2547,0.9670783445623875
final,2548,1,0.9166985090761063,2548,0.9504772887084386
final,2549,1,0.9264391724294238,2549,0.826523838564047
final,2550,1,0.8417452028541256,2550,0.9421689742642299
final,2551,1,0.9653232731549648,2551,0.835603740658857
final,2552,1,0.9197645458772642,2552,0.9138320658058389
final,2553,1,0.769558747937111,2553,0.9725967510847882
final,2554,1,0.9714773696643699,2554,0.8812315471405602
final,2555,1,0.7543869526446944,2555,0.8806468840700654
final,2556,1,0.9777521243400717,2556,0.9181082924569312
final,2557,1,0.89851615676363,2557,0.8447592696043995
final,2558,1,0.9214713340581717,2558,0.8988343150762368
final,2559,1,0.9193945132346872,2559,0.8581573521951689
final,2560,1,0.962350559511286,2560,0.9078586959919082
final,2561,1,0.9317948284551082,2561,0.9542691598263826
final,2562,1,0.7139522848011359,2562,0.80339196108054
final,2563,1,0.9454493787983853,2563,0.9422421405381833
final,2564,1,0.9427188166032295,2564,0.8693936481144182
final,2565,1,0.9500631905018211,2565,0.876988705933623
final,2566,1,0.8768900053441563,2566,0.91828487424813
final,2567,1,0.9261976529618827,2567,0.8592519900127025
final,2568,1,0.7706723688293537,2568,0.9234794895181488
final,2569,1,0.9212271209381901,2569,0.9226994316072978
final,2570,1,0.7923228668474946,2570,0.8358566624763722
final,2571,1,0.8063068293536755,2571,0.9182947517398881
final,2572,1,0.9105331902791807,2572,0.8965773443199188
final,2573,1,0.8432585986215569,2573,0.9006535551099778
final,2574,1,0.7423902176862696,2574,0.8845817954722799
final,2575,1,0.8592443841024161,2575,0.9264995087284067
final,2576,1,0.7867946891686046,2576,0.9039687675664689
final,2577,1,0.6486382017081164,2577,0.924146211734123
final,2578,1,0.817205169079512,2578,0.8523796580714142
final,2579,1,0.6860107816038717,2579,0.9564124984424573
final,2580,1,0.9290961460730665,2580,0.820097908127988
final,2581,1,0.7423679985517645,2581,0.9138660948209325
final,2582,1,0.9201020936778848,2582,0.8821977794734812
final,2583,1,0.8111985246388644,2583,0.9298475212946627
final,2584,1,0.822568904781823,2584,0.863167165986715
final,2585,1,0.8457562336099274,2585,0.9202417378803274
final,2586,1,0.8465030902844307,2586,0.8518383941486363
final,2587,1,0.697182494258858,2587,0.857770711324933
final,2588,1,0.9829540711957543,2588,0.9722130455835807
final,2589,1,0.8540819764043017,2589,0.9109370199970321
final,2590,1,0.8990327806770451,2590,0.960445271971595
final,2591,1,0.8850803896403121,2591,0.9594705735481579
final,2592,1,0.952488759416191,2592,0.8825854358169295
final,2593,1,0.9630628147403216,2593,0.8800588813691571
final,2594,1,0.8055069645861326,2594,0.9410859373416119
final,2595,1,0.9492518726200103,2595,0.9325229716259449
final,2596,1,0.7167748200230077,2596,0.9236727110566256
final,2597,1,0.9444520202810005,2597,0.8367899376961454
final,2598,1,0.9437327277368486,2598,0.9427808465964123
final,2599,1,0.946715173136661,2599,0.9813820115970324
final,2600,1,0.9231551891033836,2600,0.8920225448237897
final,2601,1,0.8979307603083027,2601,0.9619745528736967
final,2602,1,0.9714803857657359,2602,0.960904168879424
final,2603,1,0.9349463359107524,2603,0.9178512994318945
final,2604,1,0.8761675902823844,2604,0.9204123478790389
final,2605,1,0.7731619304618038,2605,0.9279610284401735
final,2606,1,0.9617355802399961,2606,0.8306418038150227
final,2607,1,0.9556709810513369,2607,0.8996978143391934
final,2608,1,0.8243009038652187,2608,0.8693117609673895
final,2609,1,0.934244494243538,2609,0.9059235574272693
final,2610,1,0.9370943745749754,2610,0.8413084779992405
final,2611,1,0.8077623793050055,2611,0.9672239111834889
final,2612,1,0.8510732342975896,2612,0.9603955627342311
final,2613,1,0.8075962732952366,2613,0.9354799553949453
final,2614,1,0.8752186821900098,2614,0.9440321677907759
final,2615,1,0.9224791048662137,2615,0.9230461056075034
final,2616,1,0.9281777408037539,2616,0.9739633952501425
final,2617,1,0.7816563577573901,2617,0.9746941257267393
final,2618,1,0.9362559363812029,2618,0.8342240255232769
final,2619,1,0.910798954877164,2619,0.9051481167694921
final,2620,1,0.6211515128670482,2620,0.9309112996875899
final,2621,1,0.9178176669893374,2621,0.9719736142514557
final,2622,1,0.8788431885793465,2622,0.9077896682982005
final,2623,1,0.7545101444897763,2623,0.9185449084116444
final,2624,1,0.8939963167576322,2624,0.9658216736315612
final,2625,1,0.7620565081804225,2625,0.8931655519544357
final,2626,1,0.8961323558427803,2626,0.9570051255724787
final,2627,1,0.8754216961520646,2627,0.8614572895406485
final,2628,1,0.8225501387245944,2628,0.8565014749367558
final,2629,1,0.9554454714871803,2629,0.7821327474025268
final,2630,1,0.7848759740443385,2630,0.8482615598602334
final,2631,1,0.8828439869636777,2631,0.8268715583132843
final,2632,1,0.8191874003815276,2632,0.9249525802179406
final,2633,1,0.658816152652268,2633,0.941956761188734
final,2634,1,0.9240069399100825,2634,0.9096131659046869
final,2635,1,0.9594138220440871,2635,0.8910849991009266
final,2636,1,0.9440439420424118,2636,0.9586356840841028
final,2637,1,0.9597824240107036,2637,0.9361551173387314
final,2638,1,0.9449195671859103,2638,0.926022705672469
final,2639,1,0.7240375418867132,2639,0.9291196743345014
final,2640,1,0.8397410608039568,2640,0.9094946871731633
final,2641,1,0.8960965885740049,2641,0.9410288709468452
final,2642,1,0.8670684307264362,2642,0.9622691438717368
final,2643,1,0.816233843669397,2643,0.8803521317980985
final,2644,1,0.8876181979941753,2644,0.9382489379482988
final,2645,1,0.9693233162399981,2645,0.8301262329323897
final,2646,1,0.9118289543306655,2646,0.8365991917394314
final,2647,1,0.8680086505095955,2647,0.9369268367056554
final,2648,1,0.843945007537058,2648,0.9343256121610061
final,2649,1,0.9453391544148944,2649,0.9774907527464922
final,2650,1,0.7198310218136209,2650,0.8637943032286184
final,2651,1,0.8974306671920305,2651,0.9040284492883337
final,2652,1,0.7365473631664838,2652,0.9415279052713115
final,2653,1,0.9513898907899225,2653,0.8536152841083153
final,2654,1,0.9383347374256399,2654,0.8272680474719801
final,2655,1,0.8551130378269833,2655,0.7926628986958512
final,2656,1,0.888336194600742,2656,0.9702670560485216
final,2657,1,0.9848166451168066,2657,0.960454753095159
final,2658,1,0.8978468863836429,2658,0.9793108374088557
final,2659,1,0.8229954392808899,2659,0.9513233299664725
final,2660,1,0.9578658837849614,2660,0.9316278703792544
final,2661,1,0.9511103325658576,2661,0.9632784252486569
final,2662,1,0.8884611282207391,2662,0.9677958190125651
final,2663,1,0.6762280705783453,2663,0.9136536073530205
final,2664,1,0.8759490694818355,2664,0.9024548435683611
final,2665,1,0.6479722986911238,2665,0.9314424288113414
final,2666,1,0.7391847981570142,2666,0.9059746113961076
final,2667,1,0.9847764654566917,2667,0.9343827127143163
final,2668,1,0.8548064327292793,2668,0.8372275611293881
final,2669,1,0.8682690233351553,2669,0.8772637064606629
final,2670,1,0.9549632930109124,2670,0.8473955145113024
final,2671,1,0.8860303924183219,2671,0.8947020028003805
final,2672,1,0.8452959830432807,2672,0.9649941806742932
final,2673,1,0.9349891020830364,2673,0.9234019132115268
final,2674,1,0.9317527633335285,2674,0.9547417802779068
final,2675,1,0.7747333758428416,2675,0.9671219284766928
final,2676,1,0.8977779610371035,2676,0.8921801103839369
final,2677,1,0.8813216544134888,2677,0.9378058103611876
final,2678,1,0.7672076002628387,2678,0.9571393167072659
final,2679,1,0.9211445535309324,2679,0.9197675017493674
final,2680,1,0.9524461119895062,2680,0.9315063178145345
final,2681,1,0.7117478724490273,2681,0.9109479396618234
final,2682,1,0.9281071489206986,2682,0.9413883517369215
final,2683,1,0.8674992201761693,2683,0.9069383329620695
final,2684,1,0.8170561363293176,2684,0.8598627187964725
final,2685,1,0.923929548763588,2685,0.9096681438359835
final,2686,1,0.7766188120666563,2686,0.9647271738065586
final,2687,1,0.8086328350619294,2687,0.858798543736747
final,2688,1,0.9092353264686861,2688,0.9629861425745352
final,2689,1,0.7660449600994372,2689,0.9312106543491521
final,2690,1,0.7580554388944186,2690,0.9458760078640933
final,2691,1,0.7618132505357733,2691,0.8888269963559379
final,2692,1,0.9427999552273344,2692,0.9163296995695105
final,2693,1,0.8896443308905174,2693,0.9008345781845073
final,2694,1,0.8944920237550713,2694,0.9616988821316467
final,2695,1,0.8529736879385953,2695,0.9063587577859362
final,2696,1,0.8514312100439466,2696,0.8402741513121597
final,2697,1,0.9313441490788099,2697,0.8166608900756993
final,2698,1,0.6685102939356073,2698,0.807902462263778
final,2699,1,0.9064157471755345,2699,0.7599310887850561
final,2700,1,0.6767897932491342,2700,0.971202441916847
final,2701,1,0.8834678763322721,2701,0.9066142512443104
final,2702,1,0.8373824912735286,2702,0.8812801332950705
final,2703,1,0.9407565469057935,2703,0.9432343118489235
final,2704,1,0.9026522351829667,2704,0.9222609116849116
final,2705,1,0.772186662134829,2705,0.9404940636341752
final,2706,1,0.9078067979329449,2706,0.9127157074504055
final,2707,1,0.6025612642461835,2707,0.9141734357277236
final,2708,1,0.8032742778905171,2708,0.9158064413978174
final,2709,1,0.9191630605359269,2709,0.8473875131571571
final,2710,1,0.6964254161026179,2710,0.882031082480067
final,2711,1,0.8414749280524124,2711,0.8557248214242416
final,2712,1,0.9181862515870085,2712,0.9525353454408517
final,2713,1,0.9251029949972032,2713,0.7880842957745138
final,2714,1,0.6778093180330377,2714,0.967659734932557
final,2715,1,0.8621060660879611,2715,0.9153929183301068
final,2716,1,0.8911263893789692,2716,0.9413048246205226
final,2717,1,0.8209851062543316,2717,0.9153080657309569
final,2718,1,0.8558699810775302,2718,0.9574628241958014
final,2719,1,0.8623979943135268,2719,0.9440422242098448
final,2720,1,0.9270961571245023,2720,0.855437783396954
final,2721,1,0.8844148617901015,2721,0.8620044489881769
final,2722,1,0.8287926180422261,2722,0.9536258716042261
final,2723,1,0.769650185124857,2723,0.927684416594051
final,2724,1,0.8983974173070435,2724,0.9260624348122353
final,2725,1,0.735069795828966,2725,0.8779236233489154
final,2726,1,0.9583733942409924,2726,0.8790443483589578
final,2727,1,0.927395963731493,2727,0.9255776548105914
final,2728,1,0.9309075354025249,2728,0.8950371029438446
final,2729,1,0.9433552189756937,2729,0.8847185441403761
final,2730,1,0.9767330724035557,2730,0.9308855564208602
final,2731,1,0.8731659434292438,2731,0.8686578465788901
final,2732,1,0.7875792076551638,2732,0.8284724703542049
final,2733,1,0.9697902322648695,2733,0.854226856848836
final,2734,1,0.9864158294744976,2734,0.9426313228494473
final,2735,1,0.9345585011446875,2735,0.9096289159493532
final,2736,1,0.8548930740181434,2736,0.8814896915108434
final,2737,1,0.8161857161148331,2737,0.9125254613838086
final,2738,1,0.8627412566291919,2738,0.9238443753991591
final,2739,1,0.9866967439204306,2739,0.8616457931290544
final,2740,1,0.8887911352682415,2740,0.9559819814753516
final,2741,1,0.9307227327037089,2741,0.9715923502380817
final,2742,1,0.9521912821978094,2742,0.822324446272568
final,2743,1,0.9517198046331317,2743,0.8227586409750604
final,2744,1,0.9527541547083074,2744,0.8938612029881396
final,2745,1,0.894030050326267,2745,0.8864744159290945
final,2746,1,0.9470384550226301,2746,0.9209578155163762
final,2747,1,0.9621975387399841,2747,0.8984347473328007
final,2748,1,0.8986141666216826,2748,0.9441378467192822
final,2749,1,0.9271253857634585,2749,0.9597142189705536
final,2750,1,0.9314697016369642,2750,0.8951252568671337
final,2751,1,0.797855542437649,2751,0.9218933060127925
final,2752,1,0.9197476826375166,2752,0.9610682860600925
final,2753,1,0.83282079575256,2753,0.9569274184515668
final,2754,1,0.8269140395543433,2754,0.9281894852022365
final,2755,1,0.7126982847484062,2755,0.9418207466646212
final,2756,1,0.9629709824386046,2756,0.9586698441452749
final,2757,1,0.7793382867252916,2757,0.8231904643768351
final,2758,1,0.9013177912366929,2758,0.9233447949846221
final,2759,1,0.9202198474197838,2759,0.8824826538183898
final,2760,1,0.7721582783530024,2760,0.8803542531850597
final,2761,1,0.9811582677130108,2761,0.9769117257607067
final,2762,1,0.834187233362448,2762,0.8630098048424132
final,2763,1,0.7393131213756027,2763,0.972457236940866
final,2764,1,0.9656366781646073,2764,0.8155688876057658
final,2765,1,0.9882728926640495,2765,0.9174406644238802
final,2766,1,0.9611440777126266,2766,0.8510255216444054
final,2767,1,0.9153021731355948,2767,0.892152352842082
final,2768,1,0.8547560068809767,2768,0.924430864196756
final,2769,1,0.7004051448692927,2769,0.9375245971181099
final,2770,1,0.9175326987214639,2770,0.952310388646693
final,2771,1,0.9353612160936111,2771,0.9507082383761309
final,2772,1,0.7271172178832461,2772,0.9129725475557551
final,2773,1,0.8752644240544638,2773,0.9572553617695563
final,2774,1,0.9438042258694255,2774,0.9483844674316818
final,2775,1,0.8210930432173047,2775,0.961915444553618
final,2776,1,0.8585679161976744,2776,0.9640627571849303
final,2777,1,0.8637277767289419,2777,0.927742569463408
final,2778,1,0.7556883394635263,2778,0.9175699303360374
final,2779,1,0.9645876743001829,2779,0.8992791078414655
final,2780,1,0.8854233426636028,2780,0.9297309889064
final,2781,1,0.964491494900915,2781,0.9130659321321699
final,2782,1,0.8548236203484874,2782,0.92782716372418
final,2783,1,0.8809539003436893,2783,0.7900981547846233
final,2784,1,0.6936477986121824,2784,0.9503726322475814
final,2785,1,0.7188953691022103,2785,0.9098656516671757
final,2786,1,0.7317670273716647,2786,0.9450007870608641
final,2787,1,0.8143184605346323,2787,0.9852390511957207
final,2788,1,0.940889043642098,2788,0.9630027169441859
final,2789,1,0.7633724374478149,2789,0.9332636505055223
final,2790,1,0.9698082217649422,2790,0.8402590476452723
final,2791,1,0.7250567591196515,2791,0.9403742153315787
final,2792,1,0.7705771609861956,2792,0.873639682154248
final,2793,1,0.8509857325953628,2793,0.9629118525517468
final,2794,1,0.841211793492266,2794,0.9516476629657982
final,2795,1,0.9711585810299094,2795,0.9297364887163859
final,2796,1,0.9720509669073711,2796,0.9754796281941562
final,2797,1,0.8881672996952691,2797,0.868897761600621
final,2798,1,0.9524872348318576,2798,0.9334573820323486
final,2799,1,0.7149950996376647,2799,0.8268999653351307
final,2800,1,0.9089570892542165,2800,0.8195200731422674
final,2801,1,0.7855099875427707,2801,0.9291791986810316
final,2802,1,0.9345103081182153,2802,0.9859786052720743
final,2803,1,0.7367613301962881,2803,0.9558110554517637
final,2804,1,0.8991885103662811,2804,0.9525104854107888
final,2805,1,0.9525880096585602,2805,0.9241733816479345
final,2806,1,0.9658626317246392,2806,0.875420200078703
final,2807,1,0.9376410504011499,2807,0.9167352222939189
final,2808,1,0.9249244702241288,2808,0.8845260420446945
final,2809,1,0.8890493682389407,2809,0.8481928862187986
final,2810,1,0.7064419672982818,2810,0.9089081231325513
final,2811,1,0.9322659894897687,2811,0.8112827647336502
final,2812,1,0.885564382461437,2812,0.9358013606918933
final,2813,1,0.8958066929197308,2813,0.9506704533910365
final,2814,1,0.8255908318022926,2814,0.8517309472105297
final,2815,1,0.7601309703467938,2815,0.8337137950807444
final,2816,1,0.8175143958541571,2816,0.9239976986714382
final,2817,1,0.6973237725796775,2817,0.8555425264533036
final,2818,1,0.6708072014166223,2818,0.9507365329834607
final,2819,1,0.9794287242786457,2819,0.9340904115370905
final,2820,1,0.8853937228487962,2820,0.9434790791898953
final,2821,1,0.7612231570244423,2821,0.9284565678254888
final,2822,1,0.8510709187345896,2822,0.9273686745952839
final,2823,1,0.909713880035379,2823,0.9510929077138476
final,2824,1,0.9185247166377972,2824,0.9233096933851532
final,2825,1,0.8934658171259506,2825,0.9585784647950452
final,2826,1,0.7106717651056741,2826,0.957974374958817
final,2827,1,0.8523294702052151,2827,0.8698974776801974
final,2828,1,0.9019504302844944,2828,0.9395638875011127
final,2829,1,0.8402603525441852,2829,0.9268207987959646
final,2830,1,0.9355534405266376,2830,0.8820422393853811
final,2831,1,0.9426122295564137,2831,0.8911954781046032
final,2832,1,0.9216089309438975,2832,0.921762040342186
final,2833,1,0.974121324746666,2833,0.8905149693366907
final,2834,1,0.8559968306818515,2834,0.9122891783413958
final,2835,1,0.912434815215776,2835,0.8055827040820802
final,2836,1,0.6712054214374679,2836,0.8923880296436493
final,2837,1,0.8771512634929419,2837,0.9256826429365875
final,2838,1,0.609145785521886,2838,0.9753535332459647
final,2839,1,0.9022235355256977,2839,0.9496360379234418
final,2840,1,0.7820049898824346,2840,0.9278419760883048
final,2841,1,0.8353354088057816,2841,0.9550540754335028
final,2842,1,0.9267460287181915,2842,0.9363418912708181
final,2843,1,0.9370818307097064,2843,0.7527747106838198
final,2844,1,0.7393516881596323,2844,0.8932918884105756
final,2845,1,0.876843511065174,2845,0.9334671224961502
final,2846,1,0.8265112957769521,2846,0.9623292289844284
final,2847,1,0.9645164324814373,2847,0.960314183108281
final,2848,1,0.820243562649009,2848,0.943941137358925
final,2849,1,0.7412801299892229,2849,0.961976414038837
final,2850,1,0.8355876910691441,2850,0.9160273929920097
final,2851,1,0.829378484788111,2851,0.9713296414723922
final,2852,1,0.9443364019883556,2852,0.838604635110241
final,2853,1,0.980753955337176,2853,0.8581561031031453
final,2854,1,0.8047525468974146,2854,0.9355251777954792
final,2855,1,0.723345086413406,2855,0.8539111167359998
final,2856,1,0.8230175308928305,2856,0.8938144427680126
final,2857,1,0.8608249330365473,2857,0.8644313785177273
final,2858,1,0.91633184376816,2858,0.8703081713479006
final,2859,1,0.8661823069082952,2859,0.8998688102266229
final,2860,1,0.6577509357480662,2860,0.8966066333839184
final,2861,1,0.8586095295735927,2861,0.8511158112990986
final,2862,1,0.8563039928374716,2862,0.8488564365333012
final,2863,1,0.7758949659576342,2863,0.82553642366947
final,2864,1,0.9228074026461455,2864,0.9292658068992509
final,2865,1,0.8649243014514504,2865,0.8532777323344404
final,2866,1,0.895329513672515,2866,0.9329775149901124
final,2867,1,0.7740422597161222,2867,0.9210273425803086
final,2868,1,0.887913705907601,2868,0.910963330802365
final,2869,1,0.7955772731468975,2869,0.9291026178884461
final,2870,1,0.9161680400394883,2870,0.7891024028861855
final,2871,1,0.9608144147073672,2871,0.7935514795497598
final,2872,1,0.7915244391932859,2872,0.927191298934105
final,2873,1,0.9119801119079001,2873,0.9115151511647057
final,2874,1,0.9050759277548015,2874,0.829954030405528
final,2875,1,0.7680072835735079,2875,0.8994834871843918
final,2876,1,0.9454447898421998,2876,0.8706185468275938
final,2877,1,0.8326036662360623,2877,0.9653594073614363
final,2878,1,0.8314435869311794,2878,0.958328198113426
final,2879,1,0.7877295771738082,2879,0.942945483744884
final,2880,1,0.7953143597754094,2880,0.9637901447557671
final,2881,1,0.965703513274524,2881,0.9026571466800573
final,2882,1,0.979634911176086,2882,0.9311010118169674
final,2883,1,0.8474575319622921,2883,0.9586750172762378
final,2884,1,0.8604425987109093,2884,0.9247200815864733
final,2885,1,0.8680149034914328,2885,0.9547683816893757
final,2886,1,0.9577073166794796,2886,0.8783216769034603
final,2887,1,0.9125584732677678,2887,0.7873994127479707
final,2888,1,0.7949373649228499,2888,0.964675194737839
final,2889,1,0.9168328335433615,2889,0.9202683473360291
final,2890,1,0.912196922120446,2890,0.8828457435947579
final,2891,1,0.9319700094192589,2891,0.8051472000532517
final,2892,1,0.8676117464748254,2892,0.8922397471893162
final,2893,1,0.9159388755089242,2893,0.8883083619100336
final,2894,1,0.8852842178125708,2894,0.9369524284176818
final,2895,1,0.9417102572384134,2895,0.9450970351966346
final,2896,1,0.910718197734175,2896,0.932418371789036
final,2897,1,0.778432476634678,2897,0.971724671463672
final,2898,1,0.9038521341404108,2898,0.9117085309630647
final,2899,1,0.9373654718065729,2899,0.8932638866011637
final,2900,1,0.9570340119522731,2900,0.8778546621005601
final,2901,1,0.8765903042842795,2901,0.942907218583253
final,2902,1,0.9131421744635637,2902,0.9315566780143723
final,2903,1,0.9090670778431458,2903,0.9603888381359735
final,2904,1,0.8558208114976493,2904,0.9359074012703454
final,2905,1,0.8400542239679678,2905,0.9234752525712361
final,2906,1,0.8340467485253886,2906,0.9878115434394883
final,2907,1,0.8296086468447863,2907,0.825027607077453
final,2908,1,0.9863451159131822,2908,0.9219644354332748
final,2909,1,0.7884098176071003,2909,0.9878738981448116
final,2910,1,0.7851747729523821,2910,0.906116716585182
final,2911,1,0.9710321112054797,2911,0.8239673277650028
final,2912,1,0.8220182502943957,2912,0.9072854860912029
final,2913,1,0.7435967980687695,2913,0.9221850199158776
final,2914,1,0.9064959866240281,2914,0.9212022497548993
final,2915,1,0.9797234241093162,2915,0.9013532830281885
final,2916,1,0.9042637373524569,2916,0.9295193731071625
final,2917,1,0.9427449015348781,2917,0.9682175538151658
final,2918,1,0.9765486295948003,2918,0.9049501418384964
final,2919,1,0.8764346841436061,2919,0.9136118003787113
final,2920,1,0.9420748084877906,2920,0.9287922573316268
final,2921,1,0.9577647473908241,2921,0.8972996733157192
final,2922,1,0.9373289577923942,2922,0.92367898619353
final,2923,1,0.8275271244442175,2923,0.9708289357792453
final,2924,1,0.7853645112679428,2924,0.9050035319705794
final,2925,1,0.8847375528321199,2925,0.9473462875950844
final,2926,1,0.8910368693707793,2926,0.9069191395994407
final,2927,1,0.8510914149333092,2927,0.9492419966753333
final,2928,1,0.8574424814493431,2928,0.9521029293738278
final,2929,1,0.9702396446053311,2929,0.9166875719277547
final,2930,1,0.9349604004576374,2930,0.9357700014753567
final,2931,1,0.7912028677181128,2931,0.9495018397078587
final,2932,1,0.9035826625091063,2932,0.9651165123920464
final,2933,1,0.940784375452681,2933,0.835899536405142
final,2934,1,0.9488594304680693,2934,0.8159396989499483
final,2935,1,0.7042727087538745,2935,0.7522456196103013
final,2936,1,0.8084615085873335,2936,0.9314581670194086
final,2937,1,0.8034610867919905,2937,0.8929099312887767
final,2938,1,0.7304773627890015,2938,0.8762617704527838
final,2939,1,0.9527005634961021,2939,0.9515068506622439
final,2940,1,0.8646258042697228,2940,0.9768901102322982
final,2941,1,0.9131031556420326,2941,0.8809412615272052
final,2942,1,0.8647051423019791,2942,0.9579226321450731
final,2943,1,0.7481099581773528,2943,0.9596601651842842
final,2944,1,0.8446976038377435,2944,0.9511830020580054
final,2945,1,0.9166739819209899,2945,0.9356806681814314
final,2946,1,0.8969614461129254,2946,0.8820841526254142
final,2947,1,0.853006890939682,2947,0.9461902113312051
final,2948,1,0.9008890107589431,2948,0.9711164916658364
final,2949,1,0.9010155034219274,2949,0.8450044181741825
final,2950,1,0.9217510761269918,2950,0.9136307671881185
final,2951,1,0.8541671057965249,2951,0.8611036707599917
final,2952,1,0.821992702218562,2952,0.9685566186401393
final,2953,1,0.9212566935405703,2953,0.9196050852521189
final,2954,1,0.7939028185328576,2954,0.9050392452197946
final,2955,1,0.8818536112176016,2955,0.874391697131587
final,2956,1,0.9042187883233519,2956,0.8014801643847889
final,2957,1,0.7581866057349639,2957,0.9369150282961458
final,2958,1,0.7548522727526584,2958,0.7756882433258432
final,2959,1,0.8007991493786725,2959,0.8633849263364558
final,2960,1,0.7924889520712404,2960,0.9345642477732146
final,2961,1,0.9556247477315978,2961,0.9398378758348755
final,2962,1,0.7452853857978824,2962,0.8543295497207388
final,2963,1,0.9186775613155251,2963,0.8384857095362283
final,2964,1,0.9508693564672659,2964,0.9598800420155142
final,2965,1,0.9460559539947871,2965,0.9034365418736297
final,2966,1,0.950580836475629,2966,0.7802752692525436
final,2967,1,0.8390729873112309,2967,0.8776886254458465
final,2968,1,0.7044690103946816,2968,0.8329624989191362
final,2969,1,0.9345956918211257,2969,0.8719100378561999
final,2970,1,0.9109177496381651,2970,0.8997723975019556
final,2971,1,0.8691102193321224,2971,0.871775637480108
final,2972,1,0.9526795394344276,2972,0.9361760192537906
final,2973,1,0.8246755739073337,2973,0.8708307829926094
final,2974,1,0.7083936251901678,2974,0.8958487703566569
final,2975,1,0.8851537748618502,2975,0.8789538120379404
final,2976,1,0.8539945038899246,2976,0.861709758767507
final,2977,1,0.9524972057259011,2977,0.9052669510595873
final,2978,1,0.8909549205867866,2978,0.9693254804046638
final,2979,1,0.9154417395088948,2979,0.8426573298977316
final,2980,1,0.8757911247828372,2980,0.914798751289011
final,2981,1,0.9669362669033077,2981,0.9333000781478258
final,2982,1,0.6603910489269819,2982,0.9367138113142008
final,2983,1,0.8414146327492534,2983,0.9257689239927906
final,2984,1,0.760590607844627,2984,0.7776420782308238
final,2985,1,0.8543826305897575,2985,0.9559356133651773
final,2986,1,0.8836853094102397,2986,0.9275274314086817
final,2987,1,0.8230729145577937,2987,0.8835929472993986
final,2988,1,0.8328499217340808,2988,0.9072767029315694
final,2989,1,0.7847178889453028,2989,0.90074364755258
final,2990,1,0.9483666025672681,2990,0.905853640639128
final,2991,1,0.854937720857726,2991,0.8618306920118877
final,2992,1,0.8366637037196427,2992,0.9281302144224497
final,2993,1,0.6987490496622396,2993,0.9334068969214037
final,2994,1,0.7453980941468048,2994,0.881625275250328
final,2995,1,0.7718378351332185,2995,0.9628663536504873
final,2996,1,0.8605382190036488,2996,0.9120748143070143
final,2997,1,0.8808861194143922,2997,0.9222258097661139
final,2998,1,0.789284682205331,2998,0.8718000961981307
final,2999,1,0.7667500889681077,2999,0.9195329407085254
final,3000,1,0.9580166603773994,3000,0.8750437289512203
final,3001,1,0.8241333186386344,3001,0.8567919792569502
final,3002,1,0.7944098184065573,3002,0.8567697162860011
final,3003,1,0.8352250314080641,3003,0.8804382375567441
final,3004,1,0.9556686940535745,3004,0.9087302618666027
final,3005,1,0.9203096440397869,3005,0.9516960416355114
final,3006,1,0.7532902452796706,3006,0.853692078908743
final,3007,1,0.8283156180345073,3007,0.879259864867574
final,3008,1,0.7535785703504627,3008,0.9558467043669567
final,3009,1,0.7135419488300366,3009,0.8411060528668002
final,3010,1,0.7044915205068485,3010,0.9026052108444876
final,3011,1,0.8949035296790275,3011,0.9354994128556763
final,3012,1,0.8916951213424351,3012,0.882358567545165
final,3013,1,0.9646557955171327,3013,0.9368299725571227
final,3014,1,0.9628102461851639,3014,0.9722134880795451
final,3015,1,0.9028378352855231,3015,0.9195946601053958
final,3016,1,0.8881685452536824,3016,0.9585102547282369
final,3017,1,0.8314689544573378,3017,0.8317054756757931
final,3018,1,0.9261831143510993,3018,0.8414492205355733
final,3019,1,0.9192012197612807,3019,0.8993632055022638
final,3020,1,0.7829138845373567,3020,0.787413480412049
final,3021,1,0.9032035458288106,3021,0.8921992277766948
final,3022,1,0.9566777086924693,3022,0.9412372440326887
final,3023,1,0.9742315955758472,3023,0.9236604215262398
final,3024,1,0.9691874191459153,3024,0.8395933270600949
final,3025,1,0.7358704528260043,3025,0.9468144785913046
final,3026,1,0.7003241652101213,3026,0.9506153924188698
final,3027,1,0.7226479087735759,3027,0.8398538963319335
final,3028,1,0.9143090163679946,3028,0.9422285083680946
final,3029,1,0.8506979752872392,3029,0.8735029508958316
final,3030,1,0.7746155943654971,3030,0.8377060394457041
final,3031,1,0.9760845941153125,3031,0.9665665108626408
final,3032,1,0.9543863930528278,3032,0.9049915206596701
final,3033,1,0.8217241655186707,3033,0.9662413798116963
final,3034,1,0.8944711252481791,3034,0.9144915622460192
final,3035,1,0.9549518023293067,3035,0.9366829573845971
final,3036,1,0.9034406760753149,3036,0.8664661923791128
final,3037,1,0.7605810332826518,3037,0.9480879144954022
final,3038,1,0.9608214475677597,3038,0.8644884440742637
final,3039,1,0.8915287259174598,3039,0.9803468267363724
final,3040,1,0.719451711889322,3040,0.8949766353440503
final,3041,1,0.9463301396767743,3041,0.9678599199825355
final,3042,1,0.9068037096696717,3042,0.8998352214364054
final,3043,1,0.7645075069818383,3043,0.9490508624070644
final,3044,1,0.9103169515553121,3044,0.9505138984313707
final,3045,1,0.8165586140711636,3045,0.927009356174533
final,3046,1,0.8452890223234343,3046,0.9563422929537506
final,3047,1,0.8756548283758185,3047,0.9217171422637176
final,3048,1,0.8934901141199492,3048,0.8655217263761483
final,3049,1,0.9404061857620223,3049,0.956234675268341
final,3050,1,0.8218624118050089,3050,0.9627986162937856
final,3051,1,0.9046094815506939,3051,0.9810127724486382
final,3052,1,0.9468881755058918,3052,0.9089252712040047
final,3053,1,0.908864894458524,3053,0.9272743826842813
final,3054,1,0.9016282517996019,3054,0.9482970326180326
final,3055,1,0.9049107478547357,3055,0.8913961502862842
final,3056,1,0.9173390382401061,3056,0.9519239557098043
final,3057,1,0.7614757209912062,3057,0.8719225184523183
final,3058,1,0.7311822623059074,3058,0.9509630732096628
final,3059,1,0.7254269024679111,3059,0.8985798467672206
final,3060,1,0.9552302783649608,3060,0.8803977042359526
final,3061,1,0.7246769122486771,3061,0.8246393105149527
final,3062,1,0.905303351320949,3062,0.9015892310573688
final,3063,1,0.9130361321686267,3063,0.7867664116790476
final,3064,1,0.6970004361425839,3064,0.8762668016169209
final,3065,1,0.855672815000013,3065,0.9200191430191544
final,3066,1,0.8661423371489341,3066,0.9557272820917514
final,3067,1,0.7522901565831415,3067,0.9277634961894229
final,3068,1,0.9553735526675562,3068,0.9745039567283038
final,3069,1,0.7434217335526386,3069,0.9618887404275966
final,3070,1,0.7931712175382813,3070,0.8505115069806753
final,3071,1,0.9622732669007983,3071,0.9791361516204
final,3072,1,0.890972970243781,3072,0.7726394480082968
final,3073,1,0.946238188575458,3073,0.9478788262742324
final,3074,1,0.9027396309015598,3074,0.9595302173541441
final,3075,1,0.6470407790191741,3075,0.8696110470710239
final,3076,1,0.7717946274536567,3076,0.9545822671069129
final,3077,1,0.9683020640135706,3077,0.956648365261569
final,3078,1,0.9426188197586387,3078,0.9482953121328881
final,3079,1,0.9027885021820943,3079,0.9410932478461681
final,3080,1,0.7914261252937504,3080,0.8485538445835334
final,3081,1,0.9016509501133447,3081,0.872657793220922
final,3082,1,0.7620934242963757,3082,0.9268306447511262
final,3083,1,0.770037485220737,3083,0.7836091353537549
final,3084,1,0.8774163504599632,3084,0.8836679637369882
final,3085,1,0.9369609427769638,3085,0.8853850634483776
final,3086,1,0.8552584610511224,3086,0.8690124781653725
final,3087,1,0.9278424781725274,3087,0.7557169351576527
final,3088,1,0.8387438048265766,3088,0.9480903670975267
final,3089,1,0.924723007689076,3089,0.8305827799121566
final,3090,1,0.9155100661107434,3090,0.925084583442872
final,3091,1,0.9236008567262792,3091,0.8675445998879516
final,3092,1,0.9386578298303092,3092,0.8073922705384767
final,3093,1,0.764378247821768,3093,0.7387743294297779
final,3094,1,0.7593853624139351,3094,0.917882333454918
final,3095,1,0.8263748102199986,3095,0.7978521981598083
final,3096,1,0.7757380630450683,3096,0.9355903772909697
final,3097,1,0.9788226840000422,3097,0.8361169471005194
final,3098,1,0.7647409744526334,3098,0.8535871948417351
final,3099,1,0.9493683900309711,3099,0.8449568719997369
final,3100,1,0.8100632476124632,3100,0.8870202316620399
final,3101,1,0.8910779319957438,3101,0.894270871626113
final,3102,1,0.8679245407430243,3102,0.886091730093749
final,3103,1,0.9084405737504171,3103,0.9732968146704252
final,3104,1,0.8796210150593384,3104,0.8277012134684922
final,3105,1,0.9635521419364893,3105,0.9180286008695899
final,3106,1,0.8257051342476445,3106,0.9402154389489217
final,3107,1,0.7254934473277819,3107,0.9120103710382422
final,3108,1,0.986765864027654,3108,0.9595034590437367
final,3109,1,0.9493275122304086,3109,0.9777916438259167
final,3110,1,0.7671246211783751,3110,0.827113343610228
final,3111,1,0.9089742935580039,3111,0.8840626929497034
final,3112,1,0.9629847891989689,3112,0.8503111496065561
final,3113,1,0.8358459410175192,3113,0.8907858433180222
final,3114,1,0.9062405719929147,3114,0.9319264199254039
final,3115,1,0.7058386164406356,3115,0.9624134917690661
final,3116,1,0.856799126477522,3116,0.8076305297830249
final,3117,1,0.7323028258671211,3117,0.8881774173514552
final,3118,1,0.7788756679054498,3118,0.959202201600176
final,3119,1,0.9532942186732666,3119,0.8449343715647764
final,3120,1,0.9163332120223839,3120,0.7923010856910242
final,3121,1,0.8810587180652336,3121,0.9269186344162528
final,3122,1,0.8102540922521531,3122,0.933866850253493
final,3123,1,0.8301966115357543,3123,0.955419700163006
final,3124,1,0.9272068924735954,3124,0.9579027421995046
final,3125,1,0.9257230598144366,3125,0.8923042592121572
final,3126,1,0.921658865790493,3126,0.7579357091178198
final,3127,1,0.9081405114284684,3127,0.9408181266445851
final,3128,1,0.9762370191365377,3128,0.8970090040649997
final,3129,1,0.9547270101564658,3129,0.8094105806164305
final,3130,1,0.8735784356545747,3130,0.9820796779387819
final,3131,1,0.9185671197818857,3131,0.9202562171404236
final,3132,1,0.8104709534926611,3132,0.9230499933226761
final,3133,1,0.8319780956219689,3133,0.9146504922063263
final,3134,1,0.8306048667896933,3134,0.9078196308408879
final,3135,1,0.8063956648807359,3135,0.9530578066469482
final,3136,1,0.8630322681912712,3136,0.8803383813557781
final,3137,1,0.8417023032889566,3137,0.9596446633314974
final,3138,1,0.7354097213032197,3138,0.850747509279027
final,3139,1,0.7842446243207808,3139,0.8505793561365416
final,3140,1,0.9753195387781279,3140,0.824903821116048
final,3141,1,0.9477982265557119,3141,0.8690774095412637
final,3142,1,0.9215318545303142,3142,0.930346432551921
final,3143,1,0.812727333068441,3143,0.9362787868080065
final,3144,1,0.8173918624128949,3144,0.9331243459325912
final,3145,1,0.9717721411466245,3145,0.9595248859995005
final,3146,1,0.8524001035109009,3146,0.9262066878800725
final,3147,1,0.8222297971801482,3147,0.8383256943645023
final,3148,1,0.8414999856471723,3148,0.9296318283192508
final,3149,1,0.9200692940738958,3149,0.9019969669323982
final,3150,1,0.9336541543167125,3150,0.8925181640959028
final,3151,1,0.8597315436401667,3151,0.940830270918854
final,3152,1,0.7903152690157119,3152,0.956562939219874
final,3153,1,0.8155008033346682,3153,0.9448128916156266
final,3154,1,0.8124951849610113,3154,0.9470789856616226
final,3155,1,0.8390389351273837,3155,0.9110703590664327
final,3156,1,0.9009687566142957,3156,0.9389274378350987
final,3157,1,0.8050354588273774,3157,0.8590623712538596
final,3158,1,0.8860931235395192,3158,0.886709526683993
final,3159,1,0.8156025612705025,3159,0.9418374487885975
final,3160,1,0.8877180468426337,3160,0.9136539699123865
final,3161,1,0.8237133953572766,3161,0.9683299794230091
final,3162,1,0.7321060344962845,3162,0.8773911810382261
final,3163,1,0.8439202105486039,3163,0.9251956685449603
final,3164,1,0.9196869143831731,3164,0.9535843450298596
final,3165,1,0.8457074591802389,3165,0.9328718660393869
final,3166,1,0.8154526860425668,3166,0.876094214351729
final,3167,1,0.8950006340000171,3167,0.9569809253885782
final,3168,1,0.9653405926827212,3168,0.9674295511727222
final,3169,1,0.9022827831302979,3169,0.8907384229126266
final,3170,1,0.6733363830484085,3170,0.9719298446392243
final,3171,1,0.8106439901768565,3171,0.9149461419241993
final,3172,1,0.9820983337854359,3172,0.8133744516886272
final,3173,1,0.9781577132236481,3173,0.8681897199873607
final,3174,1,0.9419624956153929,3174,0.9455821095960641
final,3175,1,0.7503159954424853,3175,0.9146873755030781
final,3176,1,0.8773820226486224,3176,0.9721629106037266
final,3177,1,0.8306880401827632,3177,0.8317325126496963
final,3178,1,0.9106665529240099,3178,0.8247427170569848
final,3179,1,0.6051831470807664,3179,0.9463200546105619
final,3180,1,0.85283025230484,3180,0.920438752338557
final,3181,1,0.9214311909167918,3181,0.9263144498849833
final,3182,1,0.9335209502903354,3182,0.962859357477663
final,3183,1,0.6917696685059868,3183,0.8912190728365192
final,3184,1,0.9168097329012324,3184,0.936425890720173
final,3185,1,0.710366712951839,3185,0.939356549609482
final,3186,1,0.9098746857924116,3186,0.8797257695873966
final,3187,1,0.8139931338876054,3187,0.9822290862946786
final,3188,1,0.9033218535582415,3188,0.8755568196472818
final,3189,1,0.76429669949454,3189,0.9073852375408837
final,3190,1,0.8916218055987453,3190,0.8321456075104212
final,3191,1,0.9625968564306631,3191,0.9626307628535167
final,3192,1,0.9495471804469234,3192,0.9671443809616584
final,3193,1,0.9863780700984435,3193,0.8771004054359417
final,3194,1,0.7215826782838438,3194,0.9710586626100459
final,3195,1,0.8251799117887249,3195,0.907214459056986
final,3196,1,0.9186647675212352,3196,0.9037420929198989
final,3197,1,0.9414826312173066,3197,0.9834260360904206
final,3198,1,0.75507194168257,3198,0.9648581468979178
final,3199,1,0.9275554449323673,3199,0.8863831531881599
final,3200,1,0.8722426229636577,3200,0.8660118119111062
final,3201,1,0.8703500636408921,3201,0.8635241966003204
final,3202,1,0.8688129204112373,3202,0.9357231537042484
final,3203,1,0.9336938021270639,3203,0.8862026159277024
final,3204,1,0.8851672133065333,3204,0.8683048025322784
final,3205,1,0.9570278000109633,3205,0.9585293737804061
final,3206,1,0.7156571356435633,3206,0.9280980330236842
final,3207,1,0.8518005572224177,3207,0.945945604165364
final,3208,1,0.8918843459672681,3208,0.7949252018033948
final,3209,1,0.8739110476903065,3209,0.9605756969757624
final,3210,1,0.8713276921693571,3210,0.9161571693251779
final,3211,1,0.887536863148979,3211,0.8269452411605978
final,3212,1,0.6492253055254993,3212,0.9311135092913709
final,3213,1,0.7742387865420206,3213,0.9272872992515575
final,3214,1,0.651880967378266,3214,0.9142256919937002
final,3215,1,0.7143711567614826,3215,0.8977523451572118
final,3216,1,0.7807723513083097,3216,0.8671588677600557
final,3217,1,0.7779304365010833,3217,0.8958686273344476
final,3218,1,0.784365075215441,3218,0.9840097392593339
final,3219,1,0.9793522969244552,3219,0.9049769169662427
final,3220,1,0.9487668326316631,3220,0.9273330338459249
final,3221,1,0.9461722474210017,3221,0.8570479935935608
final,3222,1,0.8580324710911527,3222,0.9200834356088354
final,3223,1,0.9137321403208638,3223,0.9821602829566594
final,3224,1,0.8391396582913224,3224,0.8924403234515361
final,3225,1,0.9740381960172574,3225,0.8373737677601351
final,3226,1,0.7893692723577559,3226,0.8412090454241563
final,3227,1,0.7863709884103509,3227,0.9609187672570901
final,3228,1,0.944212624187487,3228,0.9456744455486368
final,3229,1,0.694807379908936,3229,0.8977494915680357
final,3230,1,0.9514921318603872,3230,0.9598840493781022
final,3231,1,0.8345661478910315,3231,0.9323805661439881
final,3232,1,0.8752025491836937,3232,0.9637049133619906
final,3233,1,0.8352301314358014,3233,0.8356803659882601
final,3234,1,0.888253429908319,3234,0.9072362649420053
final,3235,1,0.8891209451209565,3235,0.9440750802139524
final,3236,1,0.8869796707183468,3236,0.890581387853334
final,3237,1,0.7629571485787965,3237,0.7975416770028888
final,3238,1,0.7317063075926687,3238,0.949142340599902
final,3239,1,0.9104156009506814,3239,0.9499809784730122
final,3240,1,0.855337632806629,3240,0.9137074681680919
final,3241,1,0.9762720295769785,3241,0.9799390066646992
final,3242,1,0.8047721948692239,3242,0.8661639331047626
final,3243,1,0.8581360688164996,3243,0.8381791566821462
final,3244,1,0.951904770810315,3244,0.8211596389842921
final,3245,1,0.9835568807854544,3245,0.972087896666656
final,3246,1,0.848855808356939,3246,0.9734104753415271
final,3247,1,0.7818445512965866,3247,0.8887004844648014
final,3248,1,0.8692496746378239,3248,0.9589049298370003
final,3249,1,0.841344148971234,3249,0.884504896748038
final,3250,1,0.8763460317569619,3250,0.8765591932929775
final,3251,1,0.836270560584844,3251,0.8749404085926227
final,3252,1,0.902302058111597,3252,0.7558085320557442
final,3253,1,0.857295152184617,3253,0.8302345406239262
final,3254,1,0.8891374897241773,3254,0.8641843838633992
final,3255,1,0.7459372251118433,3255,0.9123237993360587
final,3256,1,0.8694568258250127,3256,0.857159519954021
final,3257,1,0.74232821661092,3257,0.7953912397221548
final,3258,1,0.8771559894768035,3258,0.9059472705648559
final,3259,1,0.8749796351057003,3259,0.8941536071963883
final,3260,1,0.8312871763904506,3260,0.8916916785262683
final,3261,1,0.8722532546866637,3261,0.8225998904648815
final,3262,1,0.9176646708281586,3262,0.8439771511166679
final,3263,1,0.9653318238546634,3263,0.8541813298391175
final,3264,1,0.9846094724755174,3264,0.8744764540791223
final,3265,1,0.8212848491985383,3265,0.9513623533185711
final,3266,1,0.9816938385599068,3266,0.9548390543109506
final,3267,1,0.8777743602716126,3267,0.9555281172693496
final,3268,1,0.7835687261824611,3268,0.944630624403729
final,3269,1,0.9354525894350865,3269,0.9731828389972482
final,3270,1,0.914740214575094,3270,0.8794519966673796
final,3271,1,0.9534718939877957,3271,0.9328870615964653
final,3272,1,0.6849664424223655,3272,0.8261642617803704
final,3273,1,0.8538275562880872,3273,0.8617652238881439
final,3274,1,0.9102798246125939,3274,0.9505143752879848
final,3275,1,0.7479010266684607,3275,0.8509426358264445
final,3276,1,0.6724485072675441,3276,0.9761905245037814
final,3277,1,0.8032169490935634,3277,0.9478353245581475
final,3278,1,0.8996139146237347,3278,0.8723337726581841
final,3279,1,0.8135508594059692,3279,0.9219496551881937
final,3280,1,0.8720620030923079,3280,0.9559674729417985
final,3281,1,0.8798614054455678,3281,0.861162669027531
final,3282,1,0.734881285129658,3282,0.933008276254107
final,3283,1,0.7392745100410212,3283,0.946325626681872
final,3284,1,0.9399677151795303,3284,0.8439082075497921
final,3285,1,0.7656520916781524,3285,0.9624977042826957
final,3286,1,0.7802024242203561,3286,0.8953318726260668
final,3287,1,0.6941395786744908,3287,0.966995054284708
final,3288,1,0.9475995836602752,3288,0.9762661506200129
final,3289,1,0.8199457138787847,3289,0.9570073600756228
final,3290,1,0.914242018706932,3290,0.9601922324114934
final,3291,1,0.6084227045742434,3291,0.9288322562618376
final,3292,1,0.7652258872995075,3292,0.9712793375213141
final,3293,1,0.9116537922438973,3293,0.8819605458601716
final,3294,1,0.8820417616539309,3294,0.9566456864528312
final,3295,1,0.8330717938647811,3295,0.9380392430448907
final,3296,1,0.8373319571556723,3296,0.9515724114515971
final,3297,1,0.7885488097926973,3297,0.9701492652668107
final,3298,1,0.8378850434950461,3298,0.9566684708152227
final,3299,1,0.8616101593070182,3299,0.8840197741208947
final,3300,1,0.9649553190425365,3300,0.8976174640848853
final,3301,1,0.8112569390782935,3301,0.8842918543893643
final,3302,1,0.8528221059867576,3302,0.8807014658317269
final,3303,1,0.9396150624993389,3303,0.7793008104521651
final,3304,1,0.936204172790321,3304,0.8310851628886466
final,3305,1,0.7119377962812814,3305,0.8169242569909816
final,3306,1,0.950926800377724,3306,0.8692764914629147
final,3307,1,0.8452677104113284,3307,0.9320812838754733
final,3308,1,0.9681473708807758,3308,0.9262377097830204
final,3309,1,0.9064981470004316,3309,0.9215535333557047
final,3310,1,0.9705226264423481,3310,0.9581169471695306
final,3311,1,0.984932088283763,3311,0.9277594109194547
final,3312,1,0.937342783846747,3312,0.8962532723182062
final,3313,1,0.9603921031710811,3313,0.9515902911567613
final,3314,1,0.9604764034809434,3314,0.9368282644165838
final,3315,1,0.9392994383958291,3315,0.9338798568919467
final,3316,1,0.8413869869608779,3316,0.865757034759342
final,3317,1,0.8891670874001264,3317,0.8437486824585743
final,3318,1,0.9279830010514729,3318,0.8100035694885444
final,3319,1,0.904944471515712,3319,0.9351454503202217
final,3320,1,0.7335803913566129,3320,0.8382005082285113
final,3321,1,0.8025152851739111,3321,0.9337470687791906
final,3322,1,0.9075245261424949,3322,0.9637638741785788
final,3323,1,0.7399512361705745,3323,0.8762225082466333
final,3324,1,0.868499295456362,3324,0.7700967694796017
final,3325,1,0.9374083427626267,3325,0.9180683476961224
final,3326,1,0.90676688182093,3326,0.9377840299598694
final,3327,1,0.8711744418460619,3327,0.9547673810145966
final,3328,1,0.8949287271236818,3328,0.9497719185706759
final,3329,1,0.7545403045823551,3329,0.9216947825137359
final,3330,1,0.8930338602822,3330,0.9468270185277654
final,3331,1,0.8101484485056654,3331,0.9235856341638354
final,3332,1,0.8603307697855348,3332,0.844259281111993
final,3333,1,0.9277818153417676,3333,0.9165420408085767
final,3334,1,0.8813081655788331,3334,0.9279197620899886
final,3335,1,0.8865045203239631,3335,0.9361062974663754
final,3336,1,0.7805705073107222,3336,0.9043237701584375
final,3337,1,0.8470557346380929,3337,0.8643344046885255
final,3338,1,0.9318024700985528,3338,0.9720979502726366
final,3339,1,0.8284677349811497,3339,0.8957805626736814
final,3340,1,0.9294550689027252,3340,0.7779075599686083
final,3341,1,0.9784904814228761,3341,0.9218510178535695
final,3342,1,0.7352940458389636,3342,0.9270780785566974
final,3343,1,0.7938144398275371,3343,0.9190848615769409
final,3344,1,0.9554711756085097,3344,0.8296794233853432
final,3345,1,0.894631992965903,3345,0.8938255347653257
final,3346,1,0.7879646155234261,3346,0.9379842485838874
final,3347,1,0.8234217760841294,3347,0.9496268840694885
final,3348,1,0.9593002787381552,3348,0.9609515294412672
final,3349,1,0.8982898717328027,3349,0.9241466267473493
final,3350,1,0.869797219613612,3350,0.9805713988978061
final,3351,1,0.7842423288776983,3351,0.9117939439340155
final,3352,1,0.8592292524634576,3352,0.942221826038323
final,3353,1,0.8963948317396103,3353,0.8793357427801501
final,3354,1,0.8686442119462848,3354,0.9816300622681562
final,3355,1,0.8609896810798174,3355,0.9446212297699468
final,3356,1,0.9085605819436182,3356,0.8837679247876533
final,3357,1,0.8536688945639735,3357,0.9443976584719016
final,3358,1,0.8904360483581734,3358,0.9615411377806999
final,3359,1,0.9235595553876565,3359,0.8616633680910892
final,3360,1,0.8558619194161255,3360,0.8417436413650603
final,3361,1,0.9322747580965696,3361,0.7684960104330674
final,3362,1,0.771343259478958,3362,0.9090968196315561
final,3363,1,0.8456342402526286,3363,0.9317243012915224
final,3364,1,0.7484299400382313,3364,0.9137690773577843
final,3365,1,0.758058016447841,3365,0.9443880374199825
final,3366,1,0.7997151889388443,3366,0.9570656718652942
final,3367,1,0.9147431264574457,3367,0.9639237418986206
final,3368,1,0.8839318046615221,3368,0.9547007442383713
final,3369,1,0.9810701916085378,3369,0.8713090737185412
final,3370,1,0.9268813247473183,3370,0.8704689553838602
final,3371,1,0.9629955043134287,3371,0.9325992919055754
final,3372,1,0.9074316094054237,3372,0.916018028870828
final,3424,3,0.6426944290805624,3424,0.49
final,3425,3,0.8786997639088485,3425,0.49
final,3426,3,0.896685362997717,3426,0.49
final,3427,3,0.7399948086818924,3427,0.49
final,3428,3,0.9604013726671771,3428,0.9651164923433722
final,3429,3,0.8501016707614828,3429,0.910947987461872
final,3430,3,0.8571172852368381,3430,0.9580986344978429
final,3431,3,0.8918804004826981,3431,0.8612792112926022
final,3432,3,0.9000363247358838,3432,0.9211844359705608
final,3433,3,0.82144298045481,3433,0.7713583794505452
final,3434,3,0.9046997501792411,3434,0.9089613395087603
final,3435,3,0.9571695777012346,3435,0.9028485730554785
final,3436,3,0.7996046697026669,3436,0.9443493577020441
final,3437,3,0.7827638521629059,3437,0.9679599543117676
final,3438,3,0.9481847170018154,3438,0.8865507710349931
final,3439,3,0.7875474982611392,3439,0.9610423376315903
final,3440,3,0.8648133533815631,3440,0.9173826746746748
final,3441,3,0.848309029417964,3441,0.9240529838004974
final,3442,3,0.9226902164799972,3442,0.9317038697776022
final,3443,3,0.8787221207125697,3443,0.8404164654554445
final,3444,3,0.8135179673364776,3444,0.8604872670637556
final,3445,3,0.8495029575007249,3445,0.7793613134245807
final,3446,3,0.8377256967716515,3446,0.9207199908301043
final,3447,3,0.7453308233295948,3447,0.9525009749821516
final,3448,3,0.8735701802964083,3448,0.8761821735611734
final,3449,3,0.8463466950961757,3449,0.9551036645995428
final,3450,3,0.9482820073454474,3450,0.9597265695541298
final,3451,3,0.7438859859301435,3451,0.947371726515976
final,3452,3,0.740983073160903,3452,0.9812173673240243
final,3453,3,0.8111767746240344,3453,0.9702272566950239
final,3454,3,0.7013994306190983,3454,0.9599053190091106
final,3455,3,0.9059709580581543,3455,0.9469545953731557
final,3456,3,0.8813538023552304,3456,0.9690065935201668
final,3457,3,0.9163627099342826,3457,0.9708728301672656
final,3458,3,0.8198077803757664,3458,0.9146197036429518
final,3459,3,0.9085296424303266,3459,0.8737545894108836
final,3460,3,0.8444335952649142,3460,0.9521738261842602
final,3461,3,0.8737973241866587,3461,0.9108587426578342
final,3462,3,0.8415706260470612,3462,0.9671689695885182
final,3463,3,0.9349059206594899,3463,0.9332169432103146
final,3464,3,0.8634828928341944,3464,0.9571250961727945
final,3465,3,0.9796383579259238,3465,0.7947276261547694
final,3466,3,0.716469654297405,3466,0.7954725718049038
final,3467,3,0.8642022878586165,3467,0.8504314303808649
final,3468,3,0.8389948120707338,3468,0.8839554363124099
final,3469,3,0.952031059455667,3469,0.9402421108441171
final,3470,3,0.8348179540269014,3470,0.8590707523676246
final,3471,3,0.83976699563551,3471,0.8963855238058487
final,3472,3,0.8762610344253873,3472,0.9758881683862184
final,3473,3,0.718685430206917,3473,0.8716112445698103
final,3474,3,0.9593338943001821,3474,0.8522392250342419
final,3475,3,0.8091323569721643,3475,0.9171037970860854
final,3476,3,0.9077447930798388,3476,0.9188727736293187
final,3477,3,0.8120728740376953,3477,0.8964237161270963
final,3478,3,0.9214892821031422,3478,0.8486534217470394
final,3479,3,0.8974835897711222,3479,0.963000570163611
final,3480,3,0.8868172512143978,3480,0.9146452767204464
final,3481,3,0.9179799756538054,3481,0.891339464588665
final,3482,3,0.9331008071552854,3482,0.9255617056226055
final,3483,3,0.8383952580836622,3483,0.9481690886635661
final,3484,3,0.9657941206428204,3484,0.927783707274489
final,3485,3,0.7662064162924298,3485,0.9150502637089902
final,3486,3,0.8998047116785708,3486,0.9186120804669922
final,3487,3,0.9756416889914261,3487,0.9704480798178718
final,3488,3,0.8691590722613376,3488,0.9068108425537609
final,3489,3,0.9250314045015352,3489,0.9148317661481622
final,3490,3,0.9027763140177825,3490,0.9286088014108671
final,3491,3,0.8280938881235567,3491,0.8446789853948444
final,3492,3,0.8456865874336502,3492,0.949006119126394
final,3493,3,0.7862414732922622,3493,0.9026049965335488
final,3494,3,0.8812274691877199,3494,0.8668498737253985
final,3495,3,0.9463102800187237,3495,0.9589086658041869
final,3496,3,0.8906597692019862,3496,0.9871688695703986
final,3497,3,0.9088801471289762,3497,0.9268432094174469
final,3498,3,0.9565895862632279,3498,0.9711306660252903
final,3499,3,0.855286808950938,3499,0.9439260622009393
final,3500,3,0.9156747551637233,3500,0.8696735014649768
final,3501,3,0.8668690019233958,3501,0.9018313221694075
final,3502,3,0.8326201022404014,3502,0.8969003115869243
final,3503,3,0.869941604766153,3503,0.9402378488126419
final,3504,3,0.7348326222706179,3504,0.8466242418849792
final,3505,3,0.8561688133634318,3505,0.9648659640859192
final,3506,3,0.9230599201600445,3506,0.9399513498086784
final,3507,3,0.8811554725140784,3507,0.9280510685800125
final,3508,3,0.7769256037072014,3508,0.8931576165139533
final,3509,3,0.734181849713076,3509,0.9451872969322679
final,3510,3,0.8989882833999807,3510,0.9489125065086355
final,3511,3,0.8425371050890096,3511,0.9243801242131093
final,3512,3,0.7571047788557955,3512,0.9871044748774125
final,3513,3,0.9472406339121132,3513,0.8604404592740693
final,3514,3,0.6642345848390987,3514,0.935463725581406
final,3515,3,0.9025381151075584,3515,0.9608382943077882
final,3516,3,0.7989768596099507,3516,0.9389981077585628
final,3517,3,0.8148843543684732,3517,0.869262568716068
final,3518,3,0.8888327640740796,3518,0.951486916811926
final,3519,3,0.8226415814488199,3519,0.937794085765576
final,3520,3,0.971817804677992,3520,0.7554567387398978
final,3521,3,0.6095013984079741,3521,0.9639130029714329
final,3522,3,0.9100708167901664,3522,0.8140568633352161
final,3523,3,0.9019770088561356,3523,0.8773562804271673
final,3524,3,0.7409105648322444,3524,0.9617706293016451
final,3525,3,0.7571282967717681,3525,0.922739410946716
final,3526,3,0.8702496546094696,3526,0.9535758304356026
final,3527,3,0.8775839861452899,3527,0.9352071405023061
final,3528,3,0.7814147764919627,3528,0.8759238331623689
final,3529,3,0.8196077622663617,3529,0.9119330002445607
final,3530,3,0.8392834926761646,3530,0.9167845055760171
final,3531,3,0.7665399178168248,3531,0.8166978982498169
final,3532,3,0.7340487875253471,3532,0.8648805576188294
final,3533,3,0.7373863944075029,3533,0.9115233211745698
final,3534,3,0.9025303863469711,3534,0.9288342736368118
final,3535,3,0.677381085596884,3535,0.8807818970006902
final,3536,3,0.8301301837887902,3536,0.9668030542932685
final,3537,3,0.9454472007820074,3537,0.9498395400290464
final,3538,3,0.8063439025722231,3538,0.8626803192862056
final,3539,3,0.914604747916294,3539,0.8975119654219397
final,3540,3,0.8876147348338589,3540,0.9624566575107589
final,3541,3,0.7889425264759831,3541,0.972531891211195
final,3542,3,0.9616958162349454,3542,0.9555568831257955
final,3543,3,0.7721311297648193,3543,0.7008350550335635
final,3544,3,0.7229792565989022,3544,0.9173996576163769
final,3545,3,0.9403989340255933,3545,0.9216072991140682
final,3546,3,0.8757611336979201,3546,0.9084277895024149
final,3547,3,0.834288221034466,3547,0.9342920824594878
final,3548,3,0.927560652908227,3548,0.8644785770776358
final,3549,3,0.7697307423643174,3549,0.8703878156739164
final,3550,3,0.9587000567425443,3550,0.8747303647198323
final,3551,3,0.8475833544255267,3551,0.9680124439466388
final,3552,3,0.9379034696116795,3552,0.851888758136131
final,3553,3,0.9178762412513017,3553,0.9238730947330224
final,3554,3,0.954371764371366,3554,0.9594629856740725
final,3555,3,0.904205570450499,3555,0.9529611258772984
final,3556,3,0.8212547271113712,3556,0.859991172650433
final,3557,3,0.7683308672653457,3557,0.8951002767720682
final,3558,3,0.8258130063679501,3558,0.913482081012605
final,3559,3,0.90685624118016,3559,0.8762140367864566
final,3560,3,0.9289768719068252,3560,0.9493663693331319
final,3561,3,0.9387199755191341,3561,0.8200921988670166
final,3562,3,0.8547459994074391,3562,0.8967631272335668
final,3563,3,0.8813295700047052,3563,0.8677768285278475
final,3564,3,0.8802250942662402,3564,0.9349700285516431
final,3565,3,0.9742089641553859,3565,0.9006673421749221
final,3566,3,0.9113043198521891,3566,0.9508947903986766
final,3567,3,0.8442458060835357,3567,0.8825116232823841
final,3568,3,0.9332720534216465,3568,0.9379923702662167
final,3569,3,0.9274221379506197,3569,0.8848875284903455
final,3570,3,0.8973404419582087,3570,0.9651873898034342
final,3571,3,0.8513283198011348,3571,0.9748451446592692
final,3572,3,0.6821601146053706,3572,0.9389097648563653
final,3573,3,0.9518447571263374,3573,0.8700915489624313
final,3574,3,0.6934007929701411,3574,0.8671324719987651
final,3575,3,0.8970994123814979,3575,0.8634924853697996
final,3576,3,0.9370440363875067,3576,0.8584831207284271
final,3577,3,0.934688069612069,3577,0.8991962687703271
final,3578,3,0.9668099656109246,3578,0.7914336734375687
final,3579,3,0.9393929633602417,3579,0.9010884385051099
final,3580,3,0.8717081637129795,3580,0.9526901278206416
final,3581,3,0.8885011747705645,3581,0.8490450919259549
final,3582,3,0.9140809765230307,3582,0.9757458165469968
final,3583,3,0.9333621248285283,3583,0.9065826575434099
final,3584,3,0.6341882625750325,3584,0.9211489925825027
final,3585,3,0.9009831559051009,3585,0.8279389760878728
final,3586,3,0.9795943071293829,3586,0.8462883948389008
final,3587,3,0.9375026348078723,3587,0.900951685592116
final,3588,3,0.9283976033272547,3588,0.9319931661608958
final,3589,3,0.9586116672535241,3589,0.8972290836592931
final,3590,3,0.714166972836189,3590,0.8781038558453584
final,3591,3,0.8727213215051601,3591,0.9722997254701838
final,3592,3,0.9389629327779563,3592,0.9029024029767221
final,3593,3,0.8054969224215456,3593,0.9657907613359424
final,3594,3,0.8993162356082908,3594,0.8784927812785379
final,3595,3,0.8382664788168743,3595,0.91257859942734
final,3596,3,0.7700341639522883,3596,0.9232969524350245
final,3597,3,0.8717081367067323,3597,0.9437953820354976
final,3598,3,0.8755443600122634,3598,0.9735489228666782
final,3599,3,0.8717707042400468,3599,0.8568473542978212
final,3600,3,0.9045706979708896,3600,0.9189672042785184
final,3601,3,0.8645129526363384,3601,0.8613354930686308
final,3602,3,0.9074793803256094,3602,0.7932640691412096
final,3603,3,0.7187803159086243,3603,0.8974278039985473
final,3604,3,0.8040200329105326,3604,0.9325096916020033
final,3605,3,0.7897691661610091,3605,0.9609622380815849
final,3606,3,0.7755289743423803,3606,0.9186037781922847
final,3607,3,0.8501116067832151,3607,0.788656368372705
final,3608,3,0.8563864590769942,3608,0.8957871763537859
final,3609,3,0.8132932012712965,3609,0.8134985545473228
final,3610,3,0.8845024027413194,3610,0.8400791230877482
final,3611,3,0.8987874448121824,3611,0.8092208922406903
final,3612,3,0.8647604498713928,3612,0.8980107113464981
final,3613,3,0.8756123429634918,3613,0.9654630544739655
final,3614,3,0.9135919671100234,3614,0.8716286444517276
final,3615,3,0.8258059248574523,3615,0.9250033869636993
final,3616,3,0.8157658308704698,3616,0.9172246536088948
final,3617,3,0.9568556895802983,3617,0.9681878634358543
final,3618,3,0.581854823207008,3618,0.9818535572748883
final,3619,3,0.6975475221375865,3619,0.9585536995244861
final,3620,3,0.8897678726070567,3620,0.9410848628650859
final,3621,3,0.9056074767178324,3621,0.9127061857747945
final,3622,3,0.8953472190830731,3622,0.8566044245037363
final,3623,3,0.8519839271250373,3623,0.8570976116139994
final,3624,3,0.9176395800793447,3624,0.8913279064022843
final,3625,3,0.9405297885393019,3625,0.8468587325943606
final,3626,3,0.8596139997959946,3626,0.9146697915776685
final,3627,3,0.8856010012277895,3627,0.941086151239412
final,3628,3,0.9349781575161568,3628,0.9667585784553939
final,3629,3,0.8667341165041964,3629,0.9466236913221695
final,3630,3,0.7813639186820306,3630,0.8908519427556533
final,3631,3,0.8671754096601951,3631,0.950459904948546
final,3632,3,0.9850780777041264,3632,0.8934297095569717
final,3633,3,0.8372410853720941,3633,0.9217431792867898
final,3634,3,0.7901049804074778,3634,0.8609266438902751
final,3635,3,0.7066620512507165,3635,0.9665230746001197
final,3636,3,0.962551761938651,3636,0.9114519355345596
final,3637,3,0.9676565950282534,3637,0.8850798437015893
final,3638,3,0.9201389860754016,3638,0.9126490797440185
final,3639,3,0.9667152525791834,3639,0.9302916564573763
final,3640,3,0.8887122454125285,3640,0.9254298539516608
final,3641,3,0.9617513698346072,3641,0.6624289364536763
final,3642,3,0.9415835057022389,3642,0.8642208212511493
final,3643,3,0.8729985302158177,3643,0.9367845597196174
final,3644,3,0.8913185124023127,3644,0.9853343515463531
final,3645,3,0.9742625547741155,3645,0.946813777789015
final,3646,3,0.9155416166403929,3646,0.9466011280268796
final,3647,3,0.8983816356893182,3647,0.9296112318883889
final,3648,3,0.6503784922605271,3648,0.9595456748107427
final,3649,3,0.8619563006327026,3649,0.9065857797108107
final,3650,3,0.8278501609025031,3650,0.9746969808516547
final,3651,3,0.9670761311658471,3651,0.9611856865690379
final,3652,3,0.8492547686948723,3652,0.9089067148116622
final,3653,3,0.8808970925323674,3653,0.8902469562698943
final,3654,3,0.8975743444022287,3654,0.9260111633529057
final,3655,3,0.698001599908021,3655,0.8781699629809465
final,3656,3,0.8338048171938324,3656,0.8659479606725453
final,3657,3,0.9205634699334949,3657,0.9366238484979763
final,3658,3,0.8656537203222544,3658,0.8347620263961173
final,3659,3,0.9401522261823761,3659,0.8626848849833578
final,3660,3,0.978494658831937,3660,0.8880994679117779
final,3661,3,0.9272620657650235,3661,0.9139109313698601
final,3662,3,0.9283039716433972,3662,0.9615924269381126
final,3663,3,0.8723092676443797,3663,0.9100782242043959
final,3664,3,0.855126116600903,3664,0.8443191239307345
final,3665,3,0.9019775335070956,3665,0.8267614097125708
final,3666,3,0.9485348083984313,3666,0.9351259352836987
final,3667,3,0.7772606342360009,3667,0.8666262063632773
final,3668,3,0.975660938262691,3668,0.8800663505569934
final,3669,3,0.9227294870372964,3669,0.9476290603646513
final,3670,3,0.7890723891778524,3670,0.9436396842175832
final,3671,3,0.9863388372537664,3671,0.9543514427146083
final,3672,3,0.8997074053952743,3672,0.917580350363367
final,3673,3,0.8833242336936518,3673,0.9887758756196142
final,3674,3,0.9023734502077081,3674,0.9016514640905157
final,3675,3,0.9342123591941511,3675,0.9173811114352864
final,3676,3,0.8008737380606297,3676,0.9587903811478629
final,3677,3,0.8206337131332655,3677,0.9736138000517275
final,3678,3,0.6602059933736785,3678,0.9607348501336088
final,3679,3,0.8927791221583661,3679,0.8738444596638102
final,3680,3,0.8938047395380441,3680,0.8770276932818039
final,3681,3,0.7624777376439363,3681,0.8969410306881108
final,3682,3,0.941619529294806,3682,0.8533993764723486
final,3683,3,0.8316525588784118,3683,0.9889326157557646
final,3684,3,0.8335783498476328,3684,0.9871591847290707
final,3685,3,0.8418702495008659,3685,0.9476148612930978
final,3686,3,0.913241226327469,3686,0.9175780354423186
final,3687,3,0.8706356191656044,3687,0.8919046783657333
final,3688,3,0.9400138962826281,3688,0.9300940090192067
final,3689,3,0.9193173512165382,3689,0.9255046566487442
final,3690,3,0.8549072994172433,3690,0.9060842627774988
final,3691,3,0.8843267730641987,3691,0.8666959255832339
final,3692,3,0.9611607801581588,3692,0.8467347008477373
final,3693,3,0.9658769515181992,3693,0.8601795448156379
final,3694,3,0.7155549570431424,3694,0.9804613966218456
final,3695,3,0.7899810619936658,3695,0.9427179684117738
final,3696,3,0.9563988179182981,3696,0.8490564459251011
final,3697,3,0.91875303640212,3697,0.9824302855108924
final,3698,3,0.896905418624006,3698,0.9549175351007047
final,3699,3,0.7130927974628537,3699,0.8333472924804028
final,3700,3,0.8487330330935119,3700,0.8514571332368992
final,3701,3,0.7944501638184063,3701,0.8694964954425835
final,3702,3,0.9019821363230829,3702,0.9581569234892222
final,3703,3,0.7654941497617598,3703,0.9552806205391464
final,3704,3,0.7921550420282022,3704,0.9443228159218569
final,3705,3,0.8106560641735328,3705,0.8904037844162987
final,3706,3,0.9734134808439094,3706,0.877674047952568
final,3707,3,0.9088629444751615,3707,0.8278332411285823
final,3708,3,0.8418912439982202,3708,0.9322658738495088
final,3709,3,0.9668260671116937,3709,0.9382090340569262
final,3710,3,0.8565852156839913,3710,0.9197346273500127
final,3711,3,0.6452372304771408,3711,0.9060801578718272
final,3712,3,0.825212641266993,3712,0.8686548598867294
final,3713,3,0.8410167997157942,3713,0.9157926342708875
final,3714,3,0.9130919573859132,3714,0.9313468469163659
final,3715,3,0.9025870264653038,3715,0.9288307888828353
final,3716,3,0.8104324921331887,3716,0.8181187237416556
final,3717,3,0.7004383619688079,3717,0.9215129418215269
final,3718,3,0.7923728239516403,3718,0.9113621346712397
final,3719,3,0.6074864138661856,3719,0.9434822773712774
final,3720,3,0.8467447102365575,3720,0.879067944236541
final,3721,3,0.8614561765135254,3721,0.8870945020794233
final,3722,3,0.8423371790124677,3722,0.95728522062914
final,3723,3,0.9220350658161567,3723,0.9604166488970798
final,3724,3,0.6975803133126179,3724,0.9760643677350138
final,3725,3,0.7226354923832456,3725,0.9628151122249953
final,3726,3,0.8501054776416326,3726,0.9529762871947376
final,3727,3,0.83630794376402,3727,0.8341991008573597
final,3728,3,0.8558597003084142,3728,0.8940687374591774
final,3729,3,0.9304449858718877,3729,0.9224953977126316
final,3730,3,0.9619679104024075,3730,0.781099222295514
final,3731,3,0.9792171307258812,3731,0.8824517074629848
final,3732,3,0.9195712204138158,3732,0.9120991155987317
final,3733,3,0.9374095182360852,3733,0.9355389463878695
final,3734,3,0.8734234256900463,3734,0.8910998336634898
final,3735,3,0.9162826031728784,3735,0.8043449846673894
final,3736,3,0.7180283762041599,3736,0.9396789022976848
final,3737,3,0.9081843124057757,3737,0.9450451416700327
final,3738,3,0.9466666677769783,3738,0.9831118582720828
final,3739,3,0.8324589179490278,3739,0.98020351239981
final,3740,3,0.9814369778391787,3740,0.9516150715933103
final,3741,3,0.8572696719442211,3741,0.9283088845405052
final,3742,3,0.7573487766525804,3742,0.9685933106611103
final,3743,3,0.8329329389980797,3743,0.8954680614467988
final,3744,3,0.9466369085348398,3744,0.8614446297403879
final,3745,3,0.7819589821408515,3745,0.9209467724513781
final,3746,3,0.9520920280103367,3746,0.8876367686406512
final,3747,3,0.9267811036640193,3747,0.8523602084318598
final,3748,3,0.9626266268735901,3748,0.9774319809976544
final,3749,3,0.7832359619966682,3749,0.9319836591619246
final,3750,3,0.7182940926735837,3750,0.9195502875083381
final,3751,3,0.9185434526196203,3751,0.8546729540258471
final,3752,3,0.6906571848209975,3752,0.9312010473146124
final,3753,3,0.9569162454800759,3753,0.9277952029816285
final,3754,3,0.8573314366080942,3754,0.9129550264152022
final,3755,3,0.8941330260761667,3755,0.9251855403649636
final,3756,3,0.9031466030546182,3756,0.9619350911052481
final,3757,3,0.9047616245949663,3757,0.9537650784091605
final,3758,3,0.8861225761845096,3758,0.8977622307077253
final,3759,3,0.6880341292484681,3759,0.9544038797409551
final,3760,3,0.86110013144962,3760,0.9116175748882704
final,3761,3,0.8130851182042507,3761,0.9350612124128581
final,3762,3,0.8140100520483499,3762,0.924565000676357
final,3763,3,0.8061214342125147,3763,0.9551136805839829
final,3764,3,0.8369027611292443,3764,0.9275866928660348
final,3765,3,0.7475246130764005,3765,0.7865840184868813
final,3766,3,0.7943247475965909,3766,0.9035561668130678
final,3767,3,0.7226391549151365,3767,0.9827658227907511
final,3768,3,0.9505593654032045,3768,0.9702465775647046
final,3769,3,0.9319795765100106,3769,0.9420068767781882
final,3770,3,0.8537306707111935,3770,0.9654937531520423
final,3771,3,0.7327248791688049,3771,0.9224205796993141
final,3772,3,0.912735365714057,3772,0.8581495415847502
final,3773,3,0.8813090203285757,3773,0.9367478715217359
final,3774,3,0.8175897431949386,3774,0.7677927908219986
final,3775,3,0.9208815546540766,3775,0.9723210276895271
final,3776,3,0.9658813688235759,3776,0.9540622060474495
final,3777,3,0.7219819659133154,3777,0.9004284414398576
final,3778,3,0.8260276433774272,3778,0.879060642053412
final,3779,3,0.7287890363636398,3779,0.8243626677219076
final,3780,3,0.7055930036304668,3780,0.912582347407124
final,3781,3,0.9512886410595576,3781,0.9273463918768865
final,3782,3,0.8408023777449949,3782,0.9203510674580104
final,3783,3,0.9157810771307092,3783,0.8592433151808486
final,3784,3,0.7538351044589288,3784,0.9694097318979178
final,3785,3,0.8549650869548941,3785,0.8286844390916763
final,3786,3,0.9529529919316344,3786,0.9086244476342813
final,3787,3,0.7008806698016843,3787,0.9134962050676361
final,3788,3,0.8884072323738096,3788,0.8696861015966522
final,3789,3,0.9390878045350244,3789,0.9429885086733056
final,3790,3,0.8494136320507288,3790,0.921182618892451
final,3791,3,0.897505473062296,3791,0.8507529440381354
final,3792,3,0.634871812746745,3792,0.7791515228802915
final,3793,3,0.9286018183283713,3793,0.9830768388289286
final,3794,3,0.876829653549994,3794,0.7384481303433603
final,3795,3,0.7978854612697397,3795,0.9013173062784305
final,3796,3,0.9283637238094518,3796,0.967471155370507
final,3797,3,0.76264586415908,3797,0.869997258984238
final,3798,3,0.8267968584743328,3798,0.9732879560173384
final,3799,3,0.9673334649382024,3799,0.9222381141262864
final,3800,3,0.8585693538053907,3800,0.866081039122768
final,3801,3,0.9220584859797012,3801,0.9719470670893386
final,3802,3,0.7228683413789043,3802,0.8864804033844401
final,3803,3,0.766722188491986,3803,0.897159743730023
final,3804,3,0.8832827545138414,3804,0.872045211124385
final,3805,3,0.8293934838900368,3805,0.9173773231880518
final,3806,3,0.9117580806986352,3806,0.9699116641171157
final,3807,3,0.8226379115513555,3807,0.8665441768492816
final,3808,3,0.8925554577371675,3808,0.8942714960870467
final,3809,3,0.6578265193322278,3809,0.9286792695978217
final,3810,3,0.9824345400041996,3810,0.9625366819680665
final,3811,3,0.8766769459506787,3811,0.908832356693154
final,3812,3,0.8671020184656208,3812,0.9341152627785011
final,3813,3,0.8500598378850585,3813,0.9216263552559437
final,3814,3,0.8981006056816663,3814,0.892631508469941
final,3815,3,0.8777620544913642,3815,0.9349502051202243
final,3816,3,0.8677278812000003,3816,0.8100491378259265
final,3817,3,0.7943881024888828,3817,0.8868976330662042
final,3818,3,0.8453251370572681,3818,0.9642825515732618
final,3819,3,0.9639860488265368,3819,0.8966397710595725
final,3820,3,0.7472610176346801,3820,0.9621161343174292
final,3821,3,0.8340631405392208,3821,0.8230619517110138
final,3822,3,0.9589701110123305,3822,0.9315020122562617
final,3823,3,0.9131909992194054,3823,0.9454401213507486
final,3824,3,0.8380587633912924,3824,0.8806333591241204
final,3825,3,0.8863978696122627,3825,0.9262853375370936
final,3826,3,0.945429843986345,3826,0.9741411978300274
final,3827,3,0.8845829859368379,3827,0.8648075076136775
final,3828,3,0.9861517169178797,3828,0.9604065362673511
final,3829,3,0.6275153667645578,3829,0.934961062196166
final,3830,3,0.8557813112229031,3830,0.9177567821826529
final,3831,3,0.9187041142325116,3831,0.8263124773126205
final,3832,3,0.7846232521344845,3832,0.8840081653093776
final,3833,3,0.9702733350490822,3833,0.8538430299814854
final,3834,3,0.7384172520301616,3834,0.9267254438830811
final,3835,3,0.9160061234319784,3835,0.9105071101441462
final,3836,3,0.8397640725498863,3836,0.8739551289814227
final,3837,3,0.7993339631257942,3837,0.9437893548753452
final,3838,3,0.9644959715708458,3838,0.9620455188117769
final,3839,3,0.9631411619719248,3839,0.9231402330386914
final,3840,3,0.8510735679654742,3840,0.8966847551794634
final,3841,3,0.8795458692287825,3841,0.8963875194286279
final,3842,3,0.9465518388137133,3842,0.9593477162799016
final,3843,3,0.9783992166453315,3843,0.8954433601321434
final,3844,3,0.9410129149811488,3844,0.9500405393948025
final,3845,3,0.9464915925147996,3845,0.9324458085504012
final,3846,3,0.9777234727360735,3846,0.8865547041543177
final,3847,3,0.8468993863887864,3847,0.9528475854825796
final,3848,3,0.9614896768713649,3848,0.7857068152187503
final,3849,3,0.8455228594303126,3849,0.9680347226439162
final,3850,3,0.9524424502215733,3850,0.7639872814718873
final,3851,3,0.9382192815020622,3851,0.9396318338609737
final,3852,3,0.9836785712877445,3852,0.8943208003089385
final,3853,3,0.8054601239262442,3853,0.8810743688080971
final,3854,3,0.916087777331513,3854,0.9433909513281111
final,3855,3,0.81629760765097,3855,0.9634909904528194
final,3856,3,0.8882669275359143,3856,0.9015640459171748
final,3857,3,0.84990014067347,3857,0.750673424845834
final,3858,3,0.8130771599103479,3858,0.9802293247596188
final,3859,3,0.785393777596806,3859,0.9473763476903501
final,3860,3,0.9126226853449797,3860,0.8658185050640524
final,3861,3,0.7751015219066866,3861,0.9190716548535103
final,3862,3,0.8224398239727364,3862,0.8236918310507608
final,3863,3,0.8117870590224116,3863,0.9261248150276727
final,3864,3,0.9566190920116935,3864,0.9322831921394776
final,3865,3,0.6979052754240651,3865,0.899002768423919
final,3866,3,0.8369037312028582,3866,0.8944313827876231
final,3867,3,0.9488145278493842,3867,0.9643105959700985
final,3868,3,0.9161578788662995,3868,0.8920254209061385
final,3869,3,0.9496272373333894,3869,0.946487898539062
final,3870,3,0.8249215801644524,3870,0.9094478212895447
final,3871,3,0.7127146956844781,3871,0.9645645386483596
final,3872,3,0.9151679541914184,3872,0.9018552471626066
final,3873,3,0.7938831817557761,3873,0.9618785649183161
final,3874,3,0.7291144343621391,3874,0.8935395017467876
final,3875,3,0.97107690941865,3875,0.9350952536267835
final,3876,3,0.8643404228710643,3876,0.9167490756956096
final,3877,3,0.9071991960620722,3877,0.846449616141565
final,3878,3,0.9361976044313367,3878,0.9599149141790391
final,3879,3,0.7776260614743442,3879,0.8804619757776442
final,3880,3,0.8660177545119876,3880,0.9527955554908139
final,3881,3,0.9077132191105135,3881,0.9182847786648685
final,3882,3,0.895770455183541,3882,0.9793728527578809
final,3883,3,0.9214179626384971,3883,0.9106506453115246
final,3884,3,0.9774234938135843,3884,0.859571661986394
final,3885,3,0.8644078186186923,3885,0.8881560462075992
final,3886,3,0.9406983177741047,3886,0.9305278535079735
final,3887,3,0.9845124875142719,3887,0.7919485323200756
final,3888,3,0.7278230307903628,3888,0.7955161051353492
final,3889,3,0.8809163102569713,3889,0.9016763261267025
final,3890,3,0.9410397201820908,3890,0.9518101355750004
final,3891,3,0.7151461241321606,3891,0.9471459903946224
final,3892,3,0.9732726346787828,3892,0.9339842485757719
final,3893,3,0.920425838333145,3893,0.9396711220051492
final,3894,3,0.7394148726367021,3894,0.8694957896581252
final,3895,3,0.9610859725581808,3895,0.8973208961253201
final,3896,3,0.8832705942247654,3896,0.9443296231139541
final,3897,3,0.9243254102818413,3897,0.9269405967140103
final,3898,3,0.8570653668771088,3898,0.895733761260041
final,3899,3,0.8870947064783025,3899,0.9043063856161235
final,3900,3,0.8643470903446862,3900,0.8960293677717934
final,3901,3,0.8998754421619726,3901,0.9807100269498792
final,3902,3,0.8056298702715574,3902,0.9254617303257985
final,3903,3,0.6674210999598176,3903,0.9701071407845396
final,3904,3,0.9230772003843641,3904,0.9193762407938832
final,3905,3,0.769805720454428,3905,0.7953089761694123
final,3906,3,0.9142704439848484,3906,0.9190542961506736
final,3907,3,0.7874244575284636,3907,0.9040805262106938
final,3908,3,0.9675102126478097,3908,0.9318584387898682
final,3909,3,0.9389445513558526,3909,0.9859197477009995
final,3910,3,0.9873353993941122,3910,0.8280807119807241
final,3911,3,0.9054280647381955,3911,0.903533677308989
final,3912,3,0.9106132817604465,3912,0.8800907827470603
final,3913,3,0.9730566623761884,3913,0.9068108324429345
final,3914,3,0.9534576596656974,3914,0.945259760075748
final,3915,3,0.7239977296984721,3915,0.9084154249816689
final,3916,3,0.8756590961479458,3916,0.9233727776729399
final,3917,3,0.9226216035401091,3917,0.8890009398766746
final,3918,3,0.5947197202902893,3918,0.968002618943964
final,3919,3,0.9329194463483803,3919,0.8162409446536891
final,3920,3,0.785066348361442,3920,0.9446236037482174
final,3921,3,0.7696922322312616,3921,0.858926344847291
final,3922,3,0.8305060334644565,3922,0.9675749673560066
final,3923,3,0.8679575336460875,3923,0.8378701768708221
final,3924,3,0.7352016169338201,3924,0.8936991286208416
final,3925,3,0.9733277070835324,3925,0.8132398974161407
final,3926,3,0.9090924102685163,3926,0.7352929494554231
final,3927,3,0.9551732182259034,3927,0.9620252211398276
final,3928,3,0.9857568984547942,3928,0.9538365626938045
final,3929,3,0.7780248110545214,3929,0.8566721650870556
final,3930,3,0.9706623970239612,3930,0.7537127696141317
final,3931,3,0.9466701220121037,3931,0.8543512182915096
final,3932,3,0.8689860126743901,3932,0.8835472450927164
final,3933,3,0.7915801997126712,3933,0.9782429917671929
final,3934,3,0.9157158128591419,3934,0.9643900579544074
final,3935,3,0.9464062413107366,3935,0.9704005459764147
final,3936,3,0.8317738572697676,3936,0.9190744660300008
final,3937,3,0.9870953087795832,3937,0.8955197136537283
final,3938,3,0.7705996712258738,3938,0.8531156728812739
final,3939,3,0.9606492855503663,3939,0.9163662661620431
final,3940,3,0.9634680531000814,3940,0.9451033382477847
final,3941,3,0.9068731435372606,3941,0.919925247182048
final,3942,3,0.8153390458146006,3942,0.8822023326055762
final,3943,3,0.9417342474571715,3943,0.9175675493288593
final,3944,3,0.8136575818615637,3944,0.9421707589084249
final,3945,3,0.8792295959820148,3945,0.959906931103895
final,3946,3,0.90722339800135,3946,0.9495483815044132
final,3947,3,0.5948365595882533,3947,0.947207597332012
final,3948,3,0.8967815331344533,3948,0.9185713593242983
final,3949,3,0.7982720990754062,3949,0.953353333930958
final,3950,3,0.9173537087739339,3950,0.9567640050926
final,3951,3,0.731878652406598,3951,0.9548706008419331
final,3952,3,0.7388784068547607,3952,0.8973756920311183
final,3953,3,0.8124773490743356,3953,0.8827580474273641
final,3954,3,0.8918595055178737,3954,0.8370046220351742
final,3955,3,0.8528830751748995,3955,0.755028037084496
final,3956,3,0.9152246801915664,3956,0.9247541917508015
final,3957,3,0.8743001008465723,3957,0.9378859660602548
final,3958,3,0.7076295294019872,3958,0.9515899852977172
final,3959,3,0.9285989833120156,3959,0.8239771604792218
final,3960,3,0.9371847899823409,3960,0.8806886797624522
final,3961,3,0.8894774249576471,3961,0.7321865203212735
final,3962,3,0.9205814956574958,3962,0.846608986481956
final,3963,3,0.9644870025952578,3963,0.9516827828972303
final,3964,3,0.9699022295168133,3964,0.9504894696959973
final,3965,3,0.7309022326950612,3965,0.8435828607269895
final,3966,3,0.7086314248236997,3966,0.9083958442462671
final,3967,3,0.9486088005787864,3967,0.9440676316094818
final,3968,3,0.7700240346195146,3968,0.8818178625380906
final,3969,3,0.9153127192077672,3969,0.9682869521298179
final,3970,3,0.8864593870815816,3970,0.8582647833495423
final,3971,3,0.8714727559720228,3971,0.9545777350711349
final,3972,3,0.8742071707375492,3972,0.8082638897640539
final,3973,3,0.9562500021814846,3973,0.8926748349155249
final,3974,3,0.9531656867943539,3974,0.9298597761825141
final,3975,3,0.9342069906908503,3975,0.960840361790907
final,3976,3,0.9729059668762792,3976,0.9194832768639382
final,3977,3,0.7536352123327252,3977,0.9592494144147756
final,3978,3,0.8810825991293989,3978,0.9596953585386685
final,3979,3,0.9155050626217336,3979,0.9581252953434879
final,3980,3,0.827713457886585,3980,0.9182707022881935
final,3981,3,0.8556064752650043,3981,0.974753358324827
final,3982,3,0.9477709695686486,3982,0.822419808242956
final,3983,3,0.6957927663307211,3983,0.9719942899540528
final,3984,3,0.8285010113477058,3984,0.9594973916953189
final,3985,3,0.9799454437198662,3985,0.9305697272102877
final,3986,3,0.923818798456886,3986,0.9527923874941747
final,3987,3,0.7416056215681744,3987,0.9216608220378493
final,3988,3,0.9215523360712311,3988,0.9346647077105199
final,3989,3,0.9324928509469941,3989,0.9646065770645078
final,3990,3,0.6491818274284271,3990,0.9588174506876832
final,3991,3,0.813491528587043,3991,0.9171969124154965
final,3992,3,0.8985199699691981,3992,0.8376566396718774
final,3993,3,0.7821270226805056,3993,0.8877219006067253
final,3994,3,0.931550977932182,3994,0.8553932051436639
final,3995,3,0.8951236558061912,3995,0.8122951489891033
final,3996,3,0.8595273598949613,3996,0.8859957243373767
final,3997,3,0.899970549342598,3997,0.9402158900792903
final,3998,3,0.9278571815479453,3998,0.9235024162985078
final,3999,3,0.900291663914087,3999,0.8780696351343659
final,4000,3,0.8098454526075991,4000,0.9277868609746951
final,4001,3,0.9851668913024827,4001,0.9596239209210673
final,4002,3,0.8807587373195946,4002,0.9541724147984318
final,4003,3,0.8495788161276381,4003,0.8972320640971947
final,4004,3,0.7529253718512179,4004,0.9084552946648747
final,4005,3,0.817442623562679,4005,0.9337402712634624
final,4006,3,0.9086893501392829,4006,0.9587102200578385
final,4007,3,0.956031118938645,4007,0.9115323219628206
final,4008,3,0.7871501514778936,4008,0.894564379798745
final,4009,3,0.6307006712831564,4009,0.8949729122465722
final,4010,3,0.9772335493624933,4010,0.8547206034429422
final,4011,3,0.6129772669657482,4011,0.9419443984789847
final,4012,3,0.869456509549871,4012,0.959505812724463
final,4013,3,0.9331271107344946,4013,0.9589821335069921
final,4014,3,0.8343358336155167,4014,0.8848740546818059
final,4015,3,0.8493948358685708,4015,0.9652729399117932
final,4016,3,0.8848941514049777,4016,0.8558816930913481
final,4017,3,0.891737146186963,4017,0.849950674835765
final,4018,3,0.831632208082806,4018,0.9525031408619312
final,4019,3,0.9876629753769128,4019,0.8341205485417855
final,4020,3,0.9510153130129242,4020,0.9427190821247657
final,4021,3,0.9384059476579192,4021,0.9786476514989002
final,4022,3,0.722860437866861,4022,0.9453114837077006
final,4023,3,0.9584021481920859,4023,0.8537929936222638
final,4024,3,0.8306839794734839,4024,0.8700527371738694
final,4025,3,0.7890409460279912,4025,0.9009957860072724
final,4026,3,0.752780643527829,4026,0.9620383429900126
final,4027,3,0.9266284934109663,4027,0.9551405586007703
final,4028,3,0.8989951629250699,4028,0.9070068208215639
final,4029,3,0.7959651369808378,4029,0.9572194107419172
final,4030,3,0.7519550158551946,4030,0.8671702018838778
final,4031,3,0.9640361287534538,4031,0.9672886388979958
final,4032,3,0.8522440319178191,4032,0.9779846832855926
final,4033,3,0.7572931179818722,4033,0.7843066089822013
final,4034,3,0.9126652626169816,4034,0.9370529016902193
final,4035,3,0.7658779248260228,4035,0.8544911110022811
final,4036,3,0.879404193902336,4036,0.9015974400142485
final,4037,3,0.8205035834560535,4037,0.921919034327187
final,4038,3,0.9750617712692493,4038,0.9528205472309103
final,4039,3,0.9443259328121891,4039,0.9517815049763044
final,4040,3,0.9420324021764885,4040,0.9231556130466222
final,4041,3,0.8615119303879593,4041,0.9475112578695816
final,4042,3,0.792486474019855,4042,0.9617401804837822
final,4043,3,0.7411583930205627,4043,0.9338092543766967
final,4044,3,0.900281804706915,4044,0.8794928837778995
final,4045,3,0.7398999347932775,4045,0.8012375747914388
final,4046,3,0.8846383058956353,4046,0.8699450940762898
final,4047,3,0.7128552125730376,4047,0.9684168563764388
final,4048,3,0.7442224814881667,4048,0.8754270779606714
final,4049,3,0.9169505913264563,4049,0.8029800904370736
final,4050,3,0.8630582250658148,4050,0.8368322604124852
final,4051,3,0.7690665691107113,4051,0.9034870557941159
final,4052,3,0.9650104927389931,4052,0.9692279254247845
final,4053,3,0.8450078140325598,4053,0.9458429405859783
final,4054,3,0.9213442137946617,4054,0.9703930763624868
final,4055,3,0.9415586440912993,4055,0.9700066976688115
final,4056,3,0.9512119027312412,4056,0.9219249925721027
final,4057,3,0.810983270756177,4057,0.9635492654727207
final,4058,3,0.8493556284494067,4058,0.909916239791891
final,4059,3,0.9147466702907084,4059,0.8379348637305457
final,4060,3,0.8806793809405451,4060,0.871029918587063
final,4061,3,0.9167055133551847,4061,0.899817690221321
final,4062,3,0.9597208138233183,4062,0.8950928793350845
final,4063,3,0.9508075539079963,4063,0.9080758766736391
final,4064,3,0.8082601971464431,4064,0.9315569544664564
final,4065,3,0.7659677298511096,4065,0.927711936291862
final,4066,3,0.9136923885910802,4066,0.9358858673617847
final,4067,3,0.7637616284597428,4067,0.9482271762164521
final,4068,3,0.7745730060519419,4068,0.8643745451168587
final,4069,3,0.6953374751027783,4069,0.9523970982544478
final,4070,3,0.9145926046393011,4070,0.9398119364451732
final,4071,3,0.8773733761141553,4071,0.935864430162064
final,4072,3,0.9332341906469199,4072,0.8299228394033681
final,4073,3,0.8645006861221574,4073,0.9349387276200862
final,4074,3,0.8758843552211223,4074,0.8655522621798486
final,4075,3,0.7966938551316174,4075,0.9285696247240582
final,4076,3,0.9570403258046344,4076,0.9146056516854728
final,4077,3,0.9500461700540932,4077,0.9842816723397563
final,4078,3,0.8352649944417978,4078,0.9501379079360661
final,4079,3,0.7560588956507064,4079,0.9044264817219034
final,4080,3,0.697481823295391,4080,0.9323242827521362
final,4081,3,0.8819096664428263,4081,0.9222274812110977
final,4082,3,0.866889395491057,4082,0.9137409894435236
final,4083,3,0.8881254814439465,4083,0.9641772714831343
final,4084,3,0.9246622255958441,4084,0.9106351190304303
final,4085,3,0.9039692142080848,4085,0.9526903570424866
final,4086,3,0.8955360529639622,4086,0.8631601522184484
final,4087,3,0.8224989179282327,4087,0.8219490899220949
final,4088,3,0.8684902056298146,4088,0.818031868208059
final,4089,3,0.9629978566433887,4089,0.8880519755730508
final,4090,3,0.9279632059519465,4090,0.927843055739824
final,4091,3,0.9551030801868465,4091,0.8926810801067475
final,4092,3,0.7984737215915204,4092,0.9206841180157511
final,4093,3,0.6643012572928741,4093,0.9654290331088684
final,4094,3,0.9804250065456293,4094,0.8875763736807702
final,4095,3,0.6726076972860323,4095,0.8087822342284061
final,4096,3,0.9307103207650356,4096,0.9222250957514782
final,4097,3,0.7734337691995998,4097,0.9663396955165775
final,4098,3,0.7996248472743557,4098,0.9547915821791428
final,4099,3,0.8668262702459664,4099,0.9255369544872958
final,4100,3,0.8212719276240414,4100,0.9431511161090824
final,4101,3,0.774924732189137,4101,0.9217140525366261
final,4102,3,0.9272171339536243,4102,0.8637904665661467
final,4103,3,0.7372768405428938,4103,0.9052488992715984
final,4104,3,0.9839525672588365,4104,0.8398043485185113
final,4105,3,0.825105122117801,4105,0.7937823428266166
final,4106,3,0.9738300494244346,4106,0.877931233196436
final,4107,3,0.6295284287252856,4107,0.9010003851801907
final,4108,3,0.8693235046358034,4108,0.8094380555734475
final,4109,3,0.8194931677008759,4109,0.9634617135531203
final,4110,3,0.851150138838473,4110,0.877316320497065
final,4111,3,0.7862516626858584,4111,0.8987950419926366
final,4112,3,0.8112117914649015,4112,0.9448737619703064
final,4113,3,0.744873117282802,4113,0.879556985474677
final,4114,3,0.7789117497945064,4114,0.8831710326253726
final,4115,3,0.9023747478548603,4115,0.9208608023659617
final,4116,3,0.9611467189455221,4116,0.9384599083372014
final,4117,3,0.9227486263046728,4117,0.8796739177903135
final,4118,3,0.9468933891149209,4118,0.8905026775720698
final,4119,3,0.957009645732001,4119,0.896886660175936
final,4120,3,0.9768998055209821,4120,0.8968218261148599
final,4121,3,0.7409242127850182,4121,0.9307889351628753
final,4122,3,0.7117865042236127,4122,0.9675582387464856
final,4123,3,0.7654286626724598,4123,0.9482847964690864
final,4124,3,0.9660164374709177,4124,0.9723625425817606
final,4125,3,0.761971238013597,4125,0.9037386579441199
final,4126,3,0.9815904537924369,4126,0.9296739546787104
final,4127,3,0.7106981813019846,4127,0.8548878156781083
final,4128,3,0.9283990397174954,4128,0.9141582055159526
final,4129,3,0.7751108067973982,4129,0.9227670552249934
final,4130,3,0.9040737758332168,4130,0.9358502559154942
final,4131,3,0.8976971172407097,4131,0.968626448825255
final,4132,3,0.8748800463067992,4132,0.9466387368564355
final,4133,3,0.6818627395575599,4133,0.8751043657257525
final,4134,3,0.8659935959104842,4134,0.9295205863608547
final,4135,3,0.7056204020818153,4135,0.9395895004917776
final,4136,3,0.9300436586943165,4136,0.9346442554420773
final,4137,3,0.9273669010338491,4137,0.8696995536483177
final,4138,3,0.8579890208317625,4138,0.8541590009282362
final,4139,3,0.9460078130930993,4139,0.8790361305355484
final,4140,3,0.8229306009744224,4140,0.9488274594096124
final,4141,3,0.9523962791132549,4141,0.7977687897817837
final,4142,3,0.9494989046602438,4142,0.9256899807709554
final,4143,3,0.828612109527191,4143,0.889269724349162
final,4144,3,0.8799400867329354,4144,0.9615048509417052
final,4145,3,0.8452138377183283,4145,0.8932501334156853
final,4146,3,0.9845790551626394,4146,0.7888163683221046
final,4147,3,0.7418421626427035,4147,0.8464290390107101
final,4148,3,0.8616429356373303,4148,0.7486289101026271
final,4149,3,0.807416746642863,4149,0.8651941682052606
final,4150,3,0.8640695440609767,4150,0.8454705260681834
final,4151,3,0.9677866864828576,4151,0.8927816919473521
final,4152,3,0.9807009430253357,4152,0.9838036951211668
final,4153,3,0.8623650144019473,4153,0.9108254480727851
final,4154,3,0.7858187185603009,4154,0.9326029103528788
final,4155,3,0.9375654946674993,4155,0.9033298931555854
final,4156,3,0.7060889959663468,4156,0.8925033920246122
final,4157,3,0.9292622120054443,4157,0.7825074286862994
final,4158,3,0.7648959100187462,4158,0.8561831129601041
final,4159,3,0.8834374682526183,4159,0.9070192853012122
final,4160,3,0.6319928008125257,4160,0.9388196504654329
final,4161,3,0.9192666592596817,4161,0.8283018014543311
final,4162,3,0.7421688951908303,4162,0.9666759478216076
final,4163,3,0.9191445904127549,4163,0.8841491922551079
final,4164,3,0.8181626176080166,4164,0.7674713220501101
final,4165,3,0.8355723379557999,4165,0.852385041766254
final,4166,3,0.7474454692994359,4166,0.8585867618242251
final,4167,3,0.8095767570131513,4167,0.946598731228011
final,4168,3,0.977307270087905,4168,0.768163337151319
final,4169,3,0.84012362797249,4169,0.8596844803907353
final,4170,3,0.9628919277635266,4170,0.8765364553756195
final,4171,3,0.9000356016442099,4171,0.9797198186689553
final,4172,3,0.8202468697758514,4172,0.9399046781238825
final,4173,3,0.9010476267369402,4173,0.8678826029272813
final,4174,3,0.7914312026116199,4174,0.9190933028271701
final,4175,3,0.869961634331438,4175,0.9042419597228155
final,4176,3,0.8509917613252028,4176,0.8925607713890693
final,4177,3,0.7515187568846573,4177,0.9370600304803438
final,4178,3,0.8131168741056264,4178,0.9457467901873254
final,4179,3,0.9727330081541821,4179,0.9551762114028866
final,4180,3,0.9001583155404441,4180,0.9664904884531131
final,4181,3,0.763068363370941,4181,0.9532924977077087
final,4182,3,0.8768704620808931,4182,0.8802085217643234
final,4183,3,0.9293647266342054,4183,0.9653780479386906
final,4184,3,0.7591636203007962,4184,0.9416942343486606
final,4185,3,0.8529918624988426,4185,0.8694810958598999
final,4186,3,0.8964281213171164,4186,0.9189405169750345
final,4187,3,0.8930612876421151,4187,0.8764827814165761
final,4188,3,0.97800874138395,4188,0.8911092770065506
final,4189,3,0.8136002057436384,4189,0.9061700199687968
final,4190,3,0.8164906287848754,4190,0.8724492569333986
final,4191,3,0.9276989730242184,4191,0.9040544139671438
final,4192,3,0.6884762559037775,4192,0.9205986999567854
final,4193,3,0.918285252802745,4193,0.8731498551444766
final,4194,3,0.8994591876753146,4194,0.8869225709343245
final,4195,3,0.9279470106107446,4195,0.9069093258039876
final,4196,3,0.7298080309056906,4196,0.9331078087920793
final,4197,3,0.8297295191172647,4197,0.9099700793903169
final,4198,3,0.8543507965398627,4198,0.943837692686676
final,4199,3,0.9634117109701961,4199,0.9034837182161795
final,4200,3,0.856864139447403,4200,0.8383401526706127
